Date,Symbol,Open,High,Low,Close,Volume
2025-12-26,20MICRONS,200.99,237.4,196.61,217.45,10636004.0
2025-12-26,21STCENMGM,52.74,52.74,52.74,52.74,873.0
2025-12-26,360ONE,1191.5,1207.1,1172.6,1178.5,204805.0
2025-12-26,3IINFOLTD,16.88,16.98,16.69,16.79,253765.0
2025-12-26,3MINDIA,34780.0,34910.0,34490.0,34535.0,1418.0
2025-12-26,3PLAND,37.03,37.5,37.03,37.47,1872.0
2025-12-26,5PAISA,340.85,346.7,334.0,338.55,128277.0
2025-12-26,63MOONS,745.2,762.0,729.0,733.45,98884.0
2025-12-26,A2ZINFRA,17.25,18.0,17.25,17.58,306885.0
2025-12-26,AADHARHFC,483.2,491.05,483.2,484.95,264547.0
2025-12-26,AAKASH,8.68,8.84,8.65,8.67,58493.0
2025-12-26,AAREYDRUGS,71.99,72.39,70.19,70.57,67355.0
2025-12-26,AARON,178.53,182.09,176.04,176.27,10391.0
2025-12-26,AARTECH,50.82,51.99,48.1,49.44,54842.0
2025-12-26,AARTIDRUGS,420.05,421.75,414.15,415.2,119755.0
2025-12-26,AARTIIND,377.85,382.8,375.75,376.0,251619.0
2025-12-26,AARTIPHARM,759.0,759.8,740.6,742.55,78371.0
2025-12-26,AARTISURF,400.55,400.55,391.6,392.05,6356.0
2025-12-26,AARVI,127.07,130.78,127.07,127.82,11990.0
2025-12-26,AAVAS,1520.0,1520.0,1475.3,1480.4,90299.0
2025-12-26,ABB,5215.0,5244.5,5164.5,5186.0,47696.0
2025-12-26,ABBOTINDIA,28515.0,28990.0,28425.0,28910.0,3406.0
2025-12-26,ABCAPITAL,348.2,349.95,344.0,348.5,3014928.0
2025-12-26,ABDL,618.0,619.3,610.2,612.7,202675.0
2025-12-26,ABFRL,77.92,77.93,76.58,76.77,7212633.0
2025-12-26,ABINFRA,18.14,18.39,17.8,17.9,132936.0
2025-12-26,ABLBL,123.03,124.99,121.81,123.0,7208352.0
2025-12-26,ABMINTLLTD,43.44,43.44,41.31,42.9,275.0
2025-12-26,ABREL,1704.5,1715.0,1679.0,1680.3,35695.0
2025-12-26,ABSLAMC,774.4,780.0,767.3,771.05,64780.0
2025-12-26,ACC,1744.2,1752.0,1725.0,1736.1,330920.0
2025-12-26,ACCELYA,1309.0,1313.8,1290.1,1306.8,17983.0
2025-12-26,ACCURACY,5.85,6.0,5.72,5.8,59888.0
2025-12-26,ACE,960.6,960.7,948.1,950.55,83259.0
2025-12-26,ACEINTEG,22.27,22.28,21.52,22.24,170.0
2025-12-26,ACI,523.6,543.9,519.0,529.05,189889.0
2025-12-26,ACL,69.72,69.72,66.7,68.65,10013.0
2025-12-26,ACMESOLAR,237.2,238.17,230.85,231.2,871008.0
2025-12-26,ACUTAAS,1662.9,1667.9,1625.0,1650.1,231856.0
2025-12-26,ADANIENSOL,996.1,1020.4,991.1,1014.75,846085.0
2025-12-26,ADANIENT,2229.3,2250.9,2218.0,2230.6,530708.0
2025-12-26,ADANIGREEN,1015.0,1027.0,1011.5,1019.2,747929.0
2025-12-26,ADANIPORTS,1499.6,1501.4,1485.1,1488.3,791107.0
2025-12-26,ADANIPOWER,143.15,144.37,141.9,142.28,6730002.0
2025-12-26,ADFFOODS,206.1,209.23,206.1,207.81,24204.0
2025-12-26,ADL,78.5,81.64,78.3,79.62,6348.0
2025-12-26,ADOR,1020.4,1044.4,1020.4,1036.0,6521.0
2025-12-26,ADROITINFO,10.21,10.31,9.17,10.2,141905.0
2025-12-26,ADSL,156.13,156.32,153.81,154.9,75478.0
2025-12-26,ADVANIHOTR,58.0,58.98,57.99,58.64,63721.0
2025-12-26,ADVENZYMES,309.8,309.8,295.0,296.0,220297.0
2025-12-26,AEGISLOG,725.5,731.0,720.05,721.5,96701.0
2025-12-26,AEGISVOPAK,247.2,248.95,240.9,248.5,498863.0
2025-12-26,AEROENTER,90.75,92.5,89.01,89.5,167396.0
2025-12-26,AEROFLEX,206.0,209.35,201.0,201.22,860250.0
2025-12-26,AERONEU,80.89,80.89,76.22,76.22,14345.0
2025-12-26,AETHER,832.0,851.5,832.0,845.3,86038.0
2025-12-26,AFCONS,387.5,391.25,386.5,390.0,196280.0
2025-12-26,AFFLE,1776.0,1783.7,1748.0,1783.6,101206.0
2025-12-26,AFFORDABLE,211.6,211.6,206.8,208.35,10223.0
2025-12-26,AFIL,6.85,6.85,6.7,6.74,402813.0
2025-12-26,AFSL,201.21,204.5,201.21,201.81,1296.0
2025-12-26,AGARIND,753.7,753.7,728.05,736.7,8750.0
2025-12-26,AGARWALEYE,503.55,509.7,502.85,503.05,32815.0
2025-12-26,AGI,738.0,744.4,733.1,738.1,15137.0
2025-12-26,AGIIL,256.6,257.75,250.0,250.2,286100.0
2025-12-26,AGROPHOS,39.99,40.0,39.01,39.11,18595.0
2025-12-26,AHLADA,51.29,51.29,50.03,50.88,3689.0
2025-12-26,AHLEAST,132.2,135.0,132.2,132.9,2883.0
2025-12-26,AHLUCONT,974.0,1012.55,972.25,1005.8,101383.0
2025-12-26,AIAENG,3941.9,3954.3,3878.5,3890.6,28998.0
2025-12-26,AIIL,2915.0,2949.9,2870.2,2876.0,38745.0
2025-12-26,AIRAN,18.53,18.56,18.03,18.25,45992.0
2025-12-26,AIROLAM,103.55,104.5,101.07,101.08,3382.0
2025-12-26,AJANTPHARM,2732.0,2732.0,2674.3,2681.9,47692.0
2025-12-26,AJAXENGG,595.5,599.55,589.95,591.0,26991.0
2025-12-26,AJMERA,944.5,977.7,942.5,966.5,27944.0
2025-12-26,AJOONI,4.47,4.52,4.38,4.43,172579.0
2025-12-26,AKASH,25.99,25.99,25.32,25.63,2715.0
2025-12-26,AKG,12.66,12.68,12.3,12.57,34246.0
2025-12-26,AKI,7.48,7.48,6.84,6.98,57563.0
2025-12-26,AKSHAR,0.52,0.53,0.52,0.53,613708.0
2025-12-26,AKSHARCHEM,245.3,252.95,241.2,247.3,6960.0
2025-12-26,AKSHOPTFBR,6.55,6.9,6.55,6.56,133442.0
2025-12-26,AKUMS,449.9,449.9,442.05,447.2,106026.0
2025-12-26,AKZOINDIA,3149.0,3152.1,3120.5,3124.4,26422.0
2025-12-26,ALANKIT,11.15,11.2,10.85,10.91,196190.0
2025-12-26,ALBERTDAVD,752.35,754.45,741.2,741.2,1596.0
2025-12-26,ALEMBICLTD,100.4,102.0,100.26,100.9,138334.0
2025-12-26,ALICON,826.2,843.55,826.2,842.7,3634.0
2025-12-26,ALIVUS,911.5,911.5,896.25,909.0,17242.0
2025-12-26,ALKALI,79.8,80.99,78.0,80.0,2379.0
2025-12-26,ALKEM,5539.0,5581.0,5508.0,5543.0,31548.0
2025-12-26,ALKYLAMINE,1605.0,1605.0,1580.0,1580.7,26006.0
2025-12-26,ALLCARGO,10.79,10.84,10.65,10.7,2802629.0
2025-12-26,ALLDIGI,815.0,832.4,815.0,823.1,3154.0
2025-12-26,ALLTIME,266.45,267.95,260.0,261.5,37659.0
2025-12-26,ALMONDZ,17.94,17.94,16.8,16.88,48372.0
2025-12-26,ALOKINDS,16.55,16.55,16.21,16.29,2760096.0
2025-12-26,ALPA,76.01,78.0,76.01,76.4,9350.0
2025-12-26,ALPHAGEO,224.85,230.4,224.85,229.48,4440.0
2025-12-26,AMBER,6689.0,6733.0,6648.0,6668.0,70961.0
2025-12-26,AMBICAAGAR,25.3,25.8,24.77,25.42,1863.0
2025-12-26,AMBIKCO,1269.0,1274.9,1257.2,1271.9,2450.0
2025-12-26,AMBUJACEM,549.9,555.0,548.2,554.95,1696500.0
2025-12-26,AMDIND,47.1,49.98,47.1,48.34,7436.0
2025-12-26,AMJLAND,52.0,52.01,50.05,50.37,19271.0
2025-12-26,AMNPLST,200.0,200.0,192.0,192.05,2663.0
2025-12-26,AMRUTANJAN,674.0,689.9,668.55,683.6,10059.0
2025-12-26,ANANDRATHI,3070.0,3108.9,3012.5,3054.8,292874.0
2025-12-26,ANANTRAJ,565.0,565.0,551.9,552.9,1217984.0
2025-12-26,ANDHRAPAP,67.77,67.77,66.35,66.38,65683.0
2025-12-26,ANDHRSUGAR,76.0,76.0,74.6,74.6,80561.0
2025-12-26,ANGELONE,2521.8,2547.1,2484.7,2496.4,419789.0
2025-12-26,ANIKINDS,53.5,55.0,52.1,52.39,10064.0
2025-12-26,ANMOL,14.0,14.0,13.76,13.82,23932.0
2025-12-26,ANTGRAPHIC,0.98,1.0,0.97,0.98,73896.0
2025-12-26,ANTHEM,666.0,667.9,652.55,653.2,112223.0
2025-12-26,ANUHPHR,77.03,80.9,77.03,80.9,32953.0
2025-12-26,ANUP,2213.8,2234.9,2188.4,2231.5,13276.0
2025-12-26,ANURAS,1329.2,1329.2,1308.6,1321.9,323102.0
2025-12-26,APARINDS,8688.0,8688.0,8592.0,8632.0,28662.0
2025-12-26,APCL,118.55,122.5,118.55,119.89,4791.0
2025-12-26,APCOTEXIND,382.5,382.55,373.0,373.75,10040.0
2025-12-26,APEX,276.15,281.9,273.6,275.6,242218.0
2025-12-26,APLAPOLLO,1858.6,1891.0,1851.4,1885.5,339742.0
2025-12-26,APLLTD,863.2,863.2,852.2,853.5,12534.0
2025-12-26,APOLLO,266.0,275.0,261.2,267.0,6335923.0
2025-12-26,APOLLOHOSP,7182.0,7202.0,7131.5,7150.5,219718.0
2025-12-26,APOLLOPIPE,307.0,307.35,300.0,301.1,34908.0
2025-12-26,APOLLOTYRE,511.7,511.7,504.1,505.65,331560.0
2025-12-26,APOLSINHOT,1225.5,1272.5,1225.2,1230.0,943.0
2025-12-26,APTECHT,96.99,96.99,94.5,94.75,163430.0
2025-12-26,APTUS,283.3,283.5,280.0,280.25,438921.0
2025-12-26,ARCHIDPLY,90.0,91.87,88.51,90.96,13295.0
2025-12-26,ARCHIES,18.54,19.01,18.54,18.64,49002.0
2025-12-26,ARE&M,925.35,927.5,919.1,920.15,139256.0
2025-12-26,ARENTERP,49.0,49.0,46.52,46.52,647.0
2025-12-26,ARFIN,69.5,70.0,68.81,69.53,538474.0
2025-12-26,ARIES,326.0,326.0,314.75,321.4,20579.0
2025-12-26,ARIHANTCAP,93.0,93.99,90.9,91.21,299592.0
2025-12-26,ARIHANTSUP,312.4,333.2,312.4,327.0,137718.0
2025-12-26,ARISINFRA,138.1,138.11,132.52,132.53,226520.0
2025-12-26,ARKADE,137.9,138.36,136.5,136.8,211017.0
2025-12-26,ARMANFIN,1507.5,1527.0,1491.1,1510.8,9765.0
2025-12-26,AROGRANITE,31.5,31.65,30.9,31.05,5168.0
2025-12-26,ARROWGREEN,508.1,536.75,508.1,520.0,17692.0
2025-12-26,ARTEMISMED,276.4,276.4,273.3,275.3,38766.0
2025-12-26,ARTNIRMAN,48.35,50.35,47.15,48.12,447.0
2025-12-26,ARVIND,316.95,316.95,309.25,309.8,219822.0
2025-12-26,ARVINDFASN,516.0,523.0,511.05,516.95,107936.0
2025-12-26,ARVSMART,607.6,607.6,598.05,600.0,17128.0
2025-12-26,ASAHIINDIA,973.0,1002.8,962.8,997.5,97282.0
2025-12-26,ASAHISONG,272.8,285.0,270.0,270.05,10060.0
2025-12-26,ASAL,482.05,491.75,480.2,481.9,12865.0
2025-12-26,ASALCBR,963.1,970.8,957.45,962.7,17969.0
2025-12-26,ASHAPURMIN,884.95,915.35,878.0,892.85,1623301.0
2025-12-26,ASHIANA,294.15,297.55,291.15,293.9,17206.0
2025-12-26,ASHIMASYN,18.59,18.59,18.25,18.4,69241.0
2025-12-26,ASHOKA,172.19,173.39,170.07,170.2,475548.0
2025-12-26,ASHOKAMET,15.25,15.9,15.18,15.26,25448.0
2025-12-26,ASHOKLEY,175.21,175.99,173.27,174.99,4647822.0
2025-12-26,ASIANENE,295.5,297.95,288.05,289.75,20549.0
2025-12-26,ASIANHOTNR,317.4,322.3,313.7,315.25,13285.0
2025-12-26,ASIANPAINT,2785.0,2794.4,2743.0,2746.2,491573.0
2025-12-26,ASIANTILES,77.9,77.95,74.75,76.98,3090834.0
2025-12-26,ASKAUTOLTD,498.0,498.0,482.7,483.6,97168.0
2025-12-26,ASMS,12.5,12.77,12.1,12.3,312380.0
2025-12-26,ASPINWALL,227.5,235.0,227.5,229.94,916.0
2025-12-26,ASTEC,717.0,725.0,711.05,712.05,30919.0
2025-12-26,ASTERDM,597.2,626.3,597.15,620.45,754890.0
2025-12-26,ASTRAL,1393.2,1399.9,1387.4,1390.8,216560.0
2025-12-26,ASTRAMICRO,980.0,993.9,971.9,978.0,439782.0
2025-12-26,ASTRAZEN,9199.0,9199.0,8800.0,8958.0,23827.0
2025-12-26,ASTRON,6.5,6.5,6.08,6.22,31299.0
2025-12-26,ATALREAL,25.54,25.64,25.18,25.32,1490756.0
2025-12-26,ATAM,83.35,84.8,80.3,80.89,11354.0
2025-12-26,ATGL,565.15,585.0,563.0,569.05,794086.0
2025-12-26,ATHERENERG,721.7,727.8,705.0,709.25,1558387.0
2025-12-26,ATL,28.37,28.37,27.31,27.35,136385.0
2025-12-26,ATLASCYCLE,92.29,108.0,90.1,101.6,36764.0
2025-12-26,ATUL,6059.0,6095.0,6010.0,6079.0,8296.0
2025-12-26,ATULAUTO,438.0,441.55,431.4,437.15,65642.0
2025-12-26,AUBANK,974.05,982.0,970.0,974.35,1362803.0
2025-12-26,AURIONPRO,1135.0,1138.0,1095.0,1101.9,80027.0
2025-12-26,AUROPHARMA,1213.7,1220.9,1206.5,1208.5,253930.0
2025-12-26,AURUM,188.24,192.96,184.5,184.51,59993.0
2025-12-26,AUSOMENT,112.51,114.01,111.37,111.67,1460.0
2025-12-26,AUTOAXLES,1844.2,1845.5,1807.2,1808.0,2531.0
2025-12-26,AUTOIND,80.35,82.0,79.5,79.9,77098.0
2025-12-26,AVADHSUGAR,369.45,374.15,367.5,368.5,15505.0
2025-12-26,AVALON,880.9,900.4,867.65,883.45,138951.0
2025-12-26,AVANTEL,162.0,163.6,159.0,159.01,777246.0
2025-12-26,AVANTIFEED,821.3,844.9,815.15,833.95,477483.0
2025-12-26,AVG,175.55,189.0,175.55,180.81,59650.0
2025-12-26,AVL,508.0,511.65,502.0,510.7,57174.0
2025-12-26,AVONMORE,18.8,19.24,18.6,18.61,111624.0
2025-12-26,AVROIND,117.25,124.9,113.0,117.18,16341.0
2025-12-26,AVTNPL,65.5,66.93,65.5,66.52,15093.0
2025-12-26,AWFIS,495.4,496.4,486.2,490.65,138409.0
2025-12-26,AWHCL,521.8,521.8,510.0,510.9,167817.0
2025-12-26,AWL,237.75,237.75,235.5,236.75,902647.0
2025-12-26,AXISBANK,1225.0,1229.9,1222.0,1227.6,1502345.0
2025-12-26,AYMSYNTEX,158.9,165.7,158.72,165.45,14479.0
2025-12-26,AZAD,1653.0,1676.0,1640.0,1645.1,47399.0
2025-12-26,BAGFILMS,6.5,6.5,6.02,6.26,74647.0
2025-12-26,BAIDFIN,11.92,11.93,11.51,11.67,57501.0
2025-12-26,BAJAJ-AUTO,9182.5,9185.5,9060.0,9065.0,98525.0
2025-12-26,BAJAJCON,265.0,268.0,260.65,262.25,238921.0
2025-12-26,BAJAJELEC,486.6,489.9,481.4,482.7,30627.0
2025-12-26,BAJAJFINSV,2035.7,2035.7,2005.4,2020.1,1636585.0
2025-12-26,BAJAJHCARE,424.0,426.0,418.2,419.05,127357.0
2025-12-26,BAJAJHFL,95.16,95.6,94.6,95.15,3201434.0
2025-12-26,BAJAJHIND,18.54,18.79,18.4,18.42,3468422.0
2025-12-26,BAJAJHLDNG,11199.0,11295.0,11150.0,11150.0,13001.0
2025-12-26,BAJAJINDEF,347.0,362.0,342.1,352.0,53318.0
2025-12-26,BAJEL,177.8,194.0,176.31,176.96,3129310.0
2025-12-26,BAJFINANCE,1011.7,1011.7,998.0,999.9,4961910.0
2025-12-26,BALAJEE,41.95,41.95,40.76,41.75,404462.0
2025-12-26,BALAJITELE,117.53,117.53,109.66,111.96,356288.0
2025-12-26,BALAMINES,1128.0,1135.0,1120.0,1124.6,19758.0
2025-12-26,BALAXI,28.73,29.2,27.91,28.39,87759.0
2025-12-26,BALKRISHNA,18.41,18.99,18.26,18.86,24955.0
2025-12-26,BALKRISIND,2300.9,2308.0,2290.0,2292.7,28931.0
2025-12-26,BALMLAWRIE,183.0,186.0,181.35,184.4,99183.0
2025-12-26,BALPHARMA,73.2,73.2,71.54,72.0,8583.0
2025-12-26,BALRAMCHIN,441.0,441.7,437.2,438.45,89253.0
2025-12-26,BALUFORGE,611.55,617.1,597.0,611.45,585856.0
2025-12-26,BANARBEADS,129.8,131.5,127.6,128.35,2929.0
2025-12-26,BANARISUG,3638.3,3638.3,3600.0,3629.0,151.0
2025-12-26,BANCOINDIA,695.0,696.95,689.05,690.85,116926.0
2025-12-26,BANDHANBNK,146.51,146.62,144.49,144.82,3463641.0
2025-12-26,BANG,49.09,50.9,48.0,48.3,21292.0
2025-12-26,BANKA,66.9,66.9,64.0,64.36,5427.0
2025-12-26,BANKBARODA,289.2,291.75,287.5,288.15,3151651.0
2025-12-26,BANKINDIA,140.0,140.68,139.15,139.81,2298221.0
2025-12-26,BANSALWIRE,314.9,315.1,309.55,310.65,62973.0
2025-12-26,BANSWRAS,114.68,114.68,113.8,114.34,2487.0
2025-12-26,BASF,3885.0,3918.2,3862.2,3899.3,13547.0
2025-12-26,BASML,27.96,27.96,26.56,26.8,33647.0
2025-12-26,BATAINDIA,947.0,950.8,944.1,950.0,37297.0
2025-12-26,BAYERCROP,4546.9,4562.0,4390.0,4549.5,21672.0
2025-12-26,BBL,2720.0,2763.9,2700.0,2710.0,12989.0
2025-12-26,BBOX,530.0,571.7,527.0,550.95,1013429.0
2025-12-26,BBTC,1884.0,1884.0,1824.1,1827.5,40040.0
2025-12-26,BBTCL,195.3,195.3,188.03,190.0,1176.0
2025-12-26,BCG,10.52,10.53,10.34,10.41,4450666.0
2025-12-26,BCLIND,32.0,32.34,31.8,32.25,407176.0
2025-12-26,BDL,1490.0,1517.7,1474.0,1478.9,2095023.0
2025-12-26,BEARDSELL,30.6,31.43,29.66,31.36,28204.0
2025-12-26,BECTORFOOD,232.6,239.5,231.1,233.8,314393.0
2025-12-26,BEDMUTHA,114.06,116.0,110.32,115.5,50931.0
2025-12-26,BEL,403.0,407.55,397.15,398.2,12705541.0
2025-12-26,BELLACASA,388.0,388.0,367.95,371.6,4070.0
2025-12-26,BELRISE,173.8,183.44,171.69,179.8,29198383.0
2025-12-26,BEML,1878.0,1926.7,1867.7,1875.0,494107.0
2025-12-26,BEPL,90.69,90.7,89.57,89.75,137196.0
2025-12-26,BERGEPAINT,554.0,558.55,541.5,542.15,307821.0
2025-12-26,BESTAGRO,387.1,395.2,377.3,384.35,129642.0
2025-12-26,BFINVEST,417.4,421.0,414.8,418.55,15166.0
2025-12-26,BHAGCHEM,225.2,237.8,224.5,231.63,448878.0
2025-12-26,BHAGERIA,185.94,185.94,182.0,182.7,27373.0
2025-12-26,BHANDARI,3.99,4.02,3.95,3.96,413090.0
2025-12-26,BHARATFORG,1447.3,1460.0,1441.3,1443.2,464687.0
2025-12-26,BHARATRAS,2330.0,2424.0,2301.0,2314.0,15026.0
2025-12-26,BHARATSE,180.0,181.24,176.1,178.61,32022.0
2025-12-26,BHARATWIRE,182.0,187.39,178.51,178.95,344927.0
2025-12-26,BHARTIARTL,2123.0,2123.0,2101.8,2104.4,1107094.0
2025-12-26,BHARTIHEXA,1792.3,1830.2,1791.2,1830.1,48226.0
2025-12-26,BHEL,278.0,285.6,277.05,281.0,5932947.0
2025-12-26,BIGBLOC,67.95,70.84,67.12,69.99,369005.0
2025-12-26,BIKAJI,735.0,750.9,735.0,750.0,68051.0
2025-12-26,BIL,748.95,749.0,740.65,742.0,338.0
2025-12-26,BIOCON,398.3,401.2,394.05,395.65,1826482.0
2025-12-26,BIOFILCHEM,33.75,33.9,33.03,33.71,5585.0
2025-12-26,BIRLACABLE,135.63,140.95,135.63,138.01,31602.0
2025-12-26,BIRLACORPN,1078.8,1085.0,1056.0,1077.1,62853.0
2025-12-26,BIRLAMONEY,146.7,147.77,142.27,144.1,44678.0
2025-12-26,BIRLANU,1514.0,1524.9,1502.0,1512.9,6492.0
2025-12-26,BLACKBUCK,669.95,678.75,656.7,661.2,307004.0
2025-12-26,BLAL,207.9,212.8,205.92,210.84,48232.0
2025-12-26,BLBLIMITED,13.97,14.19,13.89,13.99,41302.0
2025-12-26,BLISSGVS,174.48,175.78,166.21,166.67,1025355.0
2025-12-26,BLKASHYAP,51.2,51.26,50.01,50.21,233337.0
2025-12-26,BLS,324.85,326.05,319.25,319.7,548382.0
2025-12-26,BLSE,214.0,215.82,206.85,208.14,188756.0
2025-12-26,BLUEDART,5499.0,5499.0,5420.0,5442.5,13317.0
2025-12-26,BLUEJET,538.5,539.65,528.5,529.65,133603.0
2025-12-26,BLUESTARCO,1777.1,1797.2,1759.5,1763.3,53606.0
2025-12-26,BLUESTONE,502.95,507.65,490.25,492.0,117136.0
2025-12-26,BLUSPRING,66.5,69.29,66.5,67.54,102363.0
2025-12-26,BODALCHEM,53.88,54.06,52.85,53.61,99254.0
2025-12-26,BOHRAIND,18.69,18.69,17.23,18.21,28456.0
2025-12-26,BOMDYEING,131.18,132.18,129.74,129.74,337076.0
2025-12-26,BOROLTD,288.2,288.4,283.5,283.95,42387.0
2025-12-26,BORORENEW,544.3,553.0,538.75,547.15,159207.0
2025-12-26,BOROSCI,120.3,120.3,116.81,117.75,34429.0
2025-12-26,BOSCHLTD,36045.0,36340.0,35755.0,35835.0,14561.0
2025-12-26,BPCL,365.45,368.2,361.7,365.95,2823374.0
2025-12-26,BPL,62.39,62.39,59.0,60.52,81061.0
2025-12-26,BRIGADE,878.75,884.0,870.05,879.0,73506.0
2025-12-26,BRIGHOTEL,70.2,70.35,68.5,69.0,600871.0
2025-12-26,BRITANNIA,6006.5,6069.5,6002.0,6032.5,58220.0
2025-12-26,BRNL,22.13,22.6,22.05,22.06,58408.0
2025-12-26,BROOKS,89.99,91.18,88.2,88.47,38844.0
2025-12-26,BSE,2671.4,2689.3,2636.0,2648.0,2620162.0
2025-12-26,BSHSL,115.9,119.4,110.2,111.3,198028.0
2025-12-26,BSL,153.83,157.96,153.82,157.28,12850.0
2025-12-26,BSOFT,450.0,457.5,447.15,449.6,693854.0
2025-12-26,BTML,8.07,8.23,8.05,8.18,48753.0
2025-12-26,BUTTERFLY,658.15,663.9,651.05,661.25,2209.0
2025-12-26,BVCL,44.5,46.84,44.5,46.39,12336.0
2025-12-26,BYKE,53.37,53.37,50.67,51.99,75602.0
2025-12-26,CALSOFT,15.0,15.31,14.72,15.0,61824.0
2025-12-26,CAMLINFINE,153.4,153.4,148.5,148.92,133630.0
2025-12-26,CAMPUS,261.5,262.95,259.95,260.1,126433.0
2025-12-26,CAMS,758.0,762.0,746.7,748.7,663477.0
2025-12-26,CANBK,149.8,150.85,148.96,150.02,11926140.0
2025-12-26,CANFINHOME,945.0,971.5,916.9,929.3,403890.0
2025-12-26,CANTABIL,258.35,258.98,254.01,254.35,60955.0
2025-12-26,CAPACITE,259.05,260.7,255.5,256.15,66357.0
2025-12-26,CAPITALSFB,263.05,265.0,261.0,263.1,27086.0
2025-12-26,CAPLIPOINT,1970.1,1992.1,1901.0,1916.7,120185.0
2025-12-26,CAPTRUST,14.06,14.15,13.36,14.13,240486.0
2025-12-26,CARBORUNIV,848.9,857.95,842.0,846.95,99874.0
2025-12-26,CARERATING,1600.0,1615.0,1580.5,1601.2,25115.0
2025-12-26,CARRARO,551.0,560.85,528.0,530.8,79044.0
2025-12-26,CARTRADE,2790.0,2825.9,2742.1,2757.6,99424.0
2025-12-26,CARYSIL,901.4,901.6,874.0,875.0,46024.0
2025-12-26,CASTROLIND,193.89,198.13,191.35,194.0,16217460.0
2025-12-26,CCHHL,15.89,15.89,15.12,15.15,21358.0
2025-12-26,CCL,954.8,956.4,935.2,942.8,133962.0
2025-12-26,CDSL,1496.0,1506.4,1476.9,1482.4,1122377.0
2025-12-26,CEATLTD,3875.0,3894.7,3825.5,3857.9,51559.0
2025-12-26,CEIGALL,251.75,262.0,249.0,261.0,411711.0
2025-12-26,CELEBRITY,8.9,9.1,8.71,8.84,36537.0
2025-12-26,CELLO,549.45,549.45,539.6,541.45,41539.0
2025-12-26,CENTENKA,444.3,447.95,440.8,446.0,6039.0
2025-12-26,CENTRALBK,37.14,37.2,36.76,36.84,2651091.0
2025-12-26,CENTRUM,28.83,28.83,27.26,28.06,130593.0
2025-12-26,CENTUM,2400.6,2475.0,2393.7,2451.1,17324.0
2025-12-26,CENTURYPLY,832.25,834.9,822.05,828.95,18741.0
2025-12-26,CERA,5260.0,5270.0,5151.0,5191.0,21303.0
2025-12-26,CESC,168.33,168.61,166.51,166.76,664105.0
2025-12-26,CEWATER,451.6,451.6,443.6,450.2,11755.0
2025-12-26,CGCL,179.39,180.32,178.15,178.6,444689.0
2025-12-26,CGPOWER,660.9,666.9,653.2,656.6,627195.0
2025-12-26,CHALET,869.5,875.7,865.0,867.25,55008.0
2025-12-26,CHAMBLFERT,474.65,475.9,466.85,473.25,780333.0
2025-12-26,CHEMBOND,164.98,164.98,162.0,162.0,2045.0
2025-12-26,CHEMBONDCH,162.39,162.39,155.05,155.53,3137.0
2025-12-26,CHEMCON,200.0,202.5,198.03,199.36,16309.0
2025-12-26,CHEMFAB,426.65,436.0,421.5,429.3,10764.0
2025-12-26,CHEMPLASTS,259.3,266.7,258.75,260.55,60951.0
2025-12-26,CHENNPETRO,850.0,851.2,825.35,831.0,720927.0
2025-12-26,CHEVIOT,1092.5,1093.9,1080.0,1085.4,813.0
2025-12-26,CHOICEIN,815.9,826.5,811.35,823.2,478985.0
2025-12-26,CHOLAFIN,1697.8,1712.4,1694.8,1698.2,1164013.0
2025-12-26,CHOLAHLDNG,1902.0,1917.0,1857.0,1859.9,42255.0
2025-12-26,CIEINDIA,396.0,402.25,392.65,393.0,62283.0
2025-12-26,CIFL,38.35,39.12,37.86,38.5,888579.0
2025-12-26,CIGNITITEC,1706.8,1709.0,1637.9,1649.1,105752.0
2025-12-26,CINELINE,95.0,95.75,92.99,93.89,14419.0
2025-12-26,CINEVISTA,15.47,15.47,15.11,15.44,1212.0
2025-12-26,CIPLA,1496.3,1510.9,1494.0,1504.8,917509.0
2025-12-26,CLEAN,898.0,899.6,878.3,879.85,201482.0
2025-12-26,CLEDUCATE,86.99,86.99,84.05,84.9,30780.0
2025-12-26,CLSEL,260.0,261.4,256.55,257.7,26787.0
2025-12-26,CMSINFO,350.75,350.8,344.15,345.0,289061.0
2025-12-26,COALINDIA,403.8,408.4,401.4,401.5,4952120.0
2025-12-26,COCHINSHIP,1651.0,1697.0,1646.0,1650.5,1409153.0
2025-12-26,COFFEEDAY,35.51,36.14,35.11,35.26,247190.0
2025-12-26,COFORGE,1730.0,1744.7,1658.9,1671.9,3809988.0
2025-12-26,COHANCE,536.2,537.4,533.3,537.1,264594.0
2025-12-26,COLPAL,2093.0,2114.9,2086.1,2087.1,167676.0
2025-12-26,COMPUSOFT,16.5,16.64,16.08,16.45,7725.0
2025-12-26,CONCOR,509.05,523.0,507.85,520.7,2315806.0
2025-12-26,CONCORDBIO,1341.7,1345.0,1336.6,1340.0,20414.0
2025-12-26,CONFIPET,36.05,37.59,35.96,36.94,526782.0
2025-12-26,CONSOFINVT,172.98,174.39,166.01,170.43,2849.0
2025-12-26,CONTROLPR,709.3,709.9,687.2,690.0,30569.0
2025-12-26,CORALFINAC,40.91,41.44,40.4,40.51,20865.0
2025-12-26,CORDSCABLE,186.75,188.47,182.62,183.05,22290.0
2025-12-26,COROMANDEL,2400.0,2409.8,2350.0,2350.6,89133.0
2025-12-26,COSMOFIRST,681.6,691.3,667.0,669.0,28767.0
2025-12-26,COUNCODOS,5.61,5.69,5.11,5.22,75442.0
2025-12-26,CPCAP,116.11,117.59,115.25,115.25,2202.0
2025-12-26,CPPLUS,1531.2,1531.2,1500.0,1503.6,41914.0
2025-12-26,CRAFTSMAN,7000.5,7444.0,6941.5,7369.5,102148.0
2025-12-26,CREATIVEYE,7.74,7.99,7.09,7.1,48524.0
2025-12-26,CREDITACC,1303.1,1317.8,1257.1,1258.0,263817.0
2025-12-26,CREST,400.05,400.05,389.05,390.0,7941.0
2025-12-26,CRISIL,4303.0,4316.8,4254.0,4260.0,32532.0
2025-12-26,CRIZAC,286.0,293.85,278.5,290.5,190176.0
2025-12-26,CROMPTON,257.4,259.2,255.75,257.1,1311741.0
2025-12-26,CROWN,136.13,136.69,133.0,133.0,3806.0
2025-12-26,CSBBANK,423.8,436.7,418.85,420.9,395252.0
2025-12-26,CSLFINANCE,317.05,319.0,310.1,316.8,6692.0
2025-12-26,CTE,40.1,41.2,39.45,40.0,12898.0
2025-12-26,CUB,297.9,297.9,290.25,290.85,2230053.0
2025-12-26,CUBEXTUB,96.01,113.0,95.04,112.17,1364838.0
2025-12-26,CUMMINSIND,4400.6,4433.6,4340.0,4343.3,345810.0
2025-12-26,CUPID,474.0,479.5,472.0,479.45,2286542.0
2025-12-26,CYBERMEDIA,17.32,17.91,16.61,17.82,21140.0
2025-12-26,CYIENT,1122.5,1128.5,1115.7,1121.8,626235.0
2025-12-26,CYIENTDLM,426.3,427.95,420.0,422.3,50734.0
2025-12-26,DABUR,490.7,492.95,487.8,487.9,442837.0
2025-12-26,DALBHARAT,2114.2,2169.0,2110.0,2162.9,653897.0
2025-12-26,DALMIASUG,298.8,303.1,297.6,299.5,47359.0
2025-12-26,DAMCAPITAL,215.7,216.12,210.25,210.78,302865.0
2025-12-26,DAMODARIND,31.89,31.89,29.69,30.18,7736.0
2025-12-26,DANGEE,3.79,3.79,3.67,3.67,52828.0
2025-12-26,DATAMATICS,842.75,844.95,824.0,826.15,32029.0
2025-12-26,DATAPATTNS,2664.4,2747.8,2651.0,2673.0,350429.0
2025-12-26,DAVANGERE,3.54,3.72,3.42,3.57,76660155.0
2025-12-26,DBCORP,259.85,268.55,259.0,260.9,120796.0
2025-12-26,DBEIL,120.57,120.66,119.0,120.01,14325.0
2025-12-26,DBL,469.9,491.7,462.4,476.95,1577358.0
2025-12-26,DBOL,76.9,80.35,75.45,79.7,94842.0
2025-12-26,DBREALTY,121.4,122.27,118.5,118.56,994235.0
2025-12-26,DBSTOCKBRO,25.5,25.5,24.8,25.0,2677.0
2025-12-26,DCAL,255.05,257.42,248.37,249.0,80579.0
2025-12-26,DCBBANK,173.6,173.9,168.51,170.42,1969873.0
2025-12-26,DCI,247.3,247.3,243.15,243.5,1150.0
2025-12-26,DCM,95.59,95.59,90.73,92.87,18352.0
2025-12-26,DCMFINSERV,5.46,5.7,5.22,5.4,15679.0
2025-12-26,DCMNVL,127.75,138.5,127.0,137.0,35432.0
2025-12-26,DCMSHRIRAM,1264.8,1277.9,1243.0,1243.0,45245.0
2025-12-26,DCW,60.7,61.92,59.6,59.89,569291.0
2025-12-26,DCXINDIA,201.85,206.9,199.0,199.99,1634521.0
2025-12-26,DDEVPLSTIK,302.5,309.1,301.05,302.6,143572.0
2025-12-26,DECCANCE,762.05,772.8,759.3,764.75,31354.0
2025-12-26,DEEDEV,223.3,223.3,209.61,214.0,75862.0
2025-12-26,DEEPAKFERT,1265.0,1274.8,1245.0,1254.7,120837.0
2025-12-26,DEEPAKNTR,1730.0,1769.9,1720.4,1765.0,229948.0
2025-12-26,DEEPINDS,452.0,452.0,440.0,440.05,60831.0
2025-12-26,DELHIVERY,406.1,409.75,403.8,407.0,524490.0
2025-12-26,DELPHIFX,248.8,248.8,235.22,236.4,19264.0
2025-12-26,DELTACORP,71.1,71.31,70.0,70.18,331365.0
2025-12-26,DELTAMAGNT,68.79,69.89,67.0,69.56,1311.0
2025-12-26,DEN,31.78,32.01,31.53,31.74,192577.0
2025-12-26,DENORA,699.45,709.55,697.55,698.7,1627.0
2025-12-26,DENTA,331.35,342.0,329.55,334.7,229273.0
2025-12-26,DEVIT,39.0,40.76,38.85,39.75,165754.0
2025-12-26,DEVYANI,145.0,145.72,143.58,144.8,1631479.0
2025-12-26,DGCONTENT,32.07,33.32,31.1,33.3,20341.0
2025-12-26,DHAMPURSUG,123.41,124.36,121.6,122.25,125997.0
2025-12-26,DHANBANK,24.8,25.02,24.7,24.92,234931.0
2025-12-26,DHANUKA,1191.2,1227.0,1188.0,1206.5,27986.0
2025-12-26,DHARMAJ,239.95,240.92,237.2,239.79,13721.0
2025-12-26,DHRUV,49.3,49.5,47.2,47.67,7286.0
2025-12-26,DHUNINV,1346.0,1350.2,1290.1,1314.5,888.0
2025-12-26,DIACABS,140.65,142.29,139.55,139.65,660091.0
2025-12-26,DIAMINESQ,258.05,268.0,255.35,258.0,9527.0
2025-12-26,DIAMONDYD,1161.0,1187.8,1161.0,1176.4,23250.0
2025-12-26,DICIND,483.55,498.4,480.05,482.0,1080.0
2025-12-26,DIFFNKG,328.15,331.65,321.7,322.8,27495.0
2025-12-26,DIGIDRIVE,26.09,27.24,25.99,26.02,27539.0
2025-12-26,DIGISPICE,24.5,25.51,24.5,25.16,74405.0
2025-12-26,DIGITIDE,139.81,140.23,136.11,136.55,103625.0
2025-12-26,DIGJAMLMTD,52.5,52.5,50.32,50.36,2055.0
2025-12-26,DISHTV,3.92,3.94,3.85,3.88,3051641.0
2025-12-26,DIVGIITTS,610.0,610.0,598.0,607.6,4355.0
2025-12-26,DIVISLAB,6495.0,6547.0,6402.0,6419.0,240699.0
2025-12-26,DIXON,12700.0,12711.0,12310.0,12331.0,656376.0
2025-12-26,DJML,69.22,69.9,67.8,69.43,53762.0
2025-12-26,DLF,692.85,696.55,689.05,694.75,1034851.0
2025-12-26,DLINKINDIA,420.5,442.0,418.6,434.3,182926.0
2025-12-26,DMART,3805.0,3824.0,3781.2,3790.0,223575.0
2025-12-26,DMCC,258.0,261.85,257.4,257.9,11586.0
2025-12-26,DNAMEDIA,4.25,4.25,3.81,4.03,67879.0
2025-12-26,DODLA,1216.1,1229.4,1215.0,1225.0,30735.0
2025-12-26,DOLATALGO,85.79,87.15,85.37,85.92,122478.0
2025-12-26,DOLLAR,364.0,367.7,359.35,359.9,22572.0
2025-12-26,DOLPHIN,440.0,440.0,407.95,408.0,25721.0
2025-12-26,DOMS,2574.6,2585.0,2545.8,2568.8,13232.0
2025-12-26,DONEAR,93.93,95.0,91.91,94.01,35075.0
2025-12-26,DPABHUSHAN,1491.2,1513.5,1483.4,1486.4,6841.0
2025-12-26,DPSCLTD,10.03,10.09,9.38,9.91,145459.0
2025-12-26,DPWIRES,210.0,214.95,207.05,210.39,7164.0
2025-12-26,DRCSYSTEMS,17.1,17.48,16.36,17.01,40222.0
2025-12-26,DREAMFOLKS,110.05,112.23,110.05,110.58,97192.0
2025-12-26,DREDGECORP,987.9,1017.6,968.4,1009.45,386577.0
2025-12-26,DRREDDY,1265.0,1275.0,1261.1,1269.7,542728.0
2025-12-26,DSSL,960.0,960.0,937.0,941.45,22621.0
2025-12-26,DTIL,161.98,163.98,160.06,160.55,1568.0
2025-12-26,DUCON,3.62,3.69,3.55,3.56,369782.0
2025-12-26,DVL,291.95,291.95,284.05,288.0,5499.0
2025-12-26,DWARKESH,37.2,37.75,37.0,37.3,331552.0
2025-12-26,DYCL,338.8,341.05,336.0,336.45,62917.0
2025-12-26,DYNAMATECH,9731.5,10039.5,9475.0,9580.0,51807.0
2025-12-26,DYNPRO,261.5,270.1,261.5,268.0,6750.0
2025-12-26,E2E,2085.0,2088.5,2045.0,2045.0,28319.0
2025-12-26,EASEMYTRIP,7.56,7.64,7.47,7.47,5111964.0
2025-12-26,EBGNG,317.6,320.0,308.8,315.7,78011.0
2025-12-26,ECLERX,4783.0,4783.0,4670.0,4680.6,19546.0
2025-12-26,ECOSMOBLTY,201.45,206.37,197.8,198.46,259901.0
2025-12-26,EDELWEISS,109.88,110.12,106.99,108.26,3118705.0
2025-12-26,EFCIL,300.0,301.4,296.95,300.2,106814.0
2025-12-26,EICHERMOT,7300.0,7360.0,7274.0,7317.5,138398.0
2025-12-26,EIDPARRY,1061.3,1079.9,1055.8,1069.1,190694.0
2025-12-26,EIEL,205.54,213.8,204.55,206.89,845915.0
2025-12-26,EIFFL,245.4,263.05,244.35,262.65,31717.0
2025-12-26,EIHAHOTELS,358.6,360.35,355.1,357.65,6055.0
2025-12-26,EIHOTEL,363.65,368.4,362.0,367.0,72126.0
2025-12-26,EIMCOELECO,1540.0,1540.0,1516.5,1530.1,6637.0
2025-12-26,EKC,116.0,117.7,115.12,116.71,100039.0
2025-12-26,ELDEHSG,936.05,938.6,909.0,910.5,490.0
2025-12-26,ELECON,484.0,488.85,476.25,479.5,134131.0
2025-12-26,ELECTCAST,76.45,77.13,75.8,75.92,518130.0
2025-12-26,ELECTHERM,879.0,903.6,879.0,891.5,19894.0
2025-12-26,ELGIEQUIP,465.9,467.3,462.3,462.75,151720.0
2025-12-26,ELGIRUBCO,46.05,46.48,44.0,46.0,53620.0
2025-12-26,ELIN,165.5,168.65,165.5,167.0,14871.0
2025-12-26,ELLEN,350.0,350.0,344.15,346.55,51359.0
2025-12-26,EMAMILTD,518.65,519.0,513.0,513.15,207482.0
2025-12-26,EMAMIPAP,86.1,87.87,86.1,87.01,6272.0
2025-12-26,EMAMIREAL,81.4,82.43,80.11,80.4,4700.0
2025-12-26,EMCURE,1416.0,1442.0,1396.3,1419.3,95216.0
2025-12-26,EMIL,104.11,105.07,103.0,103.5,587482.0
2025-12-26,EMMBI,100.0,100.0,98.4,98.83,9352.0
2025-12-26,EMSLIMITED,433.9,436.95,427.85,428.75,145719.0
2025-12-26,EMUDHRA,592.0,604.9,590.0,601.1,37929.0
2025-12-26,ENDURANCE,2583.0,2599.9,2550.0,2551.2,21118.0
2025-12-26,ENGINERSIN,201.4,208.5,200.0,205.5,4567273.0
2025-12-26,ENIL,113.1,119.99,112.5,113.78,73788.0
2025-12-26,ENRIN,2605.0,2644.0,2598.9,2625.3,381752.0
2025-12-26,ENTERO,965.0,970.0,951.5,952.9,42473.0
2025-12-26,EPACK,276.0,285.0,271.7,281.75,851469.0
2025-12-26,EPIGRAL,1318.8,1320.6,1270.1,1276.5,60423.0
2025-12-26,EPL,214.35,214.37,212.0,212.2,243794.0
2025-12-26,EQUITASBNK,61.99,63.43,61.05,62.1,1815719.0
2025-12-26,ERIS,1553.1,1556.4,1512.0,1526.0,47326.0
2025-12-26,ESABINDIA,6192.0,6200.0,6050.0,6067.0,2652.0
2025-12-26,ESAFSFB,26.1,26.27,26.02,26.24,222872.0
2025-12-26,ESCORTS,3728.4,3750.0,3686.6,3700.1,23324.0
2025-12-26,ESSENTIA,1.55,1.57,1.53,1.55,1293297.0
2025-12-26,ESTER,105.25,106.97,105.25,106.22,34079.0
2025-12-26,ETERNAL,281.8,284.65,279.7,282.0,14041891.0
2025-12-26,ETHOSLTD,2996.9,3025.1,2962.1,2998.4,6606.0
2025-12-26,EUREKAFORB,643.15,653.4,634.2,636.35,199831.0
2025-12-26,EUROBOND,180.0,191.45,178.3,180.1,6669.0
2025-12-26,EVEREADY,329.7,331.7,327.25,328.5,35465.0
2025-12-26,EVERESTIND,528.0,538.25,514.0,538.25,13991.0
2025-12-26,EXCEL,1.58,1.6,1.58,1.6,2964562.0
2025-12-26,EXCELINDUS,930.0,950.0,930.0,934.45,3033.0
2025-12-26,EXICOM,117.8,119.69,116.1,117.13,166045.0
2025-12-26,EXIDEIND,365.05,369.75,364.45,365.5,389087.0
2025-12-26,EXPLEOSOL,1004.2,1010.0,993.0,994.0,7710.0
2025-12-26,FACT,876.95,908.5,871.45,887.95,249452.0
2025-12-26,FAIRCHEMOR,703.0,703.0,695.7,699.15,6553.0
2025-12-26,FAZE3Q,450.0,450.0,437.1,437.4,11270.0
2025-12-26,FCL,24.7,26.04,24.39,25.2,7733937.0
2025-12-26,FCSSOFT,1.9,1.91,1.86,1.89,1850233.0
2025-12-26,FDC,411.75,412.0,406.05,407.0,35309.0
2025-12-26,FEDERALBNK,261.7,263.2,260.1,262.15,3599922.0
2025-12-26,FEDFINA,148.9,148.9,146.96,148.05,713383.0
2025-12-26,FIBERWEB,36.89,36.89,35.05,36.49,36666.0
2025-12-26,FIEMIND,2393.7,2409.7,2302.0,2305.5,62388.0
2025-12-26,FILATEX,49.95,50.18,48.9,49.07,773726.0
2025-12-26,FILATFASH,0.37,0.38,0.35,0.36,100074764.0
2025-12-26,FINCABLES,775.0,776.0,765.5,768.15,72855.0
2025-12-26,FINEORG,4182.8,4230.1,4171.2,4201.6,5791.0
2025-12-26,FINOPB,256.0,258.35,251.55,252.25,92918.0
2025-12-26,FINPIPE,169.79,170.66,167.93,169.86,203320.0
2025-12-26,FIRSTCRY,295.0,295.0,284.0,284.7,1779120.0
2025-12-26,FISCHER,43.7,43.7,42.28,42.95,414891.0
2025-12-26,FIVESTAR,560.4,561.85,551.3,553.0,329843.0
2025-12-26,FLAIR,306.7,306.85,300.0,302.0,72257.0
2025-12-26,FLEXITUFF,14.65,14.65,14.06,14.65,1975.0
2025-12-26,FLUOROCHEM,3635.5,3675.0,3594.5,3622.8,164266.0
2025-12-26,FMGOETZE,456.9,456.9,448.0,450.3,21530.0
2025-12-26,FMNL,9.24,9.24,8.8,8.86,46753.0
2025-12-26,FOCUS,78.13,78.13,74.79,75.4,33682.0
2025-12-26,FOODSIN,71.89,71.89,68.66,69.17,43202.0
2025-12-26,FORCEMOT,18385.0,18575.0,18300.0,18458.0,22982.0
2025-12-26,FORTIS,903.0,909.2,896.4,903.7,964929.0
2025-12-26,FOSECOIND,5000.0,5099.5,4949.0,4979.0,1362.0
2025-12-26,FSL,350.05,351.0,342.65,343.0,280495.0
2025-12-26,FUSION,161.15,163.22,160.55,160.74,42309.0
2025-12-26,GABRIEL,1049.9,1064.0,1021.0,1027.0,227037.0
2025-12-26,GAEL,126.5,127.77,125.29,125.8,970982.0
2025-12-26,GAIL,170.99,171.98,170.38,170.98,1690330.0
2025-12-26,GALAPREC,785.0,793.0,776.3,781.0,8813.0
2025-12-26,GALAXYSURF,2070.9,2072.7,2025.3,2052.5,5629.0
2025-12-26,GALLANTT,525.0,526.85,515.8,517.55,80082.0
2025-12-26,GANDHAR,147.31,151.34,146.0,150.5,280218.0
2025-12-26,GANDHITUBE,766.8,767.7,754.55,762.85,1796.0
2025-12-26,GANECOS,874.65,891.85,866.8,873.25,44833.0
2025-12-26,GANESHBE,80.85,81.98,80.5,80.75,93439.0
2025-12-26,GANGAFORGE,3.68,3.84,3.5,3.59,2929908.0
2025-12-26,GANGESSECU,140.01,140.01,135.05,135.05,918.0
2025-12-26,GARFIBRES,689.65,703.9,678.0,698.05,36818.0
2025-12-26,GARUDA,200.99,203.0,197.0,197.47,263019.0
2025-12-26,GATECH,0.56,0.57,0.54,0.55,7068744.0
2025-12-26,GATECHDVR,0.5,0.53,0.5,0.52,805673.0
2025-12-26,GATEWAY,62.34,63.89,60.71,60.94,1305869.0
2025-12-26,GEECEE,332.1,332.1,322.0,322.8,6866.0
2025-12-26,GEEKAYWIRE,32.85,32.85,31.56,32.05,49661.0
2025-12-26,GENCON,45.4,45.4,42.88,43.73,263734.0
2025-12-26,GENESYS,453.8,458.45,436.1,438.85,132205.0
2025-12-26,GENUSPAPER,13.05,13.35,13.05,13.15,51483.0
2025-12-26,GENUSPOWER,304.45,305.7,300.0,300.6,150447.0
2025-12-26,GEOJITFSL,77.6,78.33,76.4,76.55,448221.0
2025-12-26,GESHIP,1112.0,1119.2,1094.0,1096.0,301182.0
2025-12-26,GFLLIMITED,61.0,61.0,58.5,59.27,53958.0
2025-12-26,GHCL,568.25,568.25,561.35,566.0,40957.0
2025-12-26,GHCLTEXTIL,73.0,73.0,71.7,71.93,111640.0
2025-12-26,GICHSGFIN,180.7,184.0,178.5,179.29,195041.0
2025-12-26,GICRE,375.05,379.15,369.8,371.6,479111.0
2025-12-26,GILLANDERS,101.1,102.82,100.1,100.99,4331.0
2025-12-26,GILLETTE,8280.0,8499.0,8229.5,8468.0,59604.0
2025-12-26,GINNIFILA,41.67,42.39,40.01,40.35,140643.0
2025-12-26,GIPCL,155.49,161.39,153.98,158.59,621114.0
2025-12-26,GKWLIMITED,1730.0,1735.0,1713.2,1715.0,885.0
2025-12-26,GLAND,1650.0,1668.5,1636.9,1661.0,88523.0
2025-12-26,GLAXO,2488.0,2488.8,2459.5,2462.7,27835.0
2025-12-26,GLENMARK,2018.0,2025.9,2004.3,2006.0,193196.0
2025-12-26,GLOBALE,12.19,12.39,11.89,12.23,6076.0
2025-12-26,GLOBALVECT,208.11,212.12,199.76,206.33,27356.0
2025-12-26,GLOBE,2.63,2.7,2.59,2.67,310919.0
2025-12-26,GLOBECIVIL,59.99,60.66,59.54,59.67,36923.0
2025-12-26,GLOBUSSPR,989.6,992.7,975.0,977.5,25595.0
2025-12-26,GLOSTERLTD,650.3,650.3,637.0,647.25,1862.0
2025-12-26,GMBREW,1115.9,1200.0,1090.5,1198.0,835742.0
2025-12-26,GMDCLTD,548.5,611.5,544.15,587.8,24178009.0
2025-12-26,GMMPFAUDLR,1071.7,1092.0,1061.8,1084.2,38153.0
2025-12-26,GMRAIRPORT,103.1,104.25,102.27,102.59,6962827.0
2025-12-26,GMRP&UI,111.97,113.54,110.33,110.98,3501189.0
2025-12-26,GNA,317.15,322.6,315.5,317.05,21630.0
2025-12-26,GNFC,490.1,495.05,486.5,488.1,183346.0
2025-12-26,GOACARBON,396.75,396.75,384.75,386.2,31893.0
2025-12-26,GOCLCORP,291.05,294.35,286.8,291.4,32885.0
2025-12-26,GOCOLORS,469.95,489.5,462.6,472.75,161770.0
2025-12-26,GODAVARIB,293.5,293.5,285.0,290.01,127559.0
2025-12-26,GODFRYPHLP,2813.5,2853.9,2801.1,2824.6,96189.0
2025-12-26,GODIGIT,346.0,350.5,341.2,345.55,119064.0
2025-12-26,GODREJAGRO,565.9,567.6,562.0,565.4,72509.0
2025-12-26,GODREJCP,1191.8,1210.0,1189.5,1203.9,480167.0
2025-12-26,GODREJIND,1000.9,1012.4,997.0,1006.7,35572.0
2025-12-26,GODREJPROP,2006.0,2019.4,1995.0,2002.0,354139.0
2025-12-26,GOKEX,780.85,784.7,776.05,781.05,87168.0
2025-12-26,GOKUL,38.9,38.9,38.2,38.55,12180.0
2025-12-26,GOKULAGRO,184.89,186.89,181.71,182.38,194181.0
2025-12-26,GOLDIAM,362.95,366.05,360.2,361.0,195297.0
2025-12-26,GOLDTECH,52.37,52.43,50.0,50.87,18086.0
2025-12-26,GOODLUCK,1057.0,1057.2,1035.0,1038.0,28731.0
2025-12-26,GOPAL,312.05,316.05,305.05,310.65,59783.0
2025-12-26,GOYALALUM,6.73,6.86,6.73,6.75,64087.0
2025-12-26,GPIL,252.5,256.0,250.0,251.88,1545803.0
2025-12-26,GPPL,191.97,191.97,181.82,183.4,1975279.0
2025-12-26,GPTHEALTH,137.75,138.87,136.0,136.12,57525.0
2025-12-26,GPTINFRA,112.4,112.4,109.21,109.85,274123.0
2025-12-26,GRANULES,612.5,621.25,609.4,617.25,447725.0
2025-12-26,GRAPHITE,568.0,587.7,563.85,584.3,773482.0
2025-12-26,GRASIM,2828.0,2840.4,2809.3,2816.6,482593.0
2025-12-26,GRAVITA,1881.0,1910.0,1850.0,1873.0,339672.0
2025-12-26,GREAVESCOT,190.2,192.09,187.68,188.01,622788.0
2025-12-26,GREENLAM,240.95,246.95,240.95,245.25,7989.0
2025-12-26,GREENPANEL,230.7,235.6,227.02,235.0,95324.0
2025-12-26,GREENPLY,264.0,286.7,264.0,267.15,1371455.0
2025-12-26,GREENPOWER,11.97,12.0,11.37,11.51,6569029.0
2025-12-26,GRINDWELL,1581.9,1581.9,1561.5,1566.2,5828.0
2025-12-26,GRINFRA,1025.4,1025.4,1012.0,1014.5,9326.0
2025-12-26,GRMOVER,166.5,169.0,162.05,168.1,2223571.0
2025-12-26,GROBTEA,997.3,1006.4,997.2,1006.4,11.0
2025-12-26,GRPLTD,1700.0,1717.0,1688.1,1694.8,3134.0
2025-12-26,GRSE,2456.9,2529.5,2448.0,2500.0,1325942.0
2025-12-26,GRWRHITECH,3180.0,3211.4,3130.0,3138.0,34350.0
2025-12-26,GSFC,176.0,179.37,176.0,178.15,507824.0
2025-12-26,GSPL,295.9,298.55,293.8,296.65,148214.0
2025-12-26,GSS,16.87,16.87,15.91,15.98,60695.0
2025-12-26,GTECJAINX,24.5,24.53,23.0,24.53,4405.0
2025-12-26,GTL,8.19,8.2,8.01,8.12,141214.0
2025-12-26,GTLINFRA,1.22,1.22,1.19,1.2,44390549.0
2025-12-26,GTPL,100.0,100.79,98.0,99.0,18930.0
2025-12-26,GUFICBIO,340.0,340.8,330.55,332.0,45151.0
2025-12-26,GUJALKALI,509.95,510.45,499.7,502.1,22061.0
2025-12-26,GUJAPOLLO,421.6,426.4,416.15,417.9,3013.0
2025-12-26,GUJGASLTD,392.45,399.25,389.2,393.85,222339.0
2025-12-26,GUJTHEM,440.0,457.8,423.45,439.35,277751.0
2025-12-26,GULFOILLUB,1197.7,1225.7,1183.8,1191.9,56548.0
2025-12-26,GULFPETRO,35.64,35.9,35.28,35.64,31578.0
2025-12-26,GULPOLY,142.7,142.7,139.1,139.6,33434.0
2025-12-26,GVPTECH,9.37,9.56,8.98,9.02,90752.0
2025-12-26,GVT&D,3163.0,3169.8,3053.0,3075.8,218174.0
2025-12-26,HAL,4445.0,4476.0,4403.0,4412.7,638773.0
2025-12-26,HAPPSTMNDS,487.0,487.0,475.65,478.0,298103.0
2025-12-26,HAPPYFORGE,1075.0,1092.5,1075.0,1088.6,22158.0
2025-12-26,HARDWYN,17.5,17.92,17.49,17.65,371835.0
2025-12-26,HARIOMPIPE,352.55,353.3,347.5,348.0,46602.0
2025-12-26,HARRMALAYA,159.0,162.0,156.52,160.0,20545.0
2025-12-26,HARSHA,372.7,379.2,372.7,375.4,14731.0
2025-12-26,HATHWAY,12.5,12.62,12.45,12.56,1022036.0
2025-12-26,HATSUN,990.0,990.9,965.3,971.3,30150.0
2025-12-26,HAVELLS,1430.0,1435.8,1417.6,1418.5,195765.0
2025-12-26,HAVISHA,2.09,2.09,1.85,1.9,44705.0
2025-12-26,HBLENGINE,884.8,914.8,876.25,895.45,2207138.0
2025-12-26,HCC,18.7,19.32,18.49,18.62,52143420.0
2025-12-26,HCG,677.9,678.6,663.8,672.25,146617.0
2025-12-26,HCL-INSYS,13.69,13.77,13.6,13.62,145307.0
2025-12-26,HCLTECH,1668.0,1676.4,1650.5,1663.0,780128.0
2025-12-26,HDBFS,753.0,762.45,745.15,755.6,436872.0
2025-12-26,HDFCAMC,2656.0,2673.9,2642.8,2648.2,347771.0
2025-12-26,HDFCBANK,996.0,997.2,987.7,992.0,8613631.0
2025-12-26,HDFCLIFE,753.0,755.0,745.65,747.65,1497051.0
2025-12-26,HEADSUP,9.06,9.75,8.36,9.2,92770.0
2025-12-26,HECPROJECT,126.43,126.49,121.0,121.72,9821.0
2025-12-26,HEG,550.55,571.0,546.8,558.65,1730355.0
2025-12-26,HEIDELBERG,175.33,175.33,172.1,173.42,68365.0
2025-12-26,HEMIPROP,131.17,143.25,130.56,141.1,2871248.0
2025-12-26,HERANBA,257.0,257.7,247.05,247.8,25462.0
2025-12-26,HERCULES,155.3,161.39,155.3,156.97,18578.0
2025-12-26,HERITGFOOD,458.1,458.15,452.05,452.8,104907.0
2025-12-26,HEROMOTOCO,5698.5,5720.0,5611.0,5636.5,224876.0
2025-12-26,HESTERBIO,1588.7,1597.0,1576.2,1584.0,1241.0
2025-12-26,HEUBACHIND,465.4,488.2,458.55,482.8,13867.0
2025-12-26,HEXATRADEX,160.7,164.58,159.01,161.2,3720.0
2025-12-26,HEXT,748.4,754.2,737.0,750.55,404843.0
2025-12-26,HFCL,64.24,64.94,61.02,61.11,51269073.0
2025-12-26,HGINFRA,788.0,795.9,781.5,782.25,53193.0
2025-12-26,HGS,452.0,455.0,448.0,449.6,5681.0
2025-12-26,HIKAL,238.4,238.7,233.27,234.0,166138.0
2025-12-26,HILINFRA,57.76,58.55,57.2,57.78,131745.0
2025-12-26,HILTON,41.14,42.24,40.55,41.5,151516.0
2025-12-26,HIMATSEIDE,114.9,116.3,114.0,115.35,210814.0
2025-12-26,HINDALCO,865.25,874.6,861.0,874.6,2105193.0
2025-12-26,HINDCOMPOS,438.8,448.0,435.0,441.9,2248.0
2025-12-26,HINDCON,27.9,27.96,27.06,27.11,8842.0
2025-12-26,HINDCOPPER,452.1,480.85,443.25,476.7,89538000.0
2025-12-26,HINDOILEXP,154.0,155.45,153.92,154.61,128445.0
2025-12-26,HINDPETRO,470.7,471.0,465.05,468.1,909314.0
2025-12-26,HINDUNILVR,2282.3,2290.0,2275.0,2285.8,483848.0
2025-12-26,HINDWAREAP,258.95,258.95,250.0,252.05,102352.0
2025-12-26,HINDZINC,645.0,646.5,634.0,637.65,12208510.0
2025-12-26,HIRECT,1461.6,1546.8,1450.6,1518.0,34982.0
2025-12-26,HISARMETAL,161.0,164.89,161.0,161.0,760.0
2025-12-26,HITECH,91.45,93.24,90.0,91.24,1163815.0
2025-12-26,HITECHCORP,177.85,179.9,171.1,174.82,740.0
2025-12-26,HLEGLAS,450.65,451.15,441.4,443.15,32377.0
2025-12-26,HLVLTD,9.85,9.85,9.63,9.72,146903.0
2025-12-26,HMAAGRO,28.99,28.99,28.55,28.56,120901.0
2025-12-26,HMVL,73.0,73.01,69.8,69.8,12736.0
2025-12-26,HNDFDS,509.25,518.0,505.45,517.1,67142.0
2025-12-26,HOMEFIRST,1128.6,1135.8,1111.5,1115.0,96295.0
2025-12-26,HONASA,270.0,279.25,268.0,268.55,206350.0
2025-12-26,HONAUT,33230.0,33375.0,33050.0,33090.0,1641.0
2025-12-26,HONDAPOWER,2336.0,2392.0,2323.0,2323.0,2496.0
2025-12-26,HPAL,43.31,43.58,42.31,42.86,43075.0
2025-12-26,HPIL,136.0,136.0,131.55,134.4,846.0
2025-12-26,HPL,410.0,411.9,397.25,401.9,93956.0
2025-12-26,HSCL,482.9,494.35,481.0,481.05,1009176.0
2025-12-26,HTMEDIA,23.15,23.9,22.87,23.74,70679.0
2025-12-26,HUBTOWN,247.0,248.9,235.8,237.45,448001.0
2025-12-26,HUDCO,215.77,222.44,215.5,221.89,5779774.0
2025-12-26,HUHTAMAKI,209.6,211.5,208.3,208.55,43653.0
2025-12-26,HYUNDAI,2305.0,2324.8,2302.3,2320.3,359376.0
2025-12-26,ICDSLTD,45.0,45.0,43.0,43.5,1157.0
2025-12-26,ICEMAKE,825.0,828.8,814.0,826.0,28121.0
2025-12-26,ICICIBANK,1356.5,1362.0,1348.5,1350.0,2505295.0
2025-12-26,ICICIGI,1959.3,1962.4,1939.6,1950.1,109278.0
2025-12-26,ICICIPRULI,652.0,654.6,645.95,649.7,222350.0
2025-12-26,ICIL,268.5,268.5,264.0,264.45,68744.0
2025-12-26,ICRA,6235.0,6287.5,6151.5,6151.5,1869.0
2025-12-26,IDBI,100.95,102.2,100.35,101.05,5550716.0
2025-12-26,IDEA,12.0,12.09,11.89,11.97,445033015.0
2025-12-26,IDEAFORGE,482.0,488.8,477.8,485.0,458275.0
2025-12-26,IDFCFIRSTB,84.12,85.3,84.05,85.1,19324076.0
2025-12-26,IEX,137.5,137.5,133.29,135.34,12994299.0
2025-12-26,IFBAGRO,1316.4,1431.3,1316.4,1385.0,33652.0
2025-12-26,IFBIND,1653.2,1660.7,1607.8,1609.2,10632.0
2025-12-26,IFCI,52.89,55.1,52.46,53.59,11375209.0
2025-12-26,IFGLEXPOR,204.65,207.85,200.9,204.0,10933.0
2025-12-26,IGARASHI,437.5,445.85,437.4,441.4,23513.0
2025-12-26,IGCL,81.41,83.39,81.41,82.06,43615.0
2025-12-26,IGIL,328.75,337.4,327.4,335.95,801089.0
2025-12-26,IGL,193.97,194.67,192.75,193.5,569950.0
2025-12-26,IGPL,396.95,397.5,388.0,393.3,11472.0
2025-12-26,IIFL,605.8,607.55,595.0,599.5,1443524.0
2025-12-26,IIFLCAPS,331.2,333.0,322.3,325.0,320898.0
2025-12-26,IITL,166.0,166.18,165.21,165.91,9829.0
2025-12-26,IKIO,183.86,183.93,180.45,182.43,35496.0
2025-12-26,IKS,1749.8,1749.8,1721.3,1721.9,55652.0
2025-12-26,IMAGICAA,47.05,47.54,45.1,45.16,756392.0
2025-12-26,IMFA,1421.0,1463.0,1410.8,1421.8,232438.0
2025-12-26,IMPAL,1046.7,1046.7,1035.0,1037.9,1105.0
2025-12-26,INCREDIBLE,40.99,41.0,39.05,39.14,1066.0
2025-12-26,INDBANK,34.8,35.5,34.8,34.8,15269.0
2025-12-26,INDGN,525.9,525.9,513.85,520.7,171884.0
2025-12-26,INDHOTEL,740.1,744.5,736.45,739.15,1456445.0
2025-12-26,INDIACEM,434.15,447.0,433.6,440.55,278354.0
2025-12-26,INDIAGLYCO,1051.0,1051.2,1022.0,1026.0,75936.0
2025-12-26,INDIAMART,2236.0,2244.9,2205.5,2219.1,16964.0
2025-12-26,INDIANB,777.2,781.5,772.1,779.0,646371.0
2025-12-26,INDIANCARD,242.0,242.0,235.15,239.45,5163.0
2025-12-26,INDIANHUME,423.5,425.45,413.55,415.65,19367.0
2025-12-26,INDIASHLTR,817.15,822.05,800.15,810.3,200290.0
2025-12-26,INDIGO,5081.5,5098.0,5031.0,5075.5,520942.0
2025-12-26,INDIGOPNTS,1152.0,1157.4,1123.2,1128.8,27891.0
2025-12-26,INDIQUBE,199.0,205.35,199.0,204.47,23333.0
2025-12-26,INDNIPPON,802.15,825.0,792.65,817.0,46569.0
2025-12-26,INDOAMIN,131.19,132.62,128.4,129.06,48019.0
2025-12-26,INDOBORAX,272.04,274.0,262.1,263.68,42742.0
2025-12-26,INDOCO,234.5,234.6,225.5,226.2,45764.0
2025-12-26,INDOFARM,192.24,197.91,187.06,190.55,350884.0
2025-12-26,INDORAMA,48.91,49.98,48.15,48.38,72658.0
2025-12-26,INDOSTAR,242.0,243.89,237.25,238.39,113890.0
2025-12-26,INDOTECH,1590.4,1590.4,1540.2,1543.2,9825.0
2025-12-26,INDOUS,123.6,123.6,120.5,121.0,18103.0
2025-12-26,INDOWIND,14.54,14.79,14.0,14.22,546401.0
2025-12-26,INDRAMEDCO,459.0,462.35,454.0,455.55,78725.0
2025-12-26,INDSWFTLAB,92.0,93.2,91.25,91.46,87540.0
2025-12-26,INDTERRAIN,35.05,35.06,34.44,34.64,21514.0
2025-12-26,INDUSINDBK,841.05,858.9,837.1,849.05,4112307.0
2025-12-26,INDUSTOWER,423.9,427.55,419.05,419.25,2373740.0
2025-12-26,INFIBEAM,16.39,16.41,16.11,16.13,7762090.0
2025-12-26,INFOBEAN,762.45,790.0,730.25,778.45,242494.0
2025-12-26,INFY,1663.4,1668.8,1651.7,1656.0,1743439.0
2025-12-26,INGERRAND,3393.4,3393.4,3345.3,3375.4,9494.0
2025-12-26,INNOVACAP,710.0,721.45,706.55,710.0,14825.0
2025-12-26,INNOVANA,445.0,450.0,414.75,419.2,11241.0
2025-12-26,INOXGREEN,210.0,214.8,207.96,211.09,847314.0
2025-12-26,INOXINDIA,1108.2,1110.0,1085.0,1090.6,31348.0
2025-12-26,INOXWIND,126.75,128.87,126.0,126.6,3659678.0
2025-12-26,INSECTICID,715.05,715.05,705.0,712.5,12195.0
2025-12-26,INSPIRISYS,88.37,90.75,88.37,90.4,2152.0
2025-12-26,INTELLECT,1011.9,1018.0,989.1,990.9,96025.0
2025-12-26,INTERARCH,2350.1,2381.1,2326.0,2340.0,47981.0
2025-12-26,INTLCONV,94.0,94.0,91.11,91.8,66966.0
2025-12-26,INVENTURE,1.19,1.2,1.18,1.18,944746.0
2025-12-26,IOB,33.81,34.07,33.71,33.97,3792421.0
2025-12-26,IOC,161.1,161.94,159.61,160.4,7023000.0
2025-12-26,IOLCP,83.34,83.35,81.5,81.5,319909.0
2025-12-26,IONEXCHANG,371.0,393.3,368.95,386.4,842198.0
2025-12-26,IPCALAB,1420.4,1446.0,1398.1,1439.4,86714.0
2025-12-26,IPL,174.98,177.4,173.8,174.09,85412.0
2025-12-26,IRB,42.51,42.79,42.11,42.17,3543479.0
2025-12-26,IRCON,170.01,186.44,169.0,179.3,47691639.0
2025-12-26,IRCTC,679.65,712.55,678.8,705.05,6718304.0
2025-12-26,IREDA,137.76,143.3,137.21,140.88,20565506.0
2025-12-26,IRFC,122.14,134.59,121.86,133.55,158781387.0
2025-12-26,IRIS,310.0,310.0,295.6,296.0,22364.0
2025-12-26,IRISDOREME,37.22,38.38,36.66,37.86,427742.0
2025-12-26,IRMENERGY,282.25,295.8,281.4,282.65,151027.0
2025-12-26,ISFT,94.5,94.5,92.0,92.41,6660.0
2025-12-26,ISGEC,925.0,931.0,900.25,902.6,115356.0
2025-12-26,ISHANCH,64.23,64.79,63.1,63.1,5180.0
2025-12-26,ITC,406.5,407.15,403.85,404.05,2841959.0
2025-12-26,ITCHOTELS,195.35,199.29,193.6,198.5,2378740.0
2025-12-26,ITDC,567.0,631.95,565.55,592.65,396128.0
2025-12-26,ITI,314.2,328.0,310.25,315.6,2453666.0
2025-12-26,IVC,8.45,8.54,8.25,8.27,220493.0
2025-12-26,IVP,151.8,151.8,145.01,146.2,4794.0
2025-12-26,IXIGO,262.6,263.7,256.5,257.1,439114.0
2025-12-26,IZMO,831.8,843.7,803.2,809.65,62700.0
2025-12-26,J&KBANK,99.86,99.86,98.45,98.52,1083660.0
2025-12-26,JAGRAN,71.14,71.47,70.62,71.29,48792.0
2025-12-26,JAGSNPHARM,199.2,200.39,196.21,196.92,29389.0
2025-12-26,JAIBALAJI,63.78,65.56,63.07,63.99,1851533.0
2025-12-26,JAICORPLTD,128.05,139.29,127.74,131.96,3338326.0
2025-12-26,JAIPURKURT,29.3,29.88,28.78,29.26,2420.0
2025-12-26,JAMNAAUTO,126.06,128.76,125.36,126.12,1816138.0
2025-12-26,JASH,428.65,440.0,421.0,426.65,114700.0
2025-12-26,JAYAGROGN,204.9,205.79,200.0,201.49,11179.0
2025-12-26,JAYBARMARU,91.51,94.5,90.6,90.91,195918.0
2025-12-26,JAYNECOIND,80.77,81.57,78.51,79.85,5252316.0
2025-12-26,JAYSREETEA,87.0,87.71,85.65,87.1,17570.0
2025-12-26,JBCHEPHARM,1827.5,1827.5,1801.7,1819.7,159450.0
2025-12-26,JBMA,639.95,640.1,621.95,626.95,2342224.0
2025-12-26,JGCHEM,364.0,368.2,353.7,354.55,44789.0
2025-12-26,JHS,10.0,10.0,9.7,9.91,19874.0
2025-12-26,JINDALPHOT,1515.0,1530.0,1500.0,1500.1,4030.0
2025-12-26,JINDALPOLY,487.8,492.1,480.0,483.45,25785.0
2025-12-26,JINDALSAW,167.5,168.39,166.01,166.39,506389.0
2025-12-26,JINDALSTEL,997.9,999.0,985.5,986.1,743615.0
2025-12-26,JINDRILL,577.0,583.2,556.4,558.3,128690.0
2025-12-26,JINDWORLD,29.36,29.39,28.87,29.0,207951.0
2025-12-26,JIOFIN,298.0,299.8,296.15,297.0,3522840.0
2025-12-26,JISLDVREQS,28.96,28.99,28.0,28.99,22341.0
2025-12-26,JISLJALEQS,40.9,42.83,40.59,41.24,3178207.0
2025-12-26,JITFINFRA,283.4,283.4,277.0,281.6,16597.0
2025-12-26,JKCEMENT,5721.5,5739.0,5613.0,5664.0,86051.0
2025-12-26,JKIL,585.9,585.95,572.2,576.7,24293.0
2025-12-26,JKLAKSHMI,794.0,794.5,775.1,775.7,63476.0
2025-12-26,JKPAPER,366.95,367.0,361.8,363.25,102509.0
2025-12-26,JKTYRE,508.6,508.6,497.45,497.9,456083.0
2025-12-26,JLHL,1406.0,1406.0,1385.4,1390.0,5547.0
2025-12-26,JMA,79.0,79.2,76.51,78.2,4509.0
2025-12-26,JMFINANCIL,145.45,146.2,143.6,144.21,2006833.0
2025-12-26,JNKINDIA,228.77,268.0,227.5,249.99,3815485.0
2025-12-26,JOCIL,143.1,145.89,143.1,143.15,457.0
2025-12-26,JPOLYINVST,1051.1,1080.6,1047.4,1064.8,6451.0
2025-12-26,JPPOWER,17.61,17.68,17.28,17.33,25721275.0
2025-12-26,JSFB,417.8,420.5,412.3,413.0,142776.0
2025-12-26,JSL,794.5,799.45,787.35,792.2,154821.0
2025-12-26,JSLL,709.3,712.45,696.75,704.7,118254.0
2025-12-26,JSWCEMENT,119.0,120.4,118.23,119.06,1362828.0
2025-12-26,JSWENERGY,481.9,486.95,477.3,478.95,666647.0
2025-12-26,JSWHL,20245.0,20245.0,19325.0,19400.0,3373.0
2025-12-26,JSWINFRA,288.95,288.95,284.1,284.25,496265.0
2025-12-26,JSWSTEEL,1092.1,1099.7,1082.0,1094.1,1261215.0
2025-12-26,JTEKTINDIA,144.0,144.5,142.0,142.42,64666.0
2025-12-26,JTLIND,59.2,60.39,59.2,59.45,397379.0
2025-12-26,JUBLCPL,2354.9,2439.3,2354.9,2376.7,2722.0
2025-12-26,JUBLFOOD,563.65,565.95,555.0,559.4,2104483.0
2025-12-26,JUBLINGREA,711.0,726.55,709.0,709.7,91875.0
2025-12-26,JUBLPHARMA,1057.1,1077.0,1057.1,1074.9,60166.0
2025-12-26,JUNIPER,257.51,261.1,257.49,258.51,26246.0
2025-12-26,JUSTDIAL,730.65,733.65,711.65,722.55,37046.0
2025-12-26,JWL,340.0,358.0,332.55,347.3,31172505.0
2025-12-26,JYOTHYLAB,280.3,283.5,276.6,282.1,665243.0
2025-12-26,JYOTICNC,991.6,993.6,981.7,982.9,80097.0
2025-12-26,JYOTISTRUC,9.89,9.94,9.13,9.57,8492896.0
2025-12-26,KABRAEXTRU,221.95,225.94,220.5,221.52,8064.0
2025-12-26,KAJARIACER,979.0,984.3,966.8,973.3,487410.0
2025-12-26,KAKATCEM,130.75,130.75,127.85,129.0,2867.0
2025-12-26,KALAMANDIR,153.3,155.45,152.21,154.61,317914.0
2025-12-26,KALPATARU,332.55,347.75,332.0,346.75,105228.0
2025-12-26,KALYANIFRG,614.95,647.9,614.95,633.3,725.0
2025-12-26,KALYANKJIL,485.1,496.3,485.0,491.5,1055631.0
2025-12-26,KAMATHOTEL,238.3,238.51,234.5,234.82,12969.0
2025-12-26,KAMDHENU,23.51,23.75,23.07,23.31,1014677.0
2025-12-26,KAMOPAINTS,6.36,6.36,6.1,6.15,1992023.0
2025-12-26,KANANIIND,1.7,1.71,1.61,1.65,218139.0
2025-12-26,KANORICHEM,77.49,78.39,77.0,77.82,4462.0
2025-12-26,KANPRPLA,186.0,189.7,176.27,180.45,11214.0
2025-12-26,KANSAINER,244.79,245.01,233.25,238.04,809101.0
2025-12-26,KAPSTON,295.0,301.4,292.5,295.5,10963.0
2025-12-26,KARMAENG,51.3,51.3,49.0,49.97,4436.0
2025-12-26,KARURVYSYA,250.1,271.78,249.24,262.85,14418078.0
2025-12-26,KAUSHALYA,909.8,909.8,880.15,880.15,377.0
2025-12-26,KAYA,417.45,417.45,400.35,409.55,4811.0
2025-12-26,KAYNES,4119.5,4166.0,4032.5,4063.5,822188.0
2025-12-26,KCP,178.7,183.38,178.7,182.68,91003.0
2025-12-26,KCPSUGIND,25.81,26.28,25.7,25.95,68118.0
2025-12-26,KDDL,2400.2,2466.0,2385.0,2391.0,10289.0
2025-12-26,KEC,737.1,743.85,730.0,730.6,233299.0
2025-12-26,KECL,99.0,101.5,98.76,99.45,107999.0
2025-12-26,KEEPLEARN,2.45,2.54,2.38,2.4,23491.0
2025-12-26,KEI,4409.0,4452.9,4345.6,4370.3,99493.0
2025-12-26,KELLTONTEC,19.03,19.12,18.65,18.72,1717729.0
2025-12-26,KERNEX,1272.0,1296.8,1242.0,1244.0,150510.0
2025-12-26,KEYFINSERV,316.0,319.8,308.45,310.0,1332.0
2025-12-26,KFINTECH,1090.0,1104.8,1083.2,1099.4,676867.0
2025-12-26,KHADIM,158.9,160.0,154.5,155.5,71783.0
2025-12-26,KHAICHEM,80.4,82.9,79.14,81.0,142261.0
2025-12-26,KHAITANLTD,98.66,101.0,98.66,99.8,1455.0
2025-12-26,KHANDSE,22.0,22.2,20.52,20.66,26110.0
2025-12-26,KICL,4925.0,4952.5,4891.5,4899.0,1040.0
2025-12-26,KILITCH,349.55,349.6,343.15,345.05,4491.0
2025-12-26,KIMS,629.6,634.2,624.2,626.5,228274.0
2025-12-26,KINGFA,4141.4,4174.0,4099.9,4169.2,2555.0
2025-12-26,KIOCL,380.75,405.8,380.75,396.0,808300.0
2025-12-26,KIRIINDUS,594.0,614.0,583.65,603.15,1129778.0
2025-12-26,KIRLOSBROS,1616.0,1647.7,1600.0,1601.8,32493.0
2025-12-26,KIRLOSENG,1263.6,1274.4,1243.3,1273.0,219623.0
2025-12-26,KIRLOSIND,3240.2,3304.6,3240.2,3263.4,1584.0
2025-12-26,KIRLPNU,1024.3,1033.3,1015.9,1030.0,40724.0
2025-12-26,KITEX,183.89,184.29,181.31,183.08,327703.0
2025-12-26,KKCL,480.0,486.7,479.0,486.0,10899.0
2025-12-26,KMEW,1808.1,1899.0,1774.0,1882.4,411467.0
2025-12-26,KMSUGAR,27.0,27.6,27.0,27.54,68515.0
2025-12-26,KNRCON,186.0,186.0,173.77,178.98,16585158.0
2025-12-26,KOHINOOR,28.29,28.93,27.5,28.29,89200.0
2025-12-26,KOKUYOCMLN,91.4,91.4,88.25,88.56,27624.0
2025-12-26,KOLTEPATIL,390.75,394.9,390.3,392.7,12234.0
2025-12-26,KOPRAN,149.15,151.58,146.43,148.16,230616.0
2025-12-26,KOTAKBANK,2162.0,2173.6,2152.9,2164.0,706544.0
2025-12-26,KOTARISUG,27.5,28.38,27.31,27.42,26992.0
2025-12-26,KOTHARIPET,132.56,136.49,131.0,131.07,31233.0
2025-12-26,KOTHARIPRO,74.25,76.68,73.99,74.3,5118.0
2025-12-26,KPEL,351.0,352.05,343.0,344.1,121498.0
2025-12-26,KPIGREEN,429.0,429.0,417.15,417.6,377281.0
2025-12-26,KPIL,1210.0,1213.9,1191.1,1196.7,43396.0
2025-12-26,KPITTECH,1217.3,1236.2,1205.0,1208.4,253504.0
2025-12-26,KPRMILL,940.7,958.9,930.8,942.4,152829.0
2025-12-26,KRBL,400.2,407.5,398.35,405.05,213005.0
2025-12-26,KREBSBIO,69.0,69.77,67.52,67.52,2622.0
2025-12-26,KRIDHANINF,4.07,4.48,4.07,4.2,144553.0
2025-12-26,KRISHANA,535.35,541.3,531.85,539.75,36980.0
2025-12-26,KRISHIVAL,384.95,384.95,356.0,356.9,23969.0
2025-12-26,KRITI,87.0,91.0,84.1,84.15,23843.0
2025-12-26,KRITIKA,7.15,7.33,7.1,7.14,159433.0
2025-12-26,KRITINUT,67.3,68.19,67.0,67.49,11979.0
2025-12-26,KRN,731.0,741.5,727.55,735.1,114806.0
2025-12-26,KRONOX,140.87,142.89,140.21,140.79,19747.0
2025-12-26,KROSS,198.97,203.3,192.45,194.63,479504.0
2025-12-26,KRSNAA,727.05,735.0,726.8,731.4,28210.0
2025-12-26,KRYSTAL,515.0,523.1,504.7,505.0,5523.0
2025-12-26,KSB,772.5,777.15,755.05,758.0,42959.0
2025-12-26,KSCL,979.0,986.5,971.0,980.0,33467.0
2025-12-26,KSHITIJPOL,2.8,2.95,2.42,2.69,310734.0
2025-12-26,KSL,740.0,748.0,724.0,727.0,50198.0
2025-12-26,KSOLVES,294.3,297.0,289.45,290.95,29749.0
2025-12-26,KTKBANK,205.95,205.95,202.08,202.5,1617328.0
2025-12-26,KUANTUM,92.31,94.0,92.15,92.5,24955.0
2025-12-26,LAGNAM,67.15,81.7,67.15,76.25,56059.0
2025-12-26,LAL,9.05,9.59,9.05,9.35,23466.0
2025-12-26,LALPATHLAB,1402.0,1433.9,1387.6,1405.1,220614.0
2025-12-26,LAMBODHARA,121.1,124.98,121.1,123.99,10706.0
2025-12-26,LANDMARK,482.9,484.3,474.2,475.7,38003.0
2025-12-26,LAOPALA,203.8,206.0,202.01,203.98,78005.0
2025-12-26,LASA,9.23,9.4,9.19,9.19,25250.0
2025-12-26,LATENTVIEW,463.75,469.8,460.0,461.85,200764.0
2025-12-26,LAURUSLABS,1086.0,1089.1,1078.9,1084.1,904425.0
2025-12-26,LAXMICOT,19.45,19.45,18.57,18.81,1718.0
2025-12-26,LAXMIDENTL,261.1,264.85,258.0,259.3,51491.0
2025-12-26,LAXMIINDIA,126.0,127.5,125.0,125.39,146785.0
2025-12-26,LEMONTREE,162.86,163.45,161.29,161.42,740883.0
2025-12-26,LEXUS,27.5,27.5,26.06,26.63,2228.0
2025-12-26,LFIC,181.44,183.95,174.35,174.35,698.0
2025-12-26,LGBBROSLTD,1848.0,1848.0,1776.5,1790.1,43841.0
2025-12-26,LGHL,278.1,295.0,277.85,290.0,155286.0
2025-12-26,LIBAS,11.14,11.38,10.9,11.0,21388.0
2025-12-26,LIBERTSHOE,282.4,284.15,275.95,277.2,15626.0
2025-12-26,LICHSGFIN,539.45,541.7,537.75,538.45,813109.0
2025-12-26,LICI,850.1,851.4,844.8,850.45,599486.0
2025-12-26,LIKHITHA,201.0,205.0,194.78,196.59,63180.0
2025-12-26,LINC,113.5,113.94,110.53,111.69,13748.0
2025-12-26,LINCOLN,484.4,484.4,476.0,481.85,6899.0
2025-12-26,LINDEINDIA,5832.0,6000.0,5803.5,5942.0,36262.0
2025-12-26,LLOYDSENGG,56.91,57.25,56.13,56.17,1278832.0
2025-12-26,LLOYDSENT,67.79,68.57,62.35,62.79,5636251.0
2025-12-26,LLOYDSME,1374.4,1384.0,1359.8,1372.9,152871.0
2025-12-26,LMW,14974.0,15050.0,14823.0,14894.0,1005.0
2025-12-26,LODHA,1079.4,1085.0,1069.7,1072.9,438603.0
2025-12-26,LOKESHMACH,166.2,167.95,162.6,166.42,55429.0
2025-12-26,LORDSCHLO,173.5,173.5,169.0,169.0,16204.0
2025-12-26,LOTUSDEV,157.24,158.43,154.51,157.11,445815.0
2025-12-26,LOTUSEYE,128.7,130.0,125.0,128.01,12810.0
2025-12-26,LOVABLE,81.36,82.94,80.13,81.17,7178.0
2025-12-26,LOYALTEX,213.34,213.34,212.27,212.28,277.0
2025-12-26,LPDC,7.05,7.13,6.65,7.04,31879.0
2025-12-26,LT,4052.0,4061.5,4030.2,4045.6,512465.0
2025-12-26,LTF,303.25,304.85,299.7,301.25,3198408.0
2025-12-26,LTFOODS,404.0,405.9,399.0,401.65,249645.0
2025-12-26,LTIM,6160.0,6174.5,6023.0,6037.5,99909.0
2025-12-26,LTTS,4608.0,4643.0,4521.8,4524.3,35677.0
2025-12-26,LUMAXIND,5552.5,5573.0,5445.0,5450.0,7609.0
2025-12-26,LUMAXTECH,1553.0,1561.6,1511.2,1514.0,88030.0
2025-12-26,LUPIN,2107.2,2117.0,2095.7,2115.8,907535.0
2025-12-26,LUXIND,1117.1,1126.2,1110.0,1113.1,14770.0
2025-12-26,LXCHEM,170.7,170.7,167.5,167.5,223076.0
2025-12-26,LYKALABS,76.6,76.6,74.52,74.89,4566.0
2025-12-26,LYPSAGEMS,4.74,5.25,4.74,5.09,134510.0
2025-12-26,M&M,3636.7,3647.0,3614.6,3623.3,750396.0
2025-12-26,M&MFIN,389.65,397.4,387.25,393.6,2767842.0
2025-12-26,MACPOWER,1024.1,1035.3,1011.1,1032.4,6498.0
2025-12-26,MADHAV,42.3,42.95,41.5,41.5,2709.0
2025-12-26,MADHUCON,6.33,6.42,6.16,6.3,8674.0
2025-12-26,MADRASFERT,77.74,79.8,77.63,79.1,160754.0
2025-12-26,MAGADSUGAR,512.0,514.4,508.5,508.8,973.0
2025-12-26,MAGNUM,23.44,23.44,22.55,22.95,15306.0
2025-12-26,MAHABANK,57.25,57.65,56.89,56.93,6654621.0
2025-12-26,MAHAPEXLTD,108.57,108.98,107.0,108.0,9947.0
2025-12-26,MAHEPC,126.0,128.5,126.0,127.65,14780.0
2025-12-26,MAHESHWARI,50.18,50.66,48.16,50.0,4455.0
2025-12-26,MAHLIFE,399.95,400.0,390.8,390.8,76254.0
2025-12-26,MAHLOG,328.65,329.7,322.0,323.7,25753.0
2025-12-26,MAHSCOOTER,14175.0,14175.0,14003.0,14159.0,1934.0
2025-12-26,MAHSEAMLES,552.55,557.7,548.45,553.0,181705.0
2025-12-26,MAITHANALL,976.95,985.6,958.0,976.55,30121.0
2025-12-26,MALLCOM,1177.0,1192.1,1170.0,1174.6,3540.0
2025-12-26,MALUPAPER,35.68,35.95,35.39,35.39,4829.0
2025-12-26,MAMATA,416.9,426.25,412.8,421.15,61588.0
2025-12-26,MANAKCOAT,132.5,134.0,130.0,130.5,71009.0
2025-12-26,MANAKSIA,62.0,63.32,62.0,62.39,5410.0
2025-12-26,MANAKSTEEL,76.95,76.99,73.15,74.23,92598.0
2025-12-26,MANALIPETC,60.75,61.18,60.28,60.28,79964.0
2025-12-26,MANAPPURAM,316.1,318.9,309.95,313.3,5767434.0
2025-12-26,MANBA,141.98,144.31,137.8,140.4,105621.0
2025-12-26,MANCREDIT,173.14,173.14,169.3,170.23,29172.0
2025-12-26,MANGALAM,24.0,24.05,23.24,23.85,52087.0
2025-12-26,MANGLMCEM,768.55,775.2,765.55,769.0,66044.0
2025-12-26,MANINDS,400.65,400.65,391.1,391.35,155931.0
2025-12-26,MANINFRA,129.25,131.86,128.36,128.99,192587.0
2025-12-26,MANKIND,2206.0,2211.4,2171.0,2192.8,236148.0
2025-12-26,MANORAMA,1329.7,1338.1,1310.3,1316.9,55490.0
2025-12-26,MANORG,491.0,498.5,473.9,484.55,6407.0
2025-12-26,MANUGRAPH,15.99,16.5,15.74,16.37,5574.0
2025-12-26,MANYAVAR,580.0,584.95,578.2,578.5,41385.0
2025-12-26,MAPMYINDIA,1692.0,1711.7,1673.0,1682.0,18697.0
2025-12-26,MARALOVER,44.8,45.04,42.56,43.1,39949.0
2025-12-26,MARATHON,504.95,514.7,490.2,505.85,214378.0
2025-12-26,MARICO,735.05,746.5,732.7,742.85,912275.0
2025-12-26,MARINE,212.93,218.94,212.93,215.0,220480.0
2025-12-26,MARKSANS,182.54,182.55,178.51,178.59,377338.0
2025-12-26,MARUTI,16703.0,16703.0,16516.0,16604.0,180948.0
2025-12-26,MASFIN,322.0,323.45,314.3,315.95,64699.0
2025-12-26,MASTEK,2145.8,2194.0,2110.5,2154.4,188669.0
2025-12-26,MASTERTR,119.98,120.45,117.09,118.14,172010.0
2025-12-26,MATRIMONY,531.45,532.45,526.15,527.0,22808.0
2025-12-26,MAWANASUG,84.8,90.0,84.03,89.4,202060.0
2025-12-26,MAXESTATES,450.05,458.15,447.05,456.3,30440.0
2025-12-26,MAXHEALTH,1081.5,1083.3,1068.4,1074.1,1213010.0
2025-12-26,MAXIND,189.19,189.19,185.82,186.17,14109.0
2025-12-26,MAYURUNIQ,493.25,499.0,488.2,498.8,15744.0
2025-12-26,MAZDA,213.2,217.0,210.37,212.59,16251.0
2025-12-26,MAZDOCK,2540.3,2628.7,2526.2,2536.2,2487839.0
2025-12-26,MBAPL,414.0,418.6,410.4,412.45,65862.0
2025-12-26,MBEL,392.0,395.1,380.1,381.1,178387.0
2025-12-26,MBLINFRA,32.25,34.0,32.25,33.72,105143.0
2025-12-26,MCL,59.05,59.05,56.16,59.05,646197.0
2025-12-26,MCLOUD,26.06,26.9,25.0,26.19,1977746.0
2025-12-26,MCX,10887.0,11110.0,10808.0,11036.0,374847.0
2025-12-26,MEDANTA,1197.0,1197.9,1171.5,1176.5,81353.0
2025-12-26,MEDIASSIST,447.35,453.65,444.0,445.1,99841.0
2025-12-26,MEDICAMEQ,384.9,386.1,376.7,377.75,8454.0
2025-12-26,MEDICO,55.77,55.77,52.75,53.0,82508.0
2025-12-26,MEDPLUS,820.0,820.0,805.1,810.95,30711.0
2025-12-26,MENONBE,107.32,107.32,105.62,106.75,8640.0
2025-12-26,METROBRAND,1162.1,1179.5,1125.6,1145.0,26363.0
2025-12-26,METROPOLIS,1887.0,1927.0,1878.0,1920.5,12074.0
2025-12-26,MFML,25.6,26.5,25.0,25.11,3988.0
2025-12-26,MFSL,1678.5,1680.0,1661.9,1672.5,158449.0
2025-12-26,MGEL,14.93,14.97,14.41,14.51,297199.0
2025-12-26,MGL,1136.9,1142.8,1126.1,1137.1,95921.0
2025-12-26,MHLXMIRU,213.84,214.04,205.8,207.52,5313.0
2025-12-26,MHRIL,312.8,313.4,307.0,308.95,47656.0
2025-12-26,MICEL,46.01,46.99,44.95,45.0,565920.0
2025-12-26,MIDHANI,311.95,322.9,309.2,317.85,874201.0
2025-12-26,MINDACORP,587.35,589.75,578.5,578.8,107012.0
2025-12-26,MINDTECK,205.21,208.43,203.01,203.03,22269.0
2025-12-26,MIRCELECTR,26.25,27.75,25.71,27.25,492689.0
2025-12-26,MIRZAINT,37.51,38.89,37.35,37.5,109824.0
2025-12-26,MITCON,67.3,68.99,66.2,68.99,414.0
2025-12-26,MITTAL,1.22,1.23,1.2,1.21,464647.0
2025-12-26,MKPL,6.09,6.2,6.0,6.07,167721.0
2025-12-26,MMFL,366.2,373.5,357.0,357.05,39541.0
2025-12-26,MMP,255.8,255.85,252.0,252.0,13434.0
2025-12-26,MMTC,57.75,65.37,57.25,64.01,69068218.0
2025-12-26,MOBIKWIK,233.96,236.96,231.69,232.42,558979.0
2025-12-26,MODIRUBBER,158.98,167.5,156.5,165.85,695645.0
2025-12-26,MODISONLTD,136.98,149.1,136.98,142.93,114911.0
2025-12-26,MODTHREAD,44.0,45.22,43.27,43.71,5126.0
2025-12-26,MOHITIND,28.25,28.88,28.07,28.7,5052.0
2025-12-26,MOIL,347.8,373.8,346.65,366.2,3736262.0
2025-12-26,MOKSH,15.37,15.37,14.91,15.11,71186.0
2025-12-26,MOL,64.55,66.04,64.1,64.39,624976.0
2025-12-26,MOLDTECH,159.45,159.45,153.0,153.94,55520.0
2025-12-26,MOLDTKPAC,607.55,615.45,600.0,606.25,28534.0
2025-12-26,MONARCH,306.75,309.9,302.95,304.0,127224.0
2025-12-26,MONTECARLO,705.7,707.65,694.15,701.0,24224.0
2025-12-26,MOREPENLAB,41.6,41.84,41.17,41.28,869639.0
2025-12-26,MOSCHIP,209.0,211.46,205.31,205.66,784779.0
2025-12-26,MOTHERSON,119.53,121.14,118.4,119.25,11990829.0
2025-12-26,MOTILALOFS,893.6,893.6,858.95,860.35,694052.0
2025-12-26,MOTISONS,15.53,15.9,15.48,15.54,1932268.0
2025-12-26,MOTOGENFIN,23.5,23.6,22.31,22.81,44413.0
2025-12-26,MPHASIS,2900.0,2913.0,2846.5,2851.0,129490.0
2025-12-26,MPSLTD,2024.9,2035.0,1990.8,1994.5,6838.0
2025-12-26,MRF,152200.0,152295.0,150010.0,150330.0,2577.0
2025-12-26,MRPL,144.57,146.95,144.41,145.0,1324223.0
2025-12-26,MSPL,36.55,36.85,35.4,35.61,1888666.0
2025-12-26,MSTCLTD,490.8,527.4,488.65,510.5,526034.0
2025-12-26,MSUMI,45.28,45.39,45.0,45.09,2776113.0
2025-12-26,MTARTECH,2449.5,2530.9,2385.4,2397.0,278358.0
2025-12-26,MTNL,36.89,37.74,36.55,36.94,1688360.0
2025-12-26,MUFIN,116.0,117.0,111.92,114.0,513313.0
2025-12-26,MUFTI,100.87,101.44,99.12,99.67,55996.0
2025-12-26,MUKANDLTD,132.55,135.98,132.5,132.5,57035.0
2025-12-26,MUKKA,24.1,24.23,24.0,24.01,202480.0
2025-12-26,MUKTAARTS,62.0,66.9,61.02,64.79,14172.0
2025-12-26,MUNJALAU,79.15,83.0,79.15,79.81,220035.0
2025-12-26,MUNJALSHOW,127.0,128.0,123.22,124.83,20165.0
2025-12-26,MURUDCERA,35.0,35.0,34.5,34.53,20231.0
2025-12-26,MUTHOOTCAP,277.75,278.35,273.0,274.6,10639.0
2025-12-26,MUTHOOTFIN,3824.0,3845.0,3792.1,3798.4,197393.0
2025-12-26,MUTHOOTMF,177.0,177.85,173.5,173.64,99371.0
2025-12-26,MVGJL,180.65,189.6,180.65,187.5,59375.0
2025-12-26,NAGAFERT,5.01,5.03,4.92,4.92,202870.0
2025-12-26,NAGREEKEXP,26.3,27.44,26.3,27.02,8289.0
2025-12-26,NAHARCAP,257.0,260.7,255.1,255.1,3002.0
2025-12-26,NAHARINDUS,108.94,110.67,108.02,108.48,6572.0
2025-12-26,NAHARPOLY,240.0,246.9,239.0,239.85,13835.0
2025-12-26,NAHARSPING,196.86,200.0,194.05,194.7,7691.0
2025-12-26,NAM-INDIA,881.3,884.25,866.1,866.55,252185.0
2025-12-26,NATCAPSUQ,177.0,177.0,172.61,174.0,2599.0
2025-12-26,NATCOPHARM,920.7,920.9,906.2,907.6,253826.0
2025-12-26,NATHBIOGEN,161.51,162.49,156.0,156.5,11966.0
2025-12-26,NATIONALUM,298.0,309.2,296.5,307.2,11598033.0
2025-12-26,NAUKRI,1364.5,1374.0,1359.5,1365.9,342979.0
2025-12-26,NAVA,564.2,567.85,552.1,555.25,133751.0
2025-12-26,NAVINFLUOR,5899.0,5916.0,5750.0,5780.0,107525.0
2025-12-26,NAVKARCORP,102.47,104.79,101.0,101.7,221960.0
2025-12-26,NAVKARURB,1.38,1.38,1.38,1.38,181290.0
2025-12-26,NAVNETEDUL,145.0,145.44,143.66,144.0,103861.0
2025-12-26,NAZARA,240.95,244.2,236.05,237.0,1228067.0
2025-12-26,NBCC,116.51,122.5,116.16,121.97,42674832.0
2025-12-26,NBIFIN,2186.1,2245.0,2186.1,2245.0,118.0
2025-12-26,NCC,160.5,162.3,157.58,157.78,2876006.0
2025-12-26,NCLIND,197.69,197.91,195.89,196.5,14302.0
2025-12-26,NDGL,2949.9,2949.9,2800.0,2888.0,185.0
2025-12-26,NDL,3.02,3.04,2.97,2.99,1013128.0
2025-12-26,NDLVENTURE,89.2,90.0,87.5,88.95,3243.0
2025-12-26,NDRAUTO,827.05,827.9,811.05,815.1,6625.0
2025-12-26,NDTV,93.61,104.43,92.0,101.18,7312944.0
2025-12-26,NECCLTD,18.24,18.72,18.24,18.5,28314.0
2025-12-26,NELCAST,105.3,106.29,104.82,105.1,21086.0
2025-12-26,NELCO,746.75,755.9,740.0,745.2,30846.0
2025-12-26,NEOGEN,1099.0,1184.9,1095.0,1154.2,655407.0
2025-12-26,NESCO,1237.4,1242.2,1221.0,1223.1,15599.0
2025-12-26,NESTLEIND,1264.0,1277.0,1251.4,1272.4,1267252.0
2025-12-26,NETWEB,3193.0,3230.0,3140.0,3144.0,207858.0
2025-12-26,NETWORK18,43.85,44.45,43.42,43.98,2781819.0
2025-12-26,NEULANDLAB,15086.0,15318.0,14860.0,14882.0,41160.0
2025-12-26,NEWGEN,850.0,851.45,838.0,839.05,127029.0
2025-12-26,NEXTMEDIA,6.07,6.35,6.02,6.26,12807.0
2025-12-26,NFL,87.01,90.4,86.96,87.63,1259359.0
2025-12-26,NGIL,31.52,32.25,30.61,31.0,2321.0
2025-12-26,NGLFINE,1328.5,1354.0,1280.0,1315.0,1869.0
2025-12-26,NH,1885.0,1886.8,1855.1,1862.0,122795.0
2025-12-26,NHPC,77.42,79.17,77.28,78.34,8594513.0
2025-12-26,NIACL,151.0,157.58,150.14,154.0,1872213.0
2025-12-26,NIBE,1152.0,1152.0,1134.1,1141.6,13576.0
2025-12-26,NIBL,29.01,30.09,28.7,28.97,7575.0
2025-12-26,NIITLTD,94.0,94.89,92.65,92.87,688238.0
2025-12-26,NIITMTS,430.1,443.9,426.1,436.8,66284.0
2025-12-26,NILAINFRA,9.89,9.89,9.71,9.75,229264.0
2025-12-26,NILKAMAL,1407.2,1407.2,1377.0,1390.0,4741.0
2025-12-26,NINSYS,405.15,406.75,393.0,400.15,4788.0
2025-12-26,NIPPOBATRY,420.05,425.5,412.15,414.6,2319.0
2025-12-26,NIRAJ,41.34,42.47,39.7,40.93,172340.0
2025-12-26,NIRAJISPAT,214.64,214.64,203.42,203.42,101.0
2025-12-26,NITCO,93.6,93.79,92.0,92.01,147301.0
2025-12-26,NITINSPIN,319.2,320.0,314.55,317.25,42098.0
2025-12-26,NITIRAJ,191.88,191.88,182.5,184.0,716.0
2025-12-26,NIVABUPA,75.18,75.99,75.18,75.34,258898.0
2025-12-26,NKIND,69.0,69.0,63.5,64.01,781.0
2025-12-26,NLCINDIA,250.0,257.2,247.23,249.9,1669370.0
2025-12-26,NMDC,81.7,83.25,81.37,82.59,24206916.0
2025-12-26,NOCIL,156.0,156.58,155.0,156.01,104037.0
2025-12-26,NOIDATOLL,4.42,4.43,4.28,4.39,76568.0
2025-12-26,NORTHARC,252.75,257.9,250.65,251.9,393051.0
2025-12-26,NOVAAGRI,39.3,39.3,38.75,38.9,53975.0
2025-12-26,NPST,1381.8,1409.9,1348.0,1355.8,10258.0
2025-12-26,NRAIL,493.3,512.5,474.0,475.0,43312.0
2025-12-26,NRBBEARING,282.9,282.9,272.05,273.6,332616.0
2025-12-26,NRL,59.9,59.9,57.14,57.5,25320.0
2025-12-26,NSIL,6612.5,6644.5,6500.0,6541.0,2377.0
2025-12-26,NSLNISP,41.55,42.86,41.3,41.64,3938273.0
2025-12-26,NTPC,322.55,325.75,322.3,324.15,3805815.0
2025-12-26,NTPCGREEN,93.81,93.81,92.81,92.95,3174162.0
2025-12-26,NUCLEUS,923.5,928.45,915.05,919.8,5330.0
2025-12-26,NURECA,284.0,298.95,282.3,286.4,27125.0
2025-12-26,NUVAMA,1520.0,1531.0,1478.0,1495.0,702548.0
2025-12-26,NUVOCO,366.55,376.6,364.8,368.5,409519.0
2025-12-26,NYKAA,258.1,261.4,257.5,259.4,2185466.0
2025-12-26,OAL,298.0,305.0,298.0,301.0,4463.0
2025-12-26,OBCL,55.25,55.29,54.65,55.01,23440.0
2025-12-26,OBEROIRLTY,1671.0,1700.0,1663.6,1681.8,295129.0
2025-12-26,OCCLLTD,102.0,106.29,99.72,99.78,137553.0
2025-12-26,OFSS,7750.0,7800.5,7726.5,7784.0,77824.0
2025-12-26,OIL,409.0,410.35,402.25,402.55,1538459.0
2025-12-26,OILCOUNTUB,64.16,64.95,62.25,62.57,9733.0
2025-12-26,OLAELEC,36.45,37.25,35.86,36.25,84779850.0
2025-12-26,OLECTRA,1253.6,1253.6,1230.8,1233.8,269171.0
2025-12-26,OMAXAUTO,104.48,105.6,100.5,101.78,100670.0
2025-12-26,OMAXE,83.49,88.8,81.0,86.31,3518885.0
2025-12-26,OMINFRAL,98.02,100.0,98.02,98.03,64702.0
2025-12-26,ONEPOINT,58.0,58.59,54.92,57.85,3664045.0
2025-12-26,ONESOURCE,1709.0,1742.5,1700.1,1740.2,47088.0
2025-12-26,ONGC,233.84,235.28,233.05,234.37,3409287.0
2025-12-26,ONMOBILE,59.11,59.19,58.15,58.35,165156.0
2025-12-26,ONWARDTEC,270.1,277.2,270.1,275.0,15000.0
2025-12-26,OPTIEMUS,501.1,509.95,495.15,498.0,76305.0
2025-12-26,ORBTEXP,188.1,198.8,185.98,194.72,17616.0
2025-12-26,ORCHASP,2.81,3.05,2.8,3.0,235844.0
2025-12-26,ORCHPHARMA,775.1,775.1,747.7,765.45,45587.0
2025-12-26,ORIENTALTL,8.38,8.56,8.33,8.45,200647.0
2025-12-26,ORIENTBELL,269.5,269.5,265.55,268.3,2027.0
2025-12-26,ORIENTCEM,171.8,171.8,170.26,171.17,1311360.0
2025-12-26,ORIENTCER,41.39,45.02,40.76,43.4,385990.0
2025-12-26,ORIENTELEC,179.93,180.72,177.3,177.56,55938.0
2025-12-26,ORIENTHOT,103.0,104.8,101.36,102.5,246216.0
2025-12-26,ORIENTLTD,77.4,81.4,77.4,79.0,727.0
2025-12-26,ORIENTPPR,23.2,23.38,22.81,22.86,141070.0
2025-12-26,ORIENTTECH,336.9,338.95,333.0,336.8,104676.0
2025-12-26,ORISSAMINE,4958.8,5285.0,4880.0,5134.8,82156.0
2025-12-26,OSIAHYPER,15.5,15.51,14.57,14.57,1528245.0
2025-12-26,OSWALAGRO,58.55,59.74,56.86,57.38,57169.0
2025-12-26,OSWALGREEN,33.02,33.96,32.65,32.84,302819.0
2025-12-26,OSWALPUMPS,546.0,549.9,541.2,543.65,221595.0
2025-12-26,OSWALSEEDS,20.28,20.28,18.81,19.61,1031714.0
2025-12-26,PAGEIND,36605.0,36750.0,36325.0,36410.0,8854.0
2025-12-26,PAISALO,35.0,35.62,34.5,34.99,2355227.0
2025-12-26,PAKKA,107.1,108.4,106.61,107.81,40191.0
2025-12-26,PALASHSECU,107.1,111.01,106.1,109.7,10873.0
2025-12-26,PALREDTEC,37.01,39.33,37.01,39.3,8518.0
2025-12-26,PANACEABIO,373.0,419.4,366.1,405.0,23791645.0
2025-12-26,PANAMAPET,290.05,291.95,287.0,288.5,8582.0
2025-12-26,PAR,104.99,107.6,104.16,104.17,7526.0
2025-12-26,PARACABLES,38.0,42.43,37.86,38.67,11110699.0
2025-12-26,PARADEEP,160.05,161.6,158.9,158.91,1143839.0
2025-12-26,PARAGMILK,298.75,299.85,289.25,289.5,622000.0
2025-12-26,PARAS,671.1,716.5,668.7,698.85,1427885.0
2025-12-26,PARASPETRO,1.84,1.89,1.84,1.88,72635.0
2025-12-26,PARKHOTELS,135.4,136.97,133.8,134.99,140668.0
2025-12-26,PARSVNATH,11.56,11.56,11.18,11.34,304979.0
2025-12-26,PASHUPATI,820.0,825.0,810.0,813.0,561.0
2025-12-26,PASUPTAC,54.95,55.48,53.66,54.46,63013.0
2025-12-26,PATANJALI,547.5,550.9,544.35,546.3,335147.0
2025-12-26,PATELENG,29.42,30.14,29.28,29.46,7643764.0
2025-12-26,PATINTLOG,14.29,14.29,13.7,13.75,49565.0
2025-12-26,PAVNAIND,24.91,25.23,23.4,23.66,101826.0
2025-12-26,PAYTM,1321.0,1335.5,1310.4,1316.9,952654.0
2025-12-26,PCBL,306.1,309.3,304.1,304.7,432481.0
2025-12-26,PCJEWELLER,9.51,9.55,9.25,9.29,46902838.0
2025-12-26,PDMJEPAPER,95.0,96.26,93.5,93.85,191642.0
2025-12-26,PDSL,368.4,370.55,364.25,366.95,99802.0
2025-12-26,PEARLPOLY,23.52,24.49,23.51,23.95,4768.0
2025-12-26,PENIND,200.0,201.47,198.72,199.1,296934.0
2025-12-26,PENINLAND,26.7,26.89,26.0,26.05,125844.0
2025-12-26,PERSISTENT,6353.0,6399.5,6275.0,6300.5,280300.0
2025-12-26,PETRONET,281.05,283.6,280.0,281.55,769050.0
2025-12-26,PFC,352.3,357.9,350.45,354.75,3778456.0
2025-12-26,PFIZER,5045.0,5070.0,5001.0,5051.2,8172.0
2025-12-26,PFOCUS,243.0,247.74,239.92,244.85,4058898.0
2025-12-26,PFS,33.7,34.25,33.53,33.9,432917.0
2025-12-26,PGEL,578.0,593.35,577.05,581.0,1353887.0
2025-12-26,PGHH,13042.0,13065.0,12902.0,12931.0,1368.0
2025-12-26,PGHL,5612.5,5665.0,5612.5,5645.0,2743.0
2025-12-26,PGIL,1616.0,1616.0,1583.5,1593.1,31725.0
2025-12-26,PHOENIXLTD,1853.4,1871.0,1841.3,1851.3,85269.0
2025-12-26,PICCADIL,564.0,568.75,560.0,560.7,45947.0
2025-12-26,PIDILITIND,1446.6,1464.0,1445.0,1458.4,215171.0
2025-12-26,PIGL,128.0,128.0,122.6,125.0,26058.0
2025-12-26,PIIND,3215.0,3267.5,3203.6,3235.8,132650.0
2025-12-26,PILANIINVS,5152.5,5450.0,5070.0,5310.0,11373.0
2025-12-26,PILITA,10.48,10.87,10.26,10.45,41550.0
2025-12-26,PIONEEREMB,28.96,28.96,28.32,28.52,6440.0
2025-12-26,PITTIENG,836.05,879.0,835.0,842.5,45210.0
2025-12-26,PIXTRANS,1426.1,1450.7,1418.5,1430.0,5182.0
2025-12-26,PKTEA,998.0,998.0,851.0,854.9,8373.0
2025-12-26,PLASTIBLEN,166.97,166.97,163.01,163.56,2768.0
2025-12-26,PLATIND,260.7,262.8,252.0,254.2,111603.0
2025-12-26,PLAZACABLE,42.2,42.2,41.0,41.6,31186.0
2025-12-26,PNB,120.77,120.98,119.45,120.3,7986728.0
2025-12-26,PNBGILTS,81.52,81.81,81.05,81.09,71859.0
2025-12-26,PNBHOUSING,969.45,970.85,941.5,943.4,985773.0
2025-12-26,PNC,27.5,28.15,27.0,27.25,14286.0
2025-12-26,PNCINFRA,253.51,254.66,251.3,251.31,174251.0
2025-12-26,PNGJL,617.45,621.95,609.45,616.25,92546.0
2025-12-26,POCL,1414.6,1466.5,1400.8,1450.0,413885.0
2025-12-26,PODDARMENT,262.65,277.7,262.0,262.0,4447.0
2025-12-26,POKARNA,838.0,847.05,821.05,824.25,81846.0
2025-12-26,POLICYBZR,1916.3,1934.3,1903.7,1911.3,252109.0
2025-12-26,POLYCAB,7610.0,7672.5,7551.0,7581.5,85833.0
2025-12-26,POLYMED,1780.1,1780.1,1739.9,1754.3,120143.0
2025-12-26,POLYPLEX,815.5,816.45,807.0,810.15,19808.0
2025-12-26,PONNIERODE,266.0,268.35,265.6,265.8,9902.0
2025-12-26,POONAWALLA,469.95,477.3,466.0,473.65,819877.0
2025-12-26,POWERGRID,268.0,269.3,264.85,265.45,5292212.0
2025-12-26,POWERINDIA,18475.0,18595.0,18085.0,18370.0,53605.0
2025-12-26,POWERMECH,2347.0,2375.2,2334.2,2341.7,21250.0
2025-12-26,PPAP,213.0,217.23,208.25,210.0,9564.0
2025-12-26,PPL,243.62,245.31,240.19,241.3,41739.0
2025-12-26,PPLPHARMA,177.31,177.4,173.85,174.3,1432175.0
2025-12-26,PRABHA,188.1,192.4,186.26,187.07,32273.0
2025-12-26,PRAJIND,335.9,337.5,331.85,333.05,358781.0
2025-12-26,PRAKASH,137.4,138.65,135.18,136.63,874689.0
2025-12-26,PRAKASHSTL,4.19,5.0,4.19,5.0,2075357.0
2025-12-26,PRAXIS,9.29,9.4,9.03,9.3,72103.0
2025-12-26,PRECAM,162.11,165.66,162.11,163.6,116107.0
2025-12-26,PRECOT,431.0,434.7,421.85,421.95,288.0
2025-12-26,PRECWIRE,235.0,240.8,233.3,236.75,243797.0
2025-12-26,PREMEXPLN,520.0,543.0,516.25,522.7,379661.0
2025-12-26,PREMIERENE,890.0,896.4,875.0,876.9,504845.0
2025-12-26,PREMIERPOL,40.7,41.41,40.0,40.02,57200.0
2025-12-26,PRESTIGE,1602.9,1649.9,1592.3,1614.1,1385782.0
2025-12-26,PRICOLLTD,631.95,634.8,621.3,621.85,212991.0
2025-12-26,PRIMESECU,288.05,289.8,280.55,281.7,74313.0
2025-12-26,PRIMO,23.82,24.29,23.35,24.15,111371.0
2025-12-26,PRINCEPIPE,251.5,253.0,248.8,252.4,92474.0
2025-12-26,PRITI,58.2,61.59,58.2,59.86,18051.0
2025-12-26,PRITIKAUTO,13.4,15.03,13.17,13.68,1042693.0
2025-12-26,PRIVISCL,3379.0,3379.0,3258.0,3268.6,43157.0
2025-12-26,PROSTARM,180.9,181.98,175.36,176.5,434193.0
2025-12-26,PROTEAN,776.45,780.85,770.1,772.9,76693.0
2025-12-26,PRSMJOHNSN,143.49,144.36,136.96,138.15,680262.0
2025-12-26,PRUDENT,2604.4,2604.4,2550.0,2589.0,12043.0
2025-12-26,PRUDMOULI,22.49,22.49,21.8,22.34,5605.0
2025-12-26,PSB,27.0,27.04,26.63,26.83,661923.0
2025-12-26,PSPPROJECT,873.95,881.65,851.3,861.6,53414.0
2025-12-26,PTC,158.33,162.15,157.13,160.82,920288.0
2025-12-26,PTCIL,18300.0,18799.0,17987.0,18750.0,10989.0
2025-12-26,PTL,40.09,40.49,39.55,39.75,46118.0
2025-12-26,PUNJABCHEM,1227.9,1236.5,1177.0,1196.0,8048.0
2025-12-26,PURVA,249.74,250.78,244.0,247.0,266092.0
2025-12-26,PVRINOX,1030.0,1031.9,1000.0,1000.9,409160.0
2025-12-26,PVSL,117.1,118.07,115.69,116.95,23906.0
2025-12-26,PYRAMID,166.9,167.0,164.23,165.38,8148.0
2025-12-26,QPOWER,730.0,764.0,721.4,741.05,604623.0
2025-12-26,QUADFUTURE,345.0,352.0,335.4,336.65,2373625.0
2025-12-26,QUESS,217.1,217.35,212.1,212.1,126363.0
2025-12-26,QUICKHEAL,273.6,284.4,272.0,274.6,57929.0
2025-12-26,RACE,144.02,149.68,140.65,141.5,24469.0
2025-12-26,RACLGEAR,1079.0,1185.0,1069.2,1183.4,226121.0
2025-12-26,RADAAN,3.61,3.66,3.56,3.65,17230.0
2025-12-26,RADHIKAJWE,79.0,79.51,76.75,76.94,232296.0
2025-12-26,RADIANTCMS,52.5,53.24,52.25,52.83,58381.0
2025-12-26,RADICO,3301.9,3325.4,3265.1,3301.9,289651.0
2025-12-26,RADIOCITY,6.74,6.74,6.6,6.68,69824.0
2025-12-26,RAILTEL,356.55,391.0,354.05,378.6,17393990.0
2025-12-26,RAIN,128.99,140.49,127.47,139.1,10228065.0
2025-12-26,RAINBOW,1360.2,1360.2,1335.1,1346.3,36688.0
2025-12-26,RAJMET,3.93,3.98,3.86,3.95,421674.0
2025-12-26,RAJOOENG,62.38,65.0,60.27,61.74,1928342.0
2025-12-26,RAJRATAN,472.0,475.0,459.0,459.55,50627.0
2025-12-26,RAJSREESUG,34.81,35.57,34.81,35.16,15128.0
2025-12-26,RAJTV,42.02,42.02,41.1,41.76,3941.0
2025-12-26,RALLIS,269.0,277.7,266.4,276.55,400763.0
2025-12-26,RAMANEWS,31.61,32.3,30.9,30.94,64406.0
2025-12-26,RAMAPHO,164.06,165.9,159.05,159.55,74154.0
2025-12-26,RAMASTEEL,9.48,9.53,9.41,9.44,2830550.0
2025-12-26,RAMCOCEM,1060.4,1087.0,1055.6,1064.1,344032.0
2025-12-26,RAMCOIND,322.55,324.4,316.3,317.65,38916.0
2025-12-26,RAMCOSYS,587.0,594.65,571.0,576.05,48794.0
2025-12-26,RAMKY,562.25,584.4,562.25,577.8,34100.0
2025-12-26,RAMRAT,320.4,327.8,318.0,319.85,89716.0
2025-12-26,RANASUG,12.63,12.77,12.21,12.5,157217.0
2025-12-26,RANEHOLDIN,1315.0,1370.0,1311.9,1347.2,9572.0
2025-12-26,RATEGAIN,649.0,656.95,645.0,646.7,115052.0
2025-12-26,RATNAMANI,2319.9,2329.8,2300.0,2310.4,7591.0
2025-12-26,RATNAVEER,154.45,154.9,150.0,150.45,1043795.0
2025-12-26,RAYMOND,430.3,435.7,420.2,421.45,446955.0
2025-12-26,RAYMONDLSL,1010.0,1026.9,1002.1,1005.2,110282.0
2025-12-26,RAYMONDREL,489.9,493.7,485.25,490.7,77036.0
2025-12-26,RBA,63.42,63.42,61.17,61.38,5372994.0
2025-12-26,RBLBANK,306.0,306.05,300.65,303.25,2269553.0
2025-12-26,RBZJEWEL,144.15,144.93,140.67,140.87,43479.0
2025-12-26,RCF,141.24,144.36,140.4,141.69,1189377.0
2025-12-26,RECLTD,354.85,360.45,353.55,357.55,5072085.0
2025-12-26,REDINGTON,275.0,275.45,270.25,270.55,446760.0
2025-12-26,REDTAPE,125.19,125.28,122.72,123.23,117550.0
2025-12-26,REFEX,268.3,269.85,262.0,263.35,522378.0
2025-12-26,REGAAL,72.25,73.27,68.76,70.7,429654.0
2025-12-26,REGENCERAM,46.01,47.0,40.0,47.0,6009.0
2025-12-26,RELAXO,405.4,405.4,401.8,403.15,25466.0
2025-12-26,RELCHEMQ,138.02,139.85,136.01,137.98,2733.0
2025-12-26,RELIANCE,1554.7,1561.0,1554.3,1559.9,2015317.0
2025-12-26,RELIGARE,249.5,250.0,246.1,247.74,395971.0
2025-12-26,RELTD,168.3,169.0,165.4,166.6,100297.0
2025-12-26,REMSONSIND,122.86,124.17,118.56,123.67,85447.0
2025-12-26,RENUKA,25.69,25.94,25.42,25.85,1977824.0
2025-12-26,REPCOHOME,395.5,420.0,395.5,408.7,190222.0
2025-12-26,REPL,124.39,124.39,118.65,119.12,6191.0
2025-12-26,REPRO,471.1,474.45,467.1,472.85,3675.0
2025-12-26,RESPONIND,201.47,203.46,197.9,198.55,33271.0
2025-12-26,RETAIL,26.4,26.4,25.5,25.99,456.0
2025-12-26,RGL,125.1,126.0,119.41,122.0,469555.0
2025-12-26,RHIM,446.9,455.0,444.35,450.1,71717.0
2025-12-26,RHL,190.67,190.67,184.99,187.71,7168.0
2025-12-26,RICOAUTO,126.7,141.5,126.26,136.9,39263619.0
2025-12-26,RIIL,815.1,836.05,811.6,817.0,72820.0
2025-12-26,RISHABH,390.8,398.35,388.1,389.7,11166.0
2025-12-26,RITCO,276.55,278.25,269.45,270.45,36077.0
2025-12-26,RITES,242.2,257.38,240.85,252.75,6430330.0
2025-12-26,RKDL,23.56,23.94,23.01,23.21,35026.0
2025-12-26,RKEC,56.8,57.56,54.25,54.72,40572.0
2025-12-26,RKFORGE,516.7,523.0,508.55,511.85,213928.0
2025-12-26,RKSWAMY,111.4,112.76,110.25,110.53,29162.0
2025-12-26,RMDRIP,79.58,80.0,79.0,79.87,1346200.0
2025-12-26,RML,784.9,795.5,773.45,784.1,10044.0
2025-12-26,ROHLTD,406.3,412.35,402.4,408.35,45114.0
2025-12-26,ROLEXRINGS,129.11,129.2,125.51,125.8,469900.0
2025-12-26,ROLLT,1.23,1.26,1.22,1.23,54106.0
2025-12-26,ROML,50.2,53.8,49.1,51.98,19205.0
2025-12-26,ROSSARI,580.5,583.45,573.0,573.5,22320.0
2025-12-26,ROSSELLIND,51.49,51.6,50.4,50.73,21466.0
2025-12-26,ROSSTECH,634.0,659.75,627.85,645.5,72572.0
2025-12-26,ROTO,70.6,73.88,69.94,72.19,2960164.0
2025-12-26,ROUTE,706.0,707.75,697.0,698.75,94900.0
2025-12-26,RPEL,984.1,988.9,945.0,948.0,23852.0
2025-12-26,RPGLIFE,2352.3,2373.8,2341.3,2364.0,1478.0
2025-12-26,RPOWER,38.35,38.55,36.26,36.64,45421018.0
2025-12-26,RPPINFRA,105.74,105.74,103.0,103.68,60367.0
2025-12-26,RPPL,19.0,20.5,18.7,19.95,254707.0
2025-12-26,RPSGVENT,775.0,775.35,763.05,766.7,26983.0
2025-12-26,RPTECH,356.4,358.0,349.6,357.0,213373.0
2025-12-26,RRKABEL,1506.0,1516.0,1468.5,1471.8,173929.0
2025-12-26,RSSOFTWARE,53.9,54.0,52.21,52.85,27323.0
2025-12-26,RSWM,150.8,151.18,149.01,149.98,22238.0
2025-12-26,RSYSTEMS,402.0,407.7,402.0,406.4,38804.0
2025-12-26,RTNINDIA,41.85,42.47,41.52,41.59,948637.0
2025-12-26,RTNPOWER,9.6,9.66,9.48,9.53,11089578.0
2025-12-26,RUBFILA,74.06,74.8,73.7,73.7,12151.0
2025-12-26,RUBYMILLS,226.4,229.0,223.61,227.08,5329.0
2025-12-26,RUCHINFRA,6.47,6.58,6.45,6.51,42311.0
2025-12-26,RUCHIRA,121.0,121.17,120.0,120.4,23316.0
2025-12-26,RUPA,162.0,162.98,161.0,161.54,64824.0
2025-12-26,RUSHIL,22.8,23.24,22.56,22.87,295607.0
2025-12-26,RUSTOMJEE,523.75,529.9,521.9,527.0,15195.0
2025-12-26,RVHL,53.05,55.97,52.5,55.0,31903.0
2025-12-26,RVNL,346.7,392.8,345.85,389.05,96572998.0
2025-12-26,RVTH,712.05,740.75,701.2,702.25,1272.0
2025-12-26,S&SPOWER,284.0,286.34,273.5,276.01,2166.0
2025-12-26,SADBHIN,3.72,3.85,3.67,3.72,62734.0
2025-12-26,SADHNANIQ,7.83,8.0,7.61,7.67,632916.0
2025-12-26,SAFARI,2270.4,2289.9,2203.0,2226.2,11629.0
2025-12-26,SAGARDEEP,25.2,26.55,25.2,26.55,10001.0
2025-12-26,SAGCEM,207.66,214.0,207.64,211.38,65686.0
2025-12-26,SAGILITY,52.4,53.48,52.11,52.62,16798953.0
2025-12-26,SAHYADRI,257.8,260.2,252.0,256.05,2233.0
2025-12-26,SAIL,131.0,132.78,130.6,132.32,7023135.0
2025-12-26,SAILIFE,900.0,904.0,894.65,897.5,59600.0
2025-12-26,SAKAR,426.0,426.7,420.0,421.1,14245.0
2025-12-26,SAKHTISUG,19.09,19.38,18.82,18.86,85276.0
2025-12-26,SAKSOFT,203.55,203.85,197.6,198.89,133980.0
2025-12-26,SAKUMA,2.18,2.19,2.13,2.15,1580825.0
2025-12-26,SALASAR,9.39,9.43,9.07,9.16,10590803.0
2025-12-26,SALONA,265.55,273.8,262.1,264.45,742.0
2025-12-26,SALZERELEC,694.05,696.8,687.6,689.0,36899.0
2025-12-26,SAMBHV,100.98,101.09,97.31,97.63,380820.0
2025-12-26,SAMHI,181.47,184.07,180.65,182.93,311654.0
2025-12-26,SAMMAANCAP,141.3,142.09,139.5,140.01,10174755.0
2025-12-26,SAMPANN,33.99,35.0,32.34,32.8,64231.0
2025-12-26,SANATHAN,427.0,436.8,422.75,435.0,16225.0
2025-12-26,SANDESH,1090.3,1095.0,1060.0,1072.0,628.0
2025-12-26,SANDHAR,554.5,567.1,548.7,550.75,143733.0
2025-12-26,SANDUMA,242.0,253.0,239.35,243.4,9818212.0
2025-12-26,SANGAMIND,447.0,460.5,442.1,457.4,27152.0
2025-12-26,SANGHIIND,63.53,64.24,63.32,64.15,233665.0
2025-12-26,SANGHVIMOV,352.95,362.6,351.5,356.7,154730.0
2025-12-26,SANGINITA,10.0,10.25,9.81,9.97,48184.0
2025-12-26,SANOFI,4108.0,4128.0,4082.0,4093.5,8959.0
2025-12-26,SANOFICONR,4500.0,4500.0,4450.1,4480.0,1415.0
2025-12-26,SANSERA,1696.4,1718.1,1692.3,1698.7,48674.0
2025-12-26,SANSTAR,90.61,90.61,86.66,88.07,201276.0
2025-12-26,SAPPHIRE,249.0,254.14,248.37,252.31,436931.0
2025-12-26,SARDAEN,538.0,538.0,523.35,524.45,475508.0
2025-12-26,SAREGAMA,350.3,352.05,346.5,349.9,370474.0
2025-12-26,SARLAPOLY,91.0,92.4,89.33,91.4,100855.0
2025-12-26,SARVESHWAR,4.42,4.42,4.33,4.36,2508752.0
2025-12-26,SASKEN,1471.0,1591.0,1471.0,1579.6,178672.0
2025-12-26,SASTASUNDR,304.3,304.3,301.05,301.45,2843.0
2025-12-26,SATIA,66.25,66.71,65.82,66.0,43688.0
2025-12-26,SATIN,141.09,142.25,140.92,141.98,54135.0
2025-12-26,SAURASHCEM,80.05,82.35,80.05,80.7,37685.0
2025-12-26,SBC,28.31,28.41,28.24,28.35,8093344.0
2025-12-26,SBCL,437.0,442.0,430.0,435.3,69651.0
2025-12-26,SBFC,105.6,106.1,104.38,104.54,594577.0
2025-12-26,SBGLP,38.4,38.5,36.51,37.09,47461.0
2025-12-26,SBICARD,874.9,875.0,862.8,865.65,1907206.0
2025-12-26,SBILIFE,2025.4,2034.9,2004.1,2020.6,154290.0
2025-12-26,SBIN,968.95,971.0,964.75,966.45,2825607.0
2025-12-26,SCHAEFFLER,3757.6,3814.9,3757.5,3801.4,35144.0
2025-12-26,SCHAND,158.08,160.38,158.08,159.07,18454.0
2025-12-26,SCHNEIDER,738.9,739.7,724.6,728.75,86252.0
2025-12-26,SCI,217.99,228.88,216.21,224.93,5256761.0
2025-12-26,SCILAL,46.37,47.55,46.37,46.69,281577.0
2025-12-26,SCODATUBES,158.1,165.7,158.1,163.3,232168.0
2025-12-26,SCPL,317.9,318.0,308.0,317.5,23987.0
2025-12-26,SDBL,112.05,112.2,108.3,108.3,633228.0
2025-12-26,SEAMECLTD,1026.95,1066.0,1024.55,1046.3,62171.0
2025-12-26,SECMARK,125.37,125.37,113.15,114.2,4763.0
2025-12-26,SEMAC,313.9,313.9,295.0,297.5,1501.0
2025-12-26,SENCO,317.8,323.0,316.9,320.7,178093.0
2025-12-26,SENORES,836.0,849.1,812.05,815.35,582205.0
2025-12-26,SEPC,9.95,10.03,9.8,9.83,4759174.0
2025-12-26,SEQUENT,214.49,216.29,212.36,213.05,450450.0
2025-12-26,SERVOTECH,78.6,79.95,78.0,79.55,310843.0
2025-12-26,SESHAPAPER,240.7,245.0,238.0,242.99,4676.0
2025-12-26,SETCO,15.1,15.75,15.1,15.46,47971.0
2025-12-26,SFL,591.15,594.7,577.3,578.25,66387.0
2025-12-26,SGFIN,407.9,408.35,399.05,407.0,89095.0
2025-12-26,SGIL,525.6,532.9,504.1,514.0,34971.0
2025-12-26,SGL,12.62,12.85,12.62,12.84,3111.0
2025-12-26,SGLTL,149.8,151.98,148.0,149.46,169185.0
2025-12-26,SHAH,5.01,5.02,4.92,4.92,1979471.0
2025-12-26,SHAHALLOYS,70.69,71.82,68.04,68.04,10409.0
2025-12-26,SHAILY,2323.4,2367.6,2290.0,2325.0,132762.0
2025-12-26,SHAKTIPUMP,745.0,749.0,730.05,735.75,1062248.0
2025-12-26,SHALBY,202.3,202.9,200.0,200.2,60965.0
2025-12-26,SHALPAINTS,55.84,57.96,55.84,57.6,68915.0
2025-12-26,SHANKARA,108.9,110.0,108.0,108.95,21325.0
2025-12-26,SHANTI,9.18,9.38,9.1,9.2,15210.0
2025-12-26,SHANTIGEAR,471.5,471.5,470.0,470.0,4335.0
2025-12-26,SHANTIGOLD,191.87,194.56,185.63,188.26,351187.0
2025-12-26,SHARDACROP,868.0,875.75,855.2,857.1,96808.0
2025-12-26,SHARDAMOTR,946.0,954.85,938.1,938.6,10542.0
2025-12-26,SHAREINDIA,169.0,172.98,169.0,171.26,234241.0
2025-12-26,SHEKHAWATI,20.15,20.15,19.35,19.61,8632.0
2025-12-26,SHEMAROO,105.5,109.72,105.5,107.15,1138.0
2025-12-26,SHILPAMED,320.9,322.5,317.15,319.85,181373.0
2025-12-26,SHIVALIK,374.95,377.3,364.7,370.35,86808.0
2025-12-26,SHIVAMAUTO,25.32,25.32,22.93,23.44,205257.0
2025-12-26,SHIVAMILLS,63.59,63.59,59.53,61.02,4000.0
2025-12-26,SHIVATEX,184.8,184.8,180.52,181.63,1181.0
2025-12-26,SHK,173.4,182.69,172.41,179.75,402262.0
2025-12-26,SHOPERSTOP,416.0,423.2,397.5,398.0,209042.0
2025-12-26,SHRADHA,40.0,40.78,39.22,39.91,6807.0
2025-12-26,SHREDIGCEM,90.18,90.27,89.8,90.05,322401.0
2025-12-26,SHREECEM,26140.0,26470.0,26070.0,26405.0,41403.0
2025-12-26,SHREEPUSHK,388.4,389.25,379.2,380.0,12545.0
2025-12-26,SHREERAMA,63.11,65.0,61.36,62.35,122385.0
2025-12-26,SHRENIK,0.5,0.51,0.48,0.5,2011172.0
2025-12-26,SHREYANIND,176.9,176.9,173.1,174.78,1504.0
2025-12-26,SHRIPISTON,3188.2,3236.7,3160.5,3182.4,70347.0
2025-12-26,SHRIRAMFIN,976.55,978.75,956.7,960.65,4574207.0
2025-12-26,SHRIRAMPPS,85.95,85.95,83.2,84.54,224254.0
2025-12-26,SHYAMMETL,824.0,829.35,816.05,818.15,36239.0
2025-12-26,SHYAMTEL,13.23,13.23,12.12,12.77,4526.0
2025-12-26,SIEMENS,3098.0,3123.0,3088.4,3101.6,211879.0
2025-12-26,SIGACHI,34.39,34.39,33.9,33.99,969204.0
2025-12-26,SIGIND,54.1,54.98,53.04,54.9,3088.0
2025-12-26,SIGNATURE,1142.0,1143.1,1131.5,1138.7,218286.0
2025-12-26,SIGNPOST,220.97,223.87,217.02,217.68,10927.0
2025-12-26,SIL,16.3,16.45,15.8,15.92,14752.0
2025-12-26,SILGO,74.1,79.05,74.1,78.7,330029.0
2025-12-26,SILINV,511.0,520.7,511.0,517.35,2402.0
2025-12-26,SILVERTUC,899.7,899.7,855.05,887.0,143038.0
2025-12-26,SIMPLEXINF,272.0,274.0,258.35,264.5,131306.0
2025-12-26,SINCLAIR,83.0,83.74,82.25,82.86,32674.0
2025-12-26,SINDHUTRAD,20.57,20.89,19.41,19.6,1592952.0
2025-12-26,SINTERCOM,106.95,106.95,101.15,101.4,3274.0
2025-12-26,SIRCA,481.0,491.75,475.05,485.85,257339.0
2025-12-26,SIS,332.0,341.4,329.95,339.2,38883.0
2025-12-26,SIYSIL,650.6,654.4,646.15,648.05,20166.0
2025-12-26,SJS,1752.5,1764.6,1732.3,1749.9,44507.0
2025-12-26,SJVN,75.34,76.2,74.0,74.03,5796401.0
2025-12-26,SKFINDIA,1800.0,1807.0,1771.0,1779.6,35755.0
2025-12-26,SKIPPER,422.5,434.0,415.3,422.5,177465.0
2025-12-26,SKMEGGPROD,429.75,454.75,423.0,432.0,127229.0
2025-12-26,SKYGOLD,330.2,336.0,327.9,333.25,215386.0
2025-12-26,SMARTLINK,130.2,136.0,130.2,131.66,4256.0
2025-12-26,SMARTWORKS,470.0,475.0,460.5,471.15,29051.0
2025-12-26,SMCGLOBAL,89.4,90.7,87.08,88.53,869993.0
2025-12-26,SMLT,85.0,89.55,84.61,87.87,21657.0
2025-12-26,SMSPHARMA,312.8,313.55,305.8,307.15,140411.0
2025-12-26,SNOWMAN,40.75,40.9,40.21,40.35,196607.0
2025-12-26,SOBHA,1486.0,1492.8,1464.1,1476.6,148817.0
2025-12-26,SOFTTECH,319.9,325.0,311.4,317.2,3815.0
2025-12-26,SOLARA,563.9,563.9,555.05,558.4,44688.0
2025-12-26,SOLARINDS,12529.0,12736.0,12412.0,12428.0,121190.0
2025-12-26,SOMANYCERA,415.75,416.3,408.0,412.8,11224.0
2025-12-26,SOMICONVEY,128.64,128.82,124.01,125.85,7058.0
2025-12-26,SONACOMS,483.0,487.8,481.5,483.05,666942.0
2025-12-26,SONAMLTD,40.5,41.84,40.5,41.25,25986.0
2025-12-26,SONATSOFTW,360.05,370.85,356.55,366.8,891141.0
2025-12-26,SOTL,388.95,394.4,388.5,392.0,15472.0
2025-12-26,SOUTHBANK,38.09,38.24,37.44,37.68,12876603.0
2025-12-26,SPAL,702.75,714.15,690.2,699.35,30355.0
2025-12-26,SPANDANA,269.9,276.0,267.0,273.9,164531.0
2025-12-26,SPARC,135.0,135.4,133.76,134.23,462059.0
2025-12-26,SPECIALITY,113.0,121.93,112.46,114.0,239780.0
2025-12-26,SPECTRUM,1207.1,1215.9,1202.7,1205.0,176.0
2025-12-26,SPENCERS,41.84,42.83,41.8,42.06,31642.0
2025-12-26,SPIC,80.25,82.7,79.61,81.48,416492.0
2025-12-26,SPLIL,34.48,35.0,34.0,34.5,4324.0
2025-12-26,SPLPETRO,648.0,648.0,637.35,643.2,15509.0
2025-12-26,SPMLINFRA,175.0,178.08,173.41,173.95,70774.0
2025-12-26,SPORTKING,91.0,91.0,89.26,89.75,49450.0
2025-12-26,SRD,71.0,71.0,67.4,68.38,36048.0
2025-12-26,SREEL,219.37,224.11,217.0,217.0,6495.0
2025-12-26,SRF,3105.0,3143.0,3096.4,3100.0,447880.0
2025-12-26,SRGHFL,278.05,293.75,276.35,285.45,7053.0
2025-12-26,SRHHYPOLTD,529.45,529.45,519.65,522.9,3300.0
2025-12-26,SRM,539.4,544.85,531.0,537.0,35448.0
2025-12-26,SSDL,79.02,79.42,77.8,78.61,18535.0
2025-12-26,SSWL,193.45,193.45,189.5,189.83,85293.0
2025-12-26,STANLEY,210.0,210.01,202.4,202.4,190931.0
2025-12-26,STAR,934.05,938.3,908.0,910.55,192075.0
2025-12-26,STARCEMENT,230.9,232.61,225.0,226.08,244697.0
2025-12-26,STARHEALTH,453.2,457.0,443.25,443.4,370444.0
2025-12-26,STARPAPER,162.51,164.59,162.5,164.0,320.0
2025-12-26,STARTECK,290.05,299.15,275.25,284.1,10109.0
2025-12-26,STCINDIA,122.8,146.29,122.72,131.01,2081565.0
2025-12-26,STEELCAS,210.3,210.3,205.0,205.0,35104.0
2025-12-26,STEELCITY,90.34,93.5,90.34,92.24,7550.0
2025-12-26,STEELXIND,9.5,9.76,9.3,9.62,1945760.0
2025-12-26,STEL,519.0,527.0,503.4,515.65,5353.0
2025-12-26,STERTOOLS,285.8,285.8,275.25,276.3,77553.0
2025-12-26,STLTECH,103.45,105.91,102.84,103.22,552994.0
2025-12-26,STOVEKRAFT,592.4,594.65,576.35,578.6,32619.0
2025-12-26,STYLAMIND,2317.0,2430.0,2113.7,2204.5,702394.0
2025-12-26,STYLEBAAZA,273.0,280.5,272.6,273.0,71894.0
2025-12-26,STYRENIX,1992.6,1999.7,1976.0,1980.5,14762.0
2025-12-26,SUBEXLTD,11.8,11.92,10.93,11.42,2345935.0
2025-12-26,SUBROS,872.0,874.15,854.6,858.0,32603.0
2025-12-26,SUDARSCHEM,950.2,950.4,936.2,944.8,79280.0
2025-12-26,SUKHJITS,172.5,176.8,166.22,170.79,61159.0
2025-12-26,SULA,224.5,228.36,223.65,227.88,338145.0
2025-12-26,SUMICHEM,459.2,463.6,455.85,462.2,88253.0
2025-12-26,SUMIT,73.0,73.0,69.39,70.25,8250.0
2025-12-26,SUMMITSEC,1995.5,2005.9,1963.0,1974.6,1998.0
2025-12-26,SUNCLAY,1205.0,1244.9,1205.0,1230.0,5545.0
2025-12-26,SUNDARAM,1.7,1.96,1.7,1.78,774356.0
2025-12-26,SUNDARMFIN,5140.0,5180.9,5051.5,5154.2,125963.0
2025-12-26,SUNDRMBRAK,699.35,716.95,695.9,704.9,723.0
2025-12-26,SUNDRMFAST,933.1,943.85,930.55,931.0,23197.0
2025-12-26,SUNDROP,701.95,701.95,685.2,693.55,12656.0
2025-12-26,SUNFLAG,264.7,269.9,264.0,264.5,73331.0
2025-12-26,SUNPHARMA,1737.0,1737.0,1708.0,1718.5,2359298.0
2025-12-26,SUNTECK,414.65,415.9,399.5,405.05,305217.0
2025-12-26,SUNTV,574.6,581.9,570.15,570.75,226731.0
2025-12-26,SUPERHOUSE,145.2,149.0,145.2,146.98,1806.0
2025-12-26,SUPERSPIN,8.06,8.36,7.96,8.15,21934.0
2025-12-26,SUPRAJIT,473.45,478.9,473.45,475.85,41911.0
2025-12-26,SUPREME,77.7,77.7,74.0,74.24,66021.0
2025-12-26,SUPREMEIND,3323.0,3331.6,3275.1,3276.1,72748.0
2025-12-26,SUPRIYA,753.2,760.85,735.95,738.2,76266.0
2025-12-26,SURAJEST,240.05,245.0,238.45,241.4,47037.0
2025-12-26,SURAJLTD,252.0,254.8,245.75,249.9,761.0
2025-12-26,SURAKSHA,271.5,274.55,270.4,271.2,11292.0
2025-12-26,SURANASOL,28.0,28.0,27.01,27.07,51823.0
2025-12-26,SURANAT&P,21.52,21.59,20.79,21.1,90867.0
2025-12-26,SURYALAXMI,58.51,59.5,57.01,57.41,3828.0
2025-12-26,SURYAROSNI,270.05,271.25,266.2,267.05,152499.0
2025-12-26,SURYODAY,140.53,143.87,137.81,143.55,251073.0
2025-12-26,SUTLEJTEX,32.9,32.9,31.0,31.86,94017.0
2025-12-26,SUVEN,168.95,170.35,165.11,165.88,101637.0
2025-12-26,SUVIDHAA,3.62,3.86,3.6,3.69,137737.0
2025-12-26,SUYOG,615.35,626.9,597.25,598.8,21337.0
2025-12-26,SUZLON,53.3,54.13,53.1,53.21,39263085.0
2025-12-26,SVLL,699.0,733.0,699.0,700.0,236.0
2025-12-26,SWARAJENG,3608.8,3637.9,3595.0,3597.8,6212.0
2025-12-26,SWELECTES,630.0,656.45,630.0,635.5,17021.0
2025-12-26,SWIGGY,394.0,396.4,391.0,391.0,2477421.0
2025-12-26,SWSOLAR,218.97,221.07,215.5,215.82,639209.0
2025-12-26,SYMPHONY,845.0,867.3,842.95,859.05,80537.0
2025-12-26,SYNCOMF,14.58,14.7,14.4,14.45,1226630.0
2025-12-26,SYNGENE,650.95,656.25,648.8,654.15,115540.0
2025-12-26,SYRMA,733.8,740.9,727.0,737.2,470666.0
2025-12-26,TAINWALCHM,203.07,205.0,198.0,200.55,4034.0
2025-12-26,TAJGVK,410.0,432.9,410.0,430.8,711275.0
2025-12-26,TALBROAUTO,283.15,284.85,276.1,276.85,49738.0
2025-12-26,TANLA,547.9,547.95,538.35,539.6,150083.0
2025-12-26,TARACHAND,79.44,79.44,77.67,78.57,194153.0
2025-12-26,TARC,151.09,165.5,151.0,160.0,4403787.0
2025-12-26,TARIL,297.5,297.5,287.65,288.6,1332390.0
2025-12-26,TARMAT,51.3,52.8,51.3,51.66,18746.0
2025-12-26,TARSONS,233.89,235.78,230.4,231.12,53833.0
2025-12-26,TASTYBITE,7913.0,7942.0,7800.5,7857.5,1200.0
2025-12-26,TATACHEM,768.9,772.7,761.2,764.55,322105.0
2025-12-26,TATACOMM,1772.9,1804.4,1770.1,1775.9,86252.0
2025-12-26,TATACONSUM,1173.6,1179.8,1172.3,1175.9,162891.0
2025-12-26,TATAELXSI,5370.0,5425.0,5339.0,5346.0,77558.0
2025-12-26,TATAINVEST,712.15,712.85,704.65,708.4,174270.0
2025-12-26,TATAPOWER,378.9,381.9,378.1,379.35,2327727.0
2025-12-26,TATASTEEL,169.89,169.9,167.82,169.1,16010856.0
2025-12-26,TATATECH,656.0,662.05,654.6,655.45,285949.0
2025-12-26,TATVA,1357.0,1371.5,1305.3,1311.2,61253.0
2025-12-26,TBOTEK,1720.0,1720.0,1682.5,1700.0,69628.0
2025-12-26,TBZ,161.2,167.35,160.02,163.55,321174.0
2025-12-26,TCI,1064.0,1081.1,1061.0,1070.2,7964.0
2025-12-26,TCIEXP,591.9,591.9,578.0,578.15,7615.0
2025-12-26,TCPLPACK,3022.9,3100.0,3007.4,3070.0,2197.0
2025-12-26,TCS,3313.1,3320.0,3277.1,3282.7,1106943.0
2025-12-26,TDPOWERSYS,721.1,734.5,710.3,710.3,332501.0
2025-12-26,TEAMGTY,309.0,309.0,282.5,286.8,14437.0
2025-12-26,TEAMLEASE,1605.1,1605.1,1553.0,1559.9,16188.0
2025-12-26,TECHM,1630.5,1633.7,1608.0,1613.9,402243.0
2025-12-26,TECHNOE,1104.8,1107.6,1083.3,1085.6,54333.0
2025-12-26,TECILCHEM,19.3,19.45,17.01,18.0,1862.0
2025-12-26,TEGA,1960.1,1975.2,1928.4,1941.3,48202.0
2025-12-26,TEJASNET,453.0,453.0,447.25,449.1,343928.0
2025-12-26,TEMBO,737.0,752.0,707.75,707.75,94176.0
2025-12-26,TEXINFRA,100.8,104.9,100.8,102.29,191202.0
2025-12-26,TEXMOPIPES,49.5,49.51,47.88,48.31,30283.0
2025-12-26,TEXRAIL,134.15,142.95,133.61,140.1,9894262.0
2025-12-26,TFCILTD,64.79,65.55,63.48,64.53,2289119.0
2025-12-26,TFL,17.19,17.19,15.77,15.77,199195.0
2025-12-26,TGBHOTELS,9.81,9.98,9.6,9.78,12857.0
2025-12-26,THANGAMAYL,3301.1,3394.0,3140.9,3207.5,81761.0
2025-12-26,THEINVEST,122.8,122.8,118.23,120.75,15306.0
2025-12-26,THEJO,1723.7,1860.0,1723.7,1858.0,26857.0
2025-12-26,THELEELA,424.0,442.3,419.2,434.3,520382.0
2025-12-26,THEMISMED,102.9,104.2,101.1,101.8,29999.0
2025-12-26,THERMAX,3008.9,3017.1,2963.7,3015.0,105913.0
2025-12-26,THOMASCOOK,143.2,144.4,141.8,142.49,288705.0
2025-12-26,THOMASCOTT,339.75,339.75,330.65,333.55,13864.0
2025-12-26,THYROCARE,453.0,468.5,448.2,460.95,307385.0
2025-12-26,TI,471.0,471.75,466.0,466.55,243109.0
2025-12-26,TIIL,2234.1,2263.0,2221.0,2232.0,3702.0
2025-12-26,TIINDIA,2610.0,2630.7,2594.7,2600.9,138397.0
2025-12-26,TIJARIA,5.26,5.26,4.89,5.0,146851.0
2025-12-26,TIL,276.2,280.05,270.1,272.95,10731.0
2025-12-26,TIMETECHNO,185.46,186.8,184.6,184.8,1153803.0
2025-12-26,TIMKEN,3094.0,3094.0,2981.3,2989.8,11797.0
2025-12-26,TINNARUBR,818.0,824.75,795.8,800.0,9503.0
2025-12-26,TIPSFILMS,434.4,434.55,422.6,423.0,1975.0
2025-12-26,TIPSMUSIC,529.75,530.5,520.65,529.0,127325.0
2025-12-26,TIRUMALCHM,240.6,240.6,232.98,240.0,110777.0
2025-12-26,TIRUPATIFL,31.95,36.0,31.7,33.95,1209951.0
2025-12-26,TITAGARH,852.95,906.0,845.95,897.55,5530419.0
2025-12-26,TITAN,3908.9,4006.9,3900.0,3993.4,1039736.0
2025-12-26,TMB,512.3,512.5,504.05,504.9,62299.0
2025-12-26,TNPETRO,104.1,106.29,103.01,103.71,143480.0
2025-12-26,TNPL,144.0,146.5,144.0,144.04,69508.0
2025-12-26,TNTELE,10.26,10.63,9.85,10.19,25618.0
2025-12-26,TOKYOPLAST,113.75,113.75,110.1,111.0,1425.0
2025-12-26,TOLINS,134.91,134.91,131.8,133.49,69482.0
2025-12-26,TORNTPHARM,3833.0,3846.1,3802.5,3823.3,35348.0
2025-12-26,TORNTPOWER,1278.1,1308.0,1277.4,1298.8,239285.0
2025-12-26,TOTAL,77.01,78.98,77.01,78.74,2567.0
2025-12-26,TOUCHWOOD,108.99,108.99,104.21,106.0,1277.0
2025-12-26,TPHQ,0.84,0.84,0.77,0.77,4977330.0
2025-12-26,TPLPLASTEH,66.1,67.31,66.1,66.25,57298.0
2025-12-26,TRACXN,40.5,40.51,39.6,39.9,73902.0
2025-12-26,TRANSRAILL,594.85,610.0,590.9,598.65,517652.0
2025-12-26,TRANSWORLD,199.15,213.99,199.15,204.75,46082.0
2025-12-26,TRAVELFOOD,1206.0,1212.9,1166.4,1167.5,42370.0
2025-12-26,TREEHOUSE,7.97,8.39,7.95,8.16,21930.0
2025-12-26,TREL,28.59,29.18,28.59,28.71,35689.0
2025-12-26,TRENT,4290.0,4338.4,4263.0,4286.0,986820.0
2025-12-26,TRF,303.15,310.4,297.85,297.85,43119.0
2025-12-26,TRIDENT,27.02,27.13,26.88,26.92,1721206.0
2025-12-26,TRIGYN,67.98,68.47,66.4,66.5,23602.0
2025-12-26,TRITURBINE,545.0,546.7,539.4,545.0,167536.0
2025-12-26,TRIVENI,402.9,402.9,396.65,399.65,202209.0
2025-12-26,TRU,7.85,8.14,7.85,7.94,47452.0
2025-12-26,TTKHLTCARE,1054.0,1054.0,1031.0,1038.0,3635.0
2025-12-26,TTKPRESTIG,617.0,626.4,617.0,625.9,10337.0
2025-12-26,TTL,8.41,8.69,8.41,8.55,27636.0
2025-12-26,TTML,50.2,50.68,50.05,50.15,1692956.0
2025-12-26,TVSHLTD,14230.0,14230.0,13855.0,14090.0,2153.0
2025-12-26,TVSMOTOR,3664.9,3675.1,3626.4,3631.5,166863.0
2025-12-26,TVSSCS,108.01,108.68,107.11,107.41,210843.0
2025-12-26,TVSSRICHAK,4040.0,4178.8,3984.2,4100.1,5954.0
2025-12-26,TVTODAY,137.0,146.0,136.95,141.85,171117.0
2025-12-26,UBL,1616.0,1629.0,1604.8,1626.0,42709.0
2025-12-26,UCAL,113.95,113.95,110.0,111.0,7106.0
2025-12-26,UCOBANK,28.79,29.0,28.54,28.61,3894295.0
2025-12-26,UDS,198.0,199.9,194.78,195.25,98942.0
2025-12-26,UFLEX,490.1,490.1,483.6,483.65,6939.0
2025-12-26,UFO,84.05,85.2,83.2,84.49,67238.0
2025-12-26,UGARSUGAR,41.47,42.69,41.37,42.57,130645.0
2025-12-26,UGROCAP,171.85,173.4,170.76,172.0,104158.0
2025-12-26,UJJIVANSFB,52.56,53.28,52.26,53.1,5182436.0
2025-12-26,ULTRACEMCO,11766.0,11855.0,11743.0,11790.0,186928.0
2025-12-26,UMAEXPORTS,40.0,43.9,38.77,41.45,387756.0
2025-12-26,UMESLTD,5.18,5.19,5.01,5.13,22856.0
2025-12-26,UMIYA-MRO,89.0,90.6,86.0,88.45,21994.0
2025-12-26,UNICHEMLAB,448.55,448.6,444.0,445.1,6614.0
2025-12-26,UNIDT,200.0,201.98,199.0,200.89,3647.0
2025-12-26,UNIECOM,117.2,117.21,114.3,114.93,137307.0
2025-12-26,UNIENTER,145.0,145.66,142.0,143.98,4773.0
2025-12-26,UNIINFO,16.25,16.34,15.1,15.74,4997.0
2025-12-26,UNIMECH,932.45,944.5,904.55,921.35,22596.0
2025-12-26,UNIONBANK,150.79,151.47,150.01,150.16,2478691.0
2025-12-26,UNIPARTS,487.25,496.0,481.55,483.05,42280.0
2025-12-26,UNITDSPR,1422.1,1434.0,1416.1,1428.4,522583.0
2025-12-26,UNITECH,5.98,6.0,5.79,5.85,5268820.0
2025-12-26,UNITEDTEA,457.95,461.0,445.0,458.5,5809.0
2025-12-26,UNIVASTU,69.9,72.0,68.18,69.48,47154.0
2025-12-26,UNIVCABLES,894.0,899.2,870.6,879.6,54654.0
2025-12-26,UNIVPHOTO,236.95,238.35,231.0,232.2,2875.0
2025-12-26,UNOMINDA,1296.0,1296.0,1263.7,1270.0,208216.0
2025-12-26,UPL,775.0,780.7,770.2,774.65,1378282.0
2025-12-26,URAVIDEF,211.5,218.53,208.5,218.53,21255.0
2025-12-26,URJA,11.13,11.17,11.0,11.02,1054965.0
2025-12-26,USHAMART,453.0,454.9,443.0,443.5,349987.0
2025-12-26,USK,24.19,24.62,23.2,23.94,28531.0
2025-12-26,UTIAMC,1129.1,1139.8,1122.3,1124.8,27787.0
2025-12-26,UTKARSHBNK,15.18,15.18,14.88,14.9,3735116.0
2025-12-26,UTTAMSUGAR,261.8,261.8,255.21,256.05,64934.0
2025-12-26,V2RETAIL,2409.5,2425.0,2383.1,2386.6,37562.0
2025-12-26,VADILALIND,5010.5,5038.0,4979.0,4985.0,2371.0
2025-12-26,VAIBHAVGBL,238.91,238.91,234.0,234.25,127105.0
2025-12-26,VAISHALI,9.29,9.45,8.75,8.86,448869.0
2025-12-26,VAKRANGEE,7.95,7.95,7.83,7.88,1105836.0
2025-12-26,VALIANTLAB,75.49,79.9,72.38,72.9,174026.0
2025-12-26,VALIANTORG,277.3,286.8,273.0,273.35,20120.0
2025-12-26,VARDHACRLC,37.99,38.53,37.31,37.6,24124.0
2025-12-26,VARDMNPOLY,6.37,6.45,6.22,6.4,146453.0
2025-12-26,VARROC,614.8,614.8,599.2,606.0,138909.0
2025-12-26,VASCONEQ,46.74,47.05,45.9,45.95,479039.0
2025-12-26,VASWANI,60.25,61.24,59.75,60.24,24647.0
2025-12-26,VBL,476.0,483.2,475.1,483.1,5624811.0
2025-12-26,VEDL,603.7,607.9,596.95,600.25,11659886.0
2025-12-26,VEEDOL,1670.8,1679.0,1658.1,1667.2,4398.0
2025-12-26,VENKEYS,1498.9,1532.0,1467.5,1479.0,25540.0
2025-12-26,VENTIVE,727.0,728.6,717.0,720.95,134856.0
2025-12-26,VENUSPIPES,1188.1,1198.2,1152.2,1153.4,44884.0
2025-12-26,VERANDA,185.5,186.98,172.15,178.2,446151.0
2025-12-26,VERTOZ,75.0,75.65,74.05,74.17,165437.0
2025-12-26,VESUVIUS,482.8,485.0,479.55,483.0,34879.0
2025-12-26,VETO,115.01,116.97,114.22,115.32,19114.0
2025-12-26,VGUARD,330.55,330.95,327.05,327.85,59117.0
2025-12-26,VHL,3555.0,3604.8,3555.0,3599.7,118.0
2025-12-26,VIDHIING,331.0,349.0,331.0,344.1,4569.0
2025-12-26,VIJAYA,1047.0,1047.0,1021.55,1035.0,86635.0
2025-12-26,VIJIFIN,2.51,2.58,2.51,2.56,128624.0
2025-12-26,VIKASECO,1.8,1.84,1.75,1.77,3467267.0
2025-12-26,VIKASLIFE,1.84,1.85,1.81,1.83,3284406.0
2025-12-26,VIMTALABS,616.95,621.2,610.5,611.2,59610.0
2025-12-26,VINATIORGA,1588.0,1594.6,1584.0,1589.4,13630.0
2025-12-26,VINCOFE,156.0,157.5,154.14,154.6,810637.0
2025-12-26,VINDHYATEL,1411.9,1433.3,1410.0,1410.9,3454.0
2025-12-26,VINEETLAB,38.32,38.87,37.53,38.0,83611.0
2025-12-26,VINNY,1.33,1.33,1.2,1.25,2597999.0
2025-12-26,VINYLINDIA,243.0,246.57,240.0,241.65,4491.0
2025-12-26,VIPCLOTHNG,32.16,32.5,31.12,31.41,156247.0
2025-12-26,VIPIND,397.0,409.9,384.8,384.8,4763191.0
2025-12-26,VIPULLTD,11.62,11.98,11.07,11.75,663902.0
2025-12-26,VISAKAIND,71.0,73.5,69.4,71.76,139327.0
2025-12-26,VISHNU,553.0,568.85,545.95,553.2,260335.0
2025-12-26,VISHWARAJ,6.91,6.99,6.72,6.89,257068.0
2025-12-26,VIVIDHA,0.68,0.69,0.66,0.67,238583.0
2025-12-26,VLEGOV,20.5,21.44,20.34,20.48,128145.0
2025-12-26,VLSFINANCE,299.4,300.6,290.3,292.0,31241.0
2025-12-26,VMART,746.0,746.0,735.25,737.6,19112.0
2025-12-26,VMM,136.5,137.0,134.72,136.07,4515352.0
2025-12-26,VOLTAMP,7801.0,7899.5,7760.0,7765.5,12543.0
2025-12-26,VOLTAS,1390.0,1412.4,1377.1,1380.4,241266.0
2025-12-26,VPRPL,62.2,62.49,58.13,58.25,5401078.0
2025-12-26,VRAJ,126.74,126.96,124.0,125.32,14071.0
2025-12-26,VRLLOG,268.0,268.0,264.0,264.3,86213.0
2025-12-26,VSSL,287.1,287.1,278.7,280.6,44929.0
2025-12-26,VSTIND,255.3,259.95,253.2,256.75,206896.0
2025-12-26,VSTL,131.35,134.94,131.35,132.0,3395.0
2025-12-26,VSTTILLERS,5989.0,6028.5,5870.0,5937.0,7947.0
2025-12-26,VTL,444.1,448.0,438.15,447.0,68986.0
2025-12-26,WAAREEENER,3075.0,3075.0,3040.5,3049.8,288827.0
2025-12-26,WAAREERTL,965.0,979.8,958.5,966.5,138257.0
2025-12-26,WABAG,1279.1,1307.0,1267.0,1287.5,218756.0
2025-12-26,WALCHANNAG,196.0,198.0,189.0,189.29,766766.0
2025-12-26,WANBURY,238.7,241.5,233.1,234.0,22476.0
2025-12-26,WCIL,122.94,124.9,120.5,120.55,84367.0
2025-12-26,WEALTH,941.55,954.9,916.05,945.0,3525.0
2025-12-26,WEBELSOLAR,94.0,95.4,91.85,95.0,7690344.0
2025-12-26,WEIZMANIND,101.27,101.27,98.2,98.55,720.0
2025-12-26,WEL,148.95,153.16,145.98,152.4,211522.0
2025-12-26,WELCORP,812.55,815.8,803.25,807.6,138549.0
2025-12-26,WELENT,515.2,518.15,495.9,505.0,68245.0
2025-12-26,WELINV,1343.0,1398.0,1343.0,1378.1,1848.0
2025-12-26,WELSPUNLIV,135.02,135.02,132.5,132.66,826677.0
2025-12-26,WENDT,8044.5,8068.0,7950.0,7955.0,2706.0
2025-12-26,WESTLIFE,537.5,546.0,533.75,543.0,25124.0
2025-12-26,WHEELS,878.0,878.0,862.0,862.0,12701.0
2025-12-26,WHIRLPOOL,928.6,929.0,907.4,908.7,307946.0
2025-12-26,WILLAMAGOR,28.93,29.97,28.3,29.1,3060.0
2025-12-26,WINDLAS,800.0,808.45,790.0,798.2,20600.0
2025-12-26,WINDMACHIN,275.6,277.0,271.7,274.0,23543.0
2025-12-26,WIPL,150.0,150.0,149.0,149.51,1069.0
2025-12-26,WIPRO,267.2,268.88,265.74,266.4,2777529.0
2025-12-26,WOCKPHARMA,1437.5,1465.9,1420.1,1430.3,606627.0
2025-12-26,WONDERLA,518.0,518.7,505.15,505.25,119931.0
2025-12-26,WSI,89.8,92.1,88.0,91.85,125800.0
2025-12-26,WSTCSTPAPR,420.2,422.0,415.55,416.8,9912.0
2025-12-26,XCHANGING,82.65,82.65,81.55,81.96,50148.0
2025-12-26,XPROINDIA,981.1,1010.0,981.1,984.3,5195.0
2025-12-26,XTGLOBAL,35.8,36.53,35.1,35.69,19779.0
2025-12-26,YASHO,1437.7,1473.6,1435.0,1460.1,3571.0
2025-12-26,YATHARTH,685.7,692.75,680.15,686.0,189299.0
2025-12-26,YATRA,180.48,180.48,175.21,179.07,960230.0
2025-12-26,YESBANK,21.67,21.73,21.47,21.54,31783051.0
2025-12-26,YUKEN,840.0,865.0,840.0,858.9,8915.0
2025-12-26,ZAGGLE,349.05,360.8,349.05,350.95,491070.0
2025-12-26,ZEEL,91.81,92.64,91.05,91.14,4540954.0
2025-12-26,ZEELEARN,7.3,7.64,7.27,7.51,317458.0
2025-12-26,ZEEMEDIA,9.5,9.73,9.41,9.53,2039751.0
2025-12-26,ZENITHEXPO,209.0,225.0,209.0,213.15,530.0
2025-12-26,ZENITHSTL,6.99,7.2,6.9,7.12,61738.0
2025-12-26,ZENSARTECH,739.7,741.5,720.65,722.6,115297.0
2025-12-26,ZENTEC,1391.6,1407.8,1367.2,1375.8,293440.0
2025-12-26,ZFCVINDIA,14848.0,14973.0,14717.0,14738.0,13308.0
2025-12-26,ZIMLAB,70.42,70.86,67.25,67.9,54397.0
2025-12-26,ZODIAC,299.85,307.4,299.85,301.25,11584.0
2025-12-26,ZODIACLOTH,88.49,89.42,87.05,87.74,2344.0
2025-12-26,ZOTA,1569.9,1569.9,1525.0,1540.6,57273.0
2025-12-26,ZUARI,312.0,312.0,306.75,307.5,197911.0
2025-12-26,ZUARIIND,312.0,316.2,310.55,311.0,45741.0
2025-12-26,ZYDUSLIFE,917.85,920.0,909.0,911.7,269301.0
2025-12-26,ZYDUSWELL,428.25,428.25,421.9,423.15,65558.0
