================================================================================
📥 Kite Incremental Updater (Git LFS Version)
================================================================================
📅 Target date: 2025-11-25
🌐 Running on: GitHub Actions
📦 Data file: data/nse_complete_data.pkl

📂 Loading historical data from data/nse_complete_data.pkl...
   File size: 263.60 MB

✅ Loaded historical data:
   Shape: (2690, 12840)
   Date Range: 2015-01-01 → 2025-11-24
   Symbols: 2140

🔐 Authenticating with Kite...
✅ Logged in as: Phani Kumar Chitturi

🔍 Fetching instrument list...
📊 Analyzing 2140 symbols from yfinance data...
📥 Need to update 1/2140 symbols
📅 Historical data ends: 2025-11-21
📅 Downloading from: 2025-11-22 → 2025-11-25

🔄 Downloading updates with 3 workers...
   ✓ NKIND: 2025-11-22 → 2025-11-25 (1 days)
   📊 Progress: 1/1 (100%) | Success: 1

✅ Downloaded 1 updates

🔄 Merging new data with historical data...
   Using reindex strategy to extend date range...

   Old date range: 2015-01-01 → 2025-11-24
   New date range: 2015-01-01 → 2025-11-25
   Total dates after merge: 2691

   ✅ Reindexed main dataframe from 2690 to 2691 dates

✅ Merged 1 symbols into main dataset

🔍 FINAL VERIFICATION:
   Original DF: 2015-01-01 → 2025-11-24 (2690 dates)
   Updated DF:  2015-01-01 → 2025-11-25 (2691 dates)
   ✅ SUCCESS: Date range extended!

💾 Saving debug CSV with 1 symbols...
✅ Debug CSV saved: files/debug_kite_data.csv
✅ Merge summary saved: files/merge_summary.txt

================================================================================
💾 SAVING UPDATED DATA
================================================================================

💾 Saving updated data to data/nse_complete_data.pkl...
📋 Creating backup: data/nse_complete_data.pkl.backup
✅ Data saved: data/nse_complete_data.pkl (263.70 MB)

🔍 Verifying saved file...
✅ Verification passed!
🗑️  Removed backup file

================================================================================
📊 UPDATE SUMMARY
================================================================================
   📅 Date range: 2015-01-01 → 2025-11-25
   📊 Symbols updated: 1
   📈 Total symbols: 2140
   📏 Total rows: 2691
   💾 File size: 263.70 MB

✅ Update completed successfully!
   File will be committed to Git LFS by GitHub Actions

✅ all_raw_data loaded with shape: (2691, 12840)

================================================================================
✅ SCRIPT COMPLETED SUCCESSFULLY
================================================================================
📊 Processing 2140 tickers for analysis...

🔄 Step 1: Monthly resampling...

🔍 Debug first ticker 'LTTS.NS':
   Columns: ['Open', 'High', 'Low', 'Close', 'Adj Close', 'Volume']
   Shape: (2691, 6)
   Index range: 2015-01-01 00:00:00 to 2025-11-25 00:00:00
   ✓ Processed 500/2140 tickers...
   ✓ Processed 1000/2140 tickers...
   ✓ Processed 1500/2140 tickers...
   ✓ Processed 2000/2140 tickers...
✅ Monthly resampling complete: (207034, 7)
   Tickers processed: 2136/2140

🔄 Step 2: Computing daily features...
   ✓ Processed 500/2140 tickers...
   ✓ Processed 1000/2140 tickers...
   ✓ Processed 1500/2140 tickers...
   ✓ Processed 2000/2140 tickers...
✅ Daily features complete: (4234859, 32)
✅ Final dataframe ready with 2134 tickers
   Index range: 2015-01-01 00:00:00 to 2025-11-25 00:00:00

🔄 Step 3: Merging with market cap data...
   Market cap data shape: (1719, 2)
   Unique tickers in market cap: 1719
🔄 Step 4: Computing ranks and tags...
✅ Tags distribution:
tag
Other 500 Stocks      1311231
Not Needed             906127
Nifty Micro 250        672500
Nifty SmallCap 250     672500
Nifty Midcap 150       403500
Nifty 50               134501
Nifty Next 50          134500
Name: count, dtype: int64

================================================================================
📊 FINAL RESULTS:
================================================================================
   Final DF shape: (3328732, 35)
   Unique tickers: 1948
   Date range: 2015-01-01 00:00:00 to 2025-11-25 00:00:00
================================================================================


🚀 STARTING DAILY REBALANCING STRATEGY
Initial Capital: $1,000,000
Rebalancing: Last trading day of each month
Processing 2541 days from 2015-08-07 00:00:00 to 2025-11-24 00:00:00
================================================================================
⚠️  Skipping incomplete month: 2025-11 (last date: 2025-11-24)
📅 Rebalancing will occur on 123 dates (month-end only):
First few rebalancing dates: [Timestamp('2015-08-31 00:00:00'), Timestamp('2015-09-30 00:00:00'), Timestamp('2015-10-30 00:00:00'), Timestamp('2015-11-30 00:00:00'), Timestamp('2015-12-31 00:00:00')]
Last few rebalancing dates: [Timestamp('2025-06-30 00:00:00'), Timestamp('2025-07-31 00:00:00'), Timestamp('2025-08-29 00:00:00'), Timestamp('2025-09-30 00:00:00'), Timestamp('2025-10-31 00:00:00')]
================================================================================

📈 DAILY SNAPSHOT: 2015-08-07 00:00:00
Portfolio positions: 0
Portfolio market value: $0.00
Cash balance: $1,000,000.00
Total account value: $1,000,000.00
Total return: +0.00%

🔄 REBALANCING #1: 2015-08-31 00:00:00 (Month-End)
------------------------------------------------------------
💰 Opening Balance: $1,000,000.00
📊 Top 20 stocks for 2015-08-31 00:00:00:
    ticker       Close  v61
RAJESHEXPO  506.500000    1
JUBLPHARMA  268.019165    2
HIMATSEIDE  184.350006    3
CHENNPETRO  230.899994    4
  NILKAMAL 1020.500000    5
TORNTPHARM  803.500000    6
WELSPUNLIV   77.184998    7
  DIVISLAB 1182.050049    8
   DRREDDY  860.530029    9
  GLENMARK 1154.800049   10
... and 10 more stocks

💰 SELL PHASE
No current holdings to sell

🛒 BUY PHASE
Stocks already held: 0
New stocks to buy: 20
Available cash: $1,000,000.00
Allocation per new stock: $50,000.00
    🟢 BOUGHT 42 shares of DIVISLAB at $1182.05 = $49,646.10
    🟢 BOUGHT 433 shares of GHCL at $115.45 = $49,989.85
    🟢 BOUGHT 12 shares of OFSS at $4145.65 = $49,747.80
    🟢 BOUGHT 403 shares of GRANULES at $123.95 = $49,951.85
    🟢 BOUGHT 34 shares of BRITANNIA at $1464.97 = $49,809.15
    🟢 BOUGHT 45 shares of CEATLTD at $1097.50 = $49,387.50
    🟢 BOUGHT 176 shares of LAOPALA at $283.38 = $49,874.00
    🟢 BOUGHT 54 shares of TATAELXSI at $919.22 = $49,638.15
    🟢 BOUGHT 43 shares of GLENMARK at $1154.80 = $49,656.40
    🟢 BOUGHT 271 shares of HIMATSEIDE at $184.35 = $49,958.85
    🟢 BOUGHT 98 shares of RAJESHEXPO at $506.50 = $49,637.00
    🟢 BOUGHT 58 shares of DRREDDY at $860.53 = $49,910.74
    🟢 BOUGHT 1,107 shares of ASHOKLEY at $45.15 = $49,981.05
    🟢 BOUGHT 62 shares of TORNTPHARM at $803.50 = $49,817.00
    🟢 BOUGHT 450 shares of DCAL at $111.00 = $49,950.00
    🟢 BOUGHT 216 shares of CHENNPETRO at $230.90 = $49,874.40
    🟢 BOUGHT 647 shares of WELSPUNLIV at $77.18 = $49,938.69
    🟢 BOUGHT 315 shares of INTELLECT at $158.31 = $49,868.38
    🟢 BOUGHT 48 shares of NILKAMAL at $1020.50 = $48,984.00
    🟢 BOUGHT 186 shares of JUBLPHARMA at $268.02 = $49,851.56
Total spent on purchases: $995,472.48

📈 DAILY SNAPSHOT: 2015-08-31 00:00:00
Portfolio positions: 20
Portfolio market value: $995,472.48
Cash balance: $4,527.52
Total account value: $1,000,000.00
Period realized P&L: $0.00
Period unrealized P&L: $0.00
Total return: +0.00%

📈 DAILY SNAPSHOT: 2015-09-21 00:00:00
Portfolio positions: 20
Portfolio market value: $997,212.34
Cash balance: $4,527.52
Total account value: $1,001,739.85
Total return: +0.17%

🔄 REBALANCING #2: 2015-09-30 00:00:00 (Month-End)
------------------------------------------------------------
💰 Opening Balance: $1,033,329.81
📊 Top 20 stocks for 2015-09-30 00:00:00:
    ticker       Close  v61
JUBLPHARMA  284.904022    1
   CEATLTD 1281.949951    2
RAJESHEXPO  562.599976    3
      DCAL  159.850006    4
CHENNPETRO  222.899994    5
  GRANULES  140.800003    6
    MARUTI 4685.600098    7
SAMMAANCAP  707.804871    8
 TATAELXSI  939.974976    9
 BRITANNIA 1541.000000   10
... and 10 more stocks

💰 SELL PHASE
Current holdings: 20
Stocks to sell: 7
    🔴 SOLD 433 shares of GHCL at $136.35 = $59,039.55 (P&L: $9,049.70)
    🔴 SOLD 12 shares of OFSS at $3945.80 = $47,349.60 (P&L: $-2,398.20)
    🔴 SOLD 176 shares of LAOPALA at $277.23 = $48,791.60 (P&L: $-1,082.40)
    🔴 SOLD 647 shares of WELSPUNLIV at $84.51 = $54,681.20 (P&L: $4,742.51)
    🔴 SOLD 315 shares of INTELLECT at $161.54 = $50,886.41 (P&L: $1,018.03)
    🔴 SOLD 271 shares of HIMATSEIDE at $208.10 = $56,395.10 (P&L: $6,436.25)
    🔴 SOLD 48 shares of NILKAMAL at $969.55 = $46,538.40 (P&L: $-2,445.60)
Total proceeds from sales: $363,681.87

🛒 BUY PHASE
Stocks already held: 13
New stocks to buy: 7
Available cash: $368,209.39
Allocation per new stock: $52,601.34
    🟢 BOUGHT 506 shares of MARKSANS at $103.85 = $52,548.10
    🟢 BOUGHT 68 shares of AUROPHARMA at $769.20 = $52,305.60
    🟢 BOUGHT 74 shares of SAMMAANCAP at $707.80 = $52,377.56
    🟢 BOUGHT 125 shares of ZYDUSLIFE at $418.34 = $52,292.50
    🟢 BOUGHT 134 shares of ZEEL at $392.45 = $52,588.30
    🟢 BOUGHT 48 shares of CUMMINSIND at $1095.40 = $52,579.20
    🟢 BOUGHT 11 shares of MARUTI at $4685.60 = $51,541.60
Total spent on purchases: $366,232.86

📈 DAILY SNAPSHOT: 2015-09-30 00:00:00
Portfolio positions: 20
Portfolio market value: $1,049,878.39
Cash balance: $1,976.52
Total account value: $1,051,854.91
Period realized P&L: $15,320.29
Period unrealized P&L: $36,534.62
Total return: +5.19%

🔄 REBALANCING #3: 2015-10-30 00:00:00 (Month-End)
------------------------------------------------------------
💰 Opening Balance: $1,098,411.15
📊 Top 20 stocks for 2015-10-30 00:00:00:
    ticker       Close  v61
    RUSHIL   22.713306    1
JUBLPHARMA  307.342133    2
 INTELLECT  233.440430    3
      DCAL  181.899994    4
RAJESHEXPO  644.849976    5
   NIITLTD   93.750000    6
  GRANULES  147.750000    7
  DIVISLAB 1153.849976    8
 BRITANNIA 1615.949951    9
   DRREDDY  855.979980   10
... and 10 more stocks

💰 SELL PHASE
Current holdings: 20
Stocks to sell: 5
    🔴 SOLD 74 shares of SAMMAANCAP at $642.29 = $47,529.31 (P&L: $-4,848.25)
    🔴 SOLD 134 shares of ZEEL at $408.65 = $54,759.10 (P&L: $2,170.80)
    🔴 SOLD 43 shares of GLENMARK at $991.50 = $42,634.50 (P&L: $-7,021.90)
    🔴 SOLD 48 shares of CUMMINSIND at $1073.70 = $51,537.60 (P&L: $-1,041.60)
    🔴 SOLD 11 shares of MARUTI at $4449.00 = $48,939.00 (P&L: $-2,602.60)
Total proceeds from sales: $245,399.51

🛒 BUY PHASE
Stocks already held: 15
New stocks to buy: 5
Available cash: $247,376.03
Allocation per new stock: $49,475.21
    🟢 BOUGHT 211 shares of INTELLECT at $233.44 = $49,255.93
    🟢 BOUGHT 280 shares of ESCORTS at $176.20 = $49,336.00
    🟢 BOUGHT 2,178 shares of RUSHIL at $22.71 = $49,469.58
    🟢 BOUGHT 527 shares of NIITLTD at $93.75 = $49,406.25
    🟢 BOUGHT 437 shares of COFORGE at $113.15 = $49,446.55
Total spent on purchases: $246,914.31

📈 DAILY SNAPSHOT: 2015-10-30 00:00:00
Portfolio positions: 20
Portfolio market value: $1,064,035.68
Cash balance: $461.72
Total account value: $1,064,497.40
Period realized P&L: $-13,343.56
Period unrealized P&L: $62,520.66
Total return: +6.45%

📈 DAILY SNAPSHOT: 2015-11-05 00:00:00
Portfolio positions: 20
Portfolio market value: $1,041,930.58
Cash balance: $461.72
Total account value: $1,042,392.30
Total return: +4.24%

🔄 REBALANCING #4: 2015-11-30 00:00:00 (Month-End)
------------------------------------------------------------
💰 Opening Balance: $1,119,789.01
📊 Top 20 stocks for 2015-11-30 00:00:00:
    ticker       Close  v61
GODFRYPHLP  471.899994    1
RAJESHEXPO  705.000000    2
 INTELLECT  252.643997    3
JUBLPHARMA  310.794159    4
  PETRONET  117.125000    5
      DCAL  159.449997    6
      IDBI   93.550003    7
    ARVIND  120.018936    8
 TATAELXSI 1011.849976    9
      RCOM   75.800003   10
... and 10 more stocks

💰 SELL PHASE
Current holdings: 20
Stocks to sell: 11
    🔴 SOLD 506 shares of MARKSANS at $100.45 = $50,827.70 (P&L: $-1,720.40)
    🔴 SOLD 62 shares of TORNTPHARM at $718.50 = $44,547.00 (P&L: $-5,270.00)
    🔴 SOLD 403 shares of GRANULES at $160.00 = $64,480.00 (P&L: $14,528.15)
    🔴 SOLD 34 shares of BRITANNIA at $1460.00 = $49,640.00 (P&L: $-169.15)
    🔴 SOLD 216 shares of CHENNPETRO at $196.00 = $42,336.00 (P&L: $-7,538.40)
    🔴 SOLD 125 shares of ZYDUSLIFE at $397.20 = $49,650.00 (P&L: $-2,642.50)
    🔴 SOLD 280 shares of ESCORTS at $174.70 = $48,916.00 (P&L: $-420.00)
    🔴 SOLD 2,178 shares of RUSHIL at $21.43 = $46,678.99 (P&L: $-2,790.59)
    🔴 SOLD 527 shares of NIITLTD at $99.00 = $52,173.00 (P&L: $2,766.75)
    🔴 SOLD 437 shares of COFORGE at $113.90 = $49,774.30 (P&L: $327.75)
    🔴 SOLD 58 shares of DRREDDY at $622.00 = $36,076.00 (P&L: $-13,834.74)
Total proceeds from sales: $535,098.99

🛒 BUY PHASE
Stocks already held: 9
New stocks to buy: 11
Available cash: $535,560.71
Allocation per new stock: $48,687.34
    🟢 BOUGHT 100 shares of LICHSGFIN at $484.65 = $48,465.00
    🟢 BOUGHT 642 shares of RCOM at $75.80 = $48,663.60
    🟢 BOUGHT 415 shares of PETRONET at $117.12 = $48,606.88
    🟢 BOUGHT 119 shares of ZEEL at $408.15 = $48,569.85
    🟢 BOUGHT 103 shares of GODFRYPHLP at $471.90 = $48,605.70
    🟢 BOUGHT 520 shares of IDBI at $93.55 = $48,646.00
    🟢 BOUGHT 405 shares of ARVIND at $120.02 = $48,607.67
    🟢 BOUGHT 37 shares of STAR at $1288.60 = $47,678.37
    🟢 BOUGHT 1,281 shares of BEL at $38.00 = $48,672.18
    🟢 BOUGHT 52 shares of INDUSINDBK at $935.25 = $48,633.00
    🟢 BOUGHT 10 shares of MARUTI at $4555.00 = $45,550.00
Total spent on purchases: $530,698.24

📈 DAILY SNAPSHOT: 2015-11-30 00:00:00
Portfolio positions: 20
Portfolio market value: $1,039,272.23
Cash balance: $4,862.47
Total account value: $1,044,134.71
Period realized P&L: $-16,763.13
Period unrealized P&L: $58,921.10
Total return: +4.41%

📈 DAILY SNAPSHOT: 2015-12-22 00:00:00
Portfolio positions: 20
Portfolio market value: $1,048,727.48
Cash balance: $4,862.47
Total account value: $1,053,589.95
Total return: +5.36%

🔄 REBALANCING #5: 2015-12-31 00:00:00 (Month-End)
------------------------------------------------------------
💰 Opening Balance: $1,192,203.67
📊 Top 20 stocks for 2015-12-31 00:00:00:
    ticker       Close  v61
MOREPENLAB   37.650002    1
  PETRONET  127.974998    2
GODFRYPHLP  456.116669    3
 INTELLECT  262.573639    4
RAJESHEXPO  682.049988    5
    VEEDOL 1394.670044    6
   NIITLTD   99.050003    7
  TITAGARH  163.550003    8
JUBLPHARMA  308.692932    9
NATCOPHARM  579.299988   10
... and 10 more stocks

💰 SELL PHASE
Current holdings: 20
Stocks to sell: 10
    🔴 SOLD 42 shares of DIVISLAB at $1154.85 = $48,503.70 (P&L: $-1,142.40)
    🔴 SOLD 100 shares of LICHSGFIN at $510.05 = $51,005.00 (P&L: $2,540.00)
    🔴 SOLD 45 shares of CEATLTD at $1051.40 = $47,313.00 (P&L: $-2,074.50)
    🔴 SOLD 1,107 shares of ASHOKLEY at $43.95 = $48,652.65 (P&L: $-1,328.40)
    🔴 SOLD 119 shares of ZEEL at $437.25 = $52,032.75 (P&L: $3,462.90)
    🔴 SOLD 520 shares of IDBI at $88.85 = $46,202.00 (P&L: $-2,444.00)
    🔴 SOLD 37 shares of STAR at $1202.22 = $44,481.99 (P&L: $-3,196.38)
    🔴 SOLD 1,281 shares of BEL at $41.55 = $53,223.61 (P&L: $4,551.43)
    🔴 SOLD 52 shares of INDUSINDBK at $968.95 = $50,385.40 (P&L: $1,752.40)
    🔴 SOLD 10 shares of MARUTI at $4621.95 = $46,219.50 (P&L: $669.50)
Total proceeds from sales: $488,019.60

🛒 BUY PHASE
Stocks already held: 10
New stocks to buy: 10
Available cash: $492,882.07
Allocation per new stock: $49,288.21
    🟢 BOUGHT 1,765 shares of JAMNAAUTO at $27.92 = $49,278.80
    🟢 BOUGHT 35 shares of VEEDOL at $1394.67 = $48,813.45
    🟢 BOUGHT 497 shares of NIITLTD at $99.05 = $49,227.85
    🟢 BOUGHT 606 shares of VAKRANGEE at $81.30 = $49,267.15
    🟢 BOUGHT 301 shares of TITAGARH at $163.55 = $49,228.55
    🟢 BOUGHT 85 shares of NATCOPHARM at $579.30 = $49,240.50
    🟢 BOUGHT 570 shares of BIOCON at $86.35 = $49,219.50
    🟢 BOUGHT 820 shares of BAJFINANCE at $60.10 = $49,281.59
    🟢 BOUGHT 39 shares of NILKAMAL at $1253.70 = $48,894.30
    🟢 BOUGHT 1,309 shares of MOREPENLAB at $37.65 = $49,283.85
Total spent on purchases: $491,735.54

📈 DAILY SNAPSHOT: 2015-12-31 00:00:00
Portfolio positions: 20
Portfolio market value: $1,080,107.59
Cash balance: $1,146.53
Total account value: $1,081,254.12
Period realized P&L: $2,790.55
Period unrealized P&L: $93,249.97
Total return: +8.13%

🔄 REBALANCING #6: 2016-01-29 00:00:00 (Month-End)
------------------------------------------------------------
💰 Opening Balance: $1,201,694.18
📊 Top 20 stocks for 2016-01-29 00:00:00:
    ticker       Close  v61
RAJESHEXPO  724.150024    1
GENUSPOWER   57.200001    2
MOREPENLAB   31.950001    3
  NILKAMAL 1346.099976    4
BALRAMCHIN   88.949997    5
  PETRONET  122.800003    6
TORNTPOWER  234.000000    7
 INTELLECT  216.485092    8
 TATAELXSI 1041.300049    9
    VEEDOL 1250.454956   10
... and 10 more stocks

💰 SELL PHASE
Current holdings: 20
Stocks to sell: 7
    🔴 SOLD 1,765 shares of JAMNAAUTO at $29.14 = $51,432.10 (P&L: $2,153.30)
    🔴 SOLD 642 shares of RCOM at $62.15 = $39,900.30 (P&L: $-8,763.30)
    🔴 SOLD 85 shares of NATCOPHARM at $529.05 = $44,969.25 (P&L: $-4,271.25)
    🔴 SOLD 186 shares of JUBLPHARMA at $261.53 = $48,644.18 (P&L: $-1,207.38)
    🔴 SOLD 497 shares of NIITLTD at $85.55 = $42,518.35 (P&L: $-6,709.50)
    🔴 SOLD 103 shares of GODFRYPHLP at $407.52 = $41,974.22 (P&L: $-6,631.48)
    🔴 SOLD 450 shares of DCAL at $165.12 = $74,306.25 (P&L: $24,356.25)
Total proceeds from sales: $343,744.65

🛒 BUY PHASE
Stocks already held: 13
New stocks to buy: 7
Available cash: $344,891.18
Allocation per new stock: $49,270.17
    🟢 BOUGHT 43 shares of DIVISLAB at $1140.95 = $49,060.85
    🟢 BOUGHT 2,363 shares of HFCL at $20.85 = $49,268.55
    🟢 BOUGHT 880 shares of IGL at $55.99 = $49,266.80
    🟢 BOUGHT 466 shares of JSWSTEEL at $105.71 = $49,258.53
    🟢 BOUGHT 553 shares of BALRAMCHIN at $88.95 = $49,189.35
    🟢 BOUGHT 861 shares of GENUSPOWER at $57.20 = $49,249.20
    🟢 BOUGHT 210 shares of TORNTPOWER at $234.00 = $49,140.00
Total spent on purchases: $344,433.28

📈 DAILY SNAPSHOT: 2016-01-29 00:00:00
Portfolio positions: 20
Portfolio market value: $1,001,614.75
Cash balance: $457.90
Total account value: $1,002,072.65
Period realized P&L: $-1,073.37
Period unrealized P&L: $15,141.86
Total return: +0.21%

📈 DAILY SNAPSHOT: 2016-02-04 00:00:00
Portfolio positions: 20
Portfolio market value: $968,934.60
Cash balance: $457.90
Total account value: $969,392.50
Total return: -3.06%

🔄 REBALANCING #7: 2016-02-29 00:00:00 (Month-End)
------------------------------------------------------------
💰 Opening Balance: $1,089,767.40
📊 Top 20 stocks for 2016-02-29 00:00:00:
    ticker       Close  v61
 VAKRANGEE   99.515465    1
    MARICO  236.750000    2
  JSWSTEEL  112.644997    3
  PETRONET  117.550003    4
BAJFINANCE   59.320499    5
APOLLOHOSP 1463.849976    6
       IGL   50.834999    7
  RELIANCE  220.959930    8
    BIOCON   78.250000    9
PIDILITIND  293.325012   10
... and 3 more stocks

💰 SELL PHASE
Current holdings: 20
Stocks to sell: 14
    🔴 SOLD 43 shares of DIVISLAB at $950.55 = $40,873.65 (P&L: $-8,187.20)
    🔴 SOLD 2,363 shares of HFCL at $16.80 = $39,698.40 (P&L: $-9,570.15)
    🔴 SOLD 39 shares of NILKAMAL at $976.20 = $38,071.80 (P&L: $-10,822.50)
    🔴 SOLD 35 shares of VEEDOL at $1147.55 = $40,164.25 (P&L: $-8,649.20)
    🔴 SOLD 68 shares of AUROPHARMA at $655.65 = $44,584.20 (P&L: $-7,721.40)
    🔴 SOLD 210 shares of TORNTPOWER at $227.75 = $47,827.50 (P&L: $-1,312.50)
    🔴 SOLD 54 shares of TATAELXSI at $847.12 = $45,744.75 (P&L: $-3,893.40)
    🔴 SOLD 301 shares of TITAGARH at $88.35 = $26,593.35 (P&L: $-22,635.20)
    🔴 SOLD 211 shares of INTELLECT at $152.22 = $32,119.14 (P&L: $-17,136.79)
    🔴 SOLD 405 shares of ARVIND at $90.40 = $36,611.08 (P&L: $-11,996.59)
    🔴 SOLD 553 shares of BALRAMCHIN at $81.40 = $45,014.20 (P&L: $-4,175.15)
    🔴 SOLD 98 shares of RAJESHEXPO at $707.95 = $69,379.10 (P&L: $19,742.10)
    🔴 SOLD 861 shares of GENUSPOWER at $44.00 = $37,884.00 (P&L: $-11,365.20)
    🔴 SOLD 1,309 shares of MOREPENLAB at $25.40 = $33,248.60 (P&L: $-16,035.25)
Total proceeds from sales: $577,814.02

🛒 BUY PHASE
Stocks already held: 6
New stocks to buy: 7
Available cash: $578,271.92
Allocation per new stock: $41,305.14
    🟢 BOUGHT 140 shares of PIDILITIND at $293.33 = $41,065.50
    🟢 BOUGHT 154 shares of TVSMOTOR at $268.15 = $41,295.10
    🟢 BOUGHT 48 shares of ASIANPAINT at $846.10 = $40,612.80
    🟢 BOUGHT 28 shares of APOLLOHOSP at $1463.85 = $40,987.80
    🟢 BOUGHT 174 shares of MARICO at $236.75 = $41,194.50
    🟢 BOUGHT 76 shares of INFY at $542.03 = $41,193.90
    🟢 BOUGHT 186 shares of RELIANCE at $220.96 = $41,098.55
Total spent on purchases: $287,448.15

📈 DAILY SNAPSHOT: 2016-02-29 00:00:00
Portfolio positions: 13
Portfolio market value: $587,010.45
Cash balance: $290,823.77
Total account value: $877,834.22
Period realized P&L: $-113,758.43
Period unrealized P&L: $4,661.86
Total return: -12.22%

📈 DAILY SNAPSHOT: 2016-03-18 00:00:00
Portfolio positions: 13
Portfolio market value: $611,468.98
Cash balance: $290,823.77
Total account value: $902,292.76
Total return: -9.77%

🔄 REBALANCING #8: 2016-03-31 00:00:00 (Month-End)
------------------------------------------------------------
💰 Opening Balance: $1,012,952.94
📊 Top 20 stocks for 2016-03-31 00:00:00:
    ticker      Close  v61
BALRAMCHIN 107.849998    1
BAJFINANCE  69.241501    2
  JSWSTEEL 128.324997    3
 VAKRANGEE  92.317368    4
RAJESHEXPO 621.099976    5
  ASHOKLEY  54.299999    6
  HINDZINC 183.600006    7
    MARICO 244.300003    8
  PETRONET 125.375000    9
TORNTPOWER 231.899994   10
... and 10 more stocks

💰 SELL PHASE
Current holdings: 13
Stocks to sell: 2
    🔴 SOLD 28 shares of APOLLOHOSP at $1329.30 = $37,220.40 (P&L: $-3,767.40)
    🔴 SOLD 570 shares of BIOCON at $80.56 = $45,918.25 (P&L: $-3,301.25)
Total proceeds from sales: $83,138.65

🛒 BUY PHASE
Stocks already held: 11
New stocks to buy: 9
Available cash: $373,962.43
Allocation per new stock: $41,551.38
    🟢 BOUGHT 531 shares of POWERGRID at $78.24 = $41,547.44
    🟢 BOUGHT 226 shares of HINDZINC at $183.60 = $41,493.60
    🟢 BOUGHT 129 shares of HAVELLS at $321.35 = $41,454.15
    🟢 BOUGHT 14 shares of HEROMOTOCO at $2945.70 = $41,239.80
    🟢 BOUGHT 95 shares of RIIL at $434.05 = $41,234.75
    🟢 BOUGHT 385 shares of BALRAMCHIN at $107.85 = $41,522.25
    🟢 BOUGHT 66 shares of RAJESHEXPO at $621.10 = $40,992.60
    🟢 BOUGHT 179 shares of TORNTPOWER at $231.90 = $41,510.10
    🟢 BOUGHT 765 shares of ASHOKLEY at $54.30 = $41,539.50
Total spent on purchases: $372,534.19

📈 DAILY SNAPSHOT: 2016-03-31 00:00:00
Portfolio positions: 20
Portfolio market value: $913,098.63
Cash balance: $1,428.24
Total account value: $914,526.87
Period realized P&L: $-7,068.65
Period unrealized P&L: $48,423.15
Total return: -8.55%

🔄 REBALANCING #9: 2016-04-29 00:00:00 (Month-End)
------------------------------------------------------------
💰 Opening Balance: $1,051,529.96
📊 Top 20 stocks for 2016-04-29 00:00:00:
    ticker      Close  v61
 BODALCHEM  90.449997    1
  JSWSTEEL 137.320007    2
BALRAMCHIN 107.099998    3
    BIOCON  97.566666    4
    MARICO 259.100006    5
    GRASIM 630.598145    6
BAJFINANCE  68.291000    7
   YESBANK 188.589996    8
  PETRONET 131.774994    9
 TATASTEEL  33.450584   10
... and 10 more stocks

💰 SELL PHASE
Current holdings: 20
Stocks to sell: 7
    🔴 SOLD 140 shares of PIDILITIND at $301.52 = $42,213.50 (P&L: $1,148.00)
    🔴 SOLD 48 shares of ASIANPAINT at $866.25 = $41,580.00 (P&L: $967.20)
    🔴 SOLD 606 shares of VAKRANGEE at $92.01 = $55,760.81 (P&L: $6,493.66)
    🔴 SOLD 95 shares of RIIL at $420.80 = $39,976.00 (P&L: $-1,258.75)
    🔴 SOLD 880 shares of IGL at $57.33 = $50,450.40 (P&L: $1,183.60)
    🔴 SOLD 66 shares of RAJESHEXPO at $592.05 = $39,075.30 (P&L: $-1,917.30)
    🔴 SOLD 179 shares of TORNTPOWER at $234.75 = $42,020.25 (P&L: $510.15)
Total proceeds from sales: $311,076.26

🛒 BUY PHASE
Stocks already held: 13
New stocks to buy: 7
Available cash: $312,504.50
Allocation per new stock: $44,643.50
    🟢 BOUGHT 101 shares of GODREJCP at $440.55 = $44,495.55
    🟢 BOUGHT 236 shares of YESBANK at $188.59 = $44,507.24
    🟢 BOUGHT 70 shares of GRASIM at $630.60 = $44,141.87
    🟢 BOUGHT 457 shares of BIOCON at $97.57 = $44,587.97
    🟢 BOUGHT 493 shares of BODALCHEM at $90.45 = $44,591.85
    🟢 BOUGHT 1,334 shares of TATASTEEL at $33.45 = $44,623.08
    🟢 BOUGHT 82 shares of RELINFRA at $538.55 = $44,161.10
Total spent on purchases: $311,108.65

📈 DAILY SNAPSHOT: 2016-04-29 00:00:00
Portfolio positions: 20
Portfolio market value: $915,034.65
Cash balance: $1,395.85
Total account value: $916,430.50
Period realized P&L: $7,126.56
Period unrealized P&L: $43,200.22
Total return: -8.36%

📈 DAILY SNAPSHOT: 2016-05-06 00:00:00
Portfolio positions: 20
Portfolio market value: $909,981.86
Cash balance: $1,395.85
Total account value: $911,377.71
Total return: -8.86%

🔄 REBALANCING #10: 2016-05-31 00:00:00 (Month-End)
------------------------------------------------------------
💰 Opening Balance: $1,134,677.51
📊 Top 20 stocks for 2016-05-31 00:00:00:
    ticker       Close  v61
    BIOCON  119.591667    1
       PEL  815.166260    2
MANAPPURAM   53.650002    3
  JSWSTEEL  138.914993    4
    GRASIM  672.290833    5
   YESBANK  206.600006    6
BAJFINANCE   75.888000    7
INDUSINDBK 1102.849976    8
BALRAMCHIN  108.199997    9
    M&MFIN  196.048187   10
... and 10 more stocks

💰 SELL PHASE
Current holdings: 20
Stocks to sell: 8
    🔴 SOLD 531 shares of POWERGRID at $84.38 = $44,803.14 (P&L: $3,255.70)
    🔴 SOLD 226 shares of HINDZINC at $170.75 = $38,589.50 (P&L: $-2,904.10)
    🔴 SOLD 154 shares of TVSMOTOR at $284.65 = $43,836.10 (P&L: $2,541.00)
    🔴 SOLD 174 shares of MARICO at $249.20 = $43,360.80 (P&L: $2,166.30)
    🔴 SOLD 493 shares of BODALCHEM at $83.20 = $41,017.60 (P&L: $-3,574.25)
    🔴 SOLD 76 shares of INFY at $624.33 = $47,448.70 (P&L: $6,254.80)
    🔴 SOLD 186 shares of RELIANCE at $218.95 = $40,724.40 (P&L: $-374.15)
    🔴 SOLD 82 shares of RELINFRA at $538.10 = $44,124.20 (P&L: $-36.90)
Total proceeds from sales: $343,904.43

🛒 BUY PHASE
Stocks already held: 12
New stocks to buy: 8
Available cash: $345,300.28
Allocation per new stock: $43,162.53
    🟢 BOUGHT 122 shares of PIDILITIND at $353.12 = $43,081.25
    🟢 BOUGHT 444 shares of HDIL at $97.20 = $43,156.80
    🟢 BOUGHT 804 shares of MANAPPURAM at $53.65 = $43,134.60
    🟢 BOUGHT 220 shares of M&MFIN at $196.05 = $43,130.60
    🟢 BOUGHT 52 shares of PEL at $815.17 = $42,388.65
    🟢 BOUGHT 1,509 shares of RUSHIL at $28.59 = $43,138.85
    🟢 BOUGHT 39 shares of INDUSINDBK at $1102.85 = $43,011.15
    🟢 BOUGHT 187 shares of SHRIRAMFIN at $230.03 = $43,014.73
Total spent on purchases: $344,056.62

📈 DAILY SNAPSHOT: 2016-05-31 00:00:00
Portfolio positions: 20
Portfolio market value: $944,397.73
Cash balance: $1,243.66
Total account value: $945,641.39
Period realized P&L: $7,328.40
Period unrealized P&L: $65,082.72
Total return: -5.44%

📈 DAILY SNAPSHOT: 2016-06-17 00:00:00
Portfolio positions: 20
Portfolio market value: $955,040.95
Cash balance: $1,243.66
Total account value: $956,284.61
Total return: -4.37%

🔄 REBALANCING #11: 2016-06-30 00:00:00 (Month-End)
------------------------------------------------------------
💰 Opening Balance: $1,240,372.06
📊 Top 20 stocks for 2016-06-30 00:00:00:
    ticker      Close  v61
 KIRIINDUS 381.899994    1
MANAPPURAM  68.949997    2
    BIOCON 123.533333    3
 PRICOLLTD  72.763123    4
    GRASIM 719.924194    5
    RUSHIL  34.893074    6
MUTHOOTFIN 293.049988    7
  CHOLAFIN 189.710007    8
  JSWSTEEL 146.434998    9
BALRAMCHIN 125.699997   10
... and 10 more stocks

💰 SELL PHASE
Current holdings: 20
Stocks to sell: 8
    🔴 SOLD 129 shares of HAVELLS at $359.90 = $46,427.10 (P&L: $4,972.95)
    🔴 SOLD 444 shares of HDIL at $103.25 = $45,843.00 (P&L: $2,686.20)
    🔴 SOLD 101 shares of GODREJCP at $535.75 = $54,110.75 (P&L: $9,615.20)
    🔴 SOLD 14 shares of HEROMOTOCO at $3178.25 = $44,495.50 (P&L: $3,255.70)
    🔴 SOLD 52 shares of PEL at $815.34 = $42,397.44 (P&L: $8.79)
    🔴 SOLD 1,334 shares of TATASTEEL at $30.67 = $40,918.26 (P&L: $-3,704.82)
    🔴 SOLD 187 shares of SHRIRAMFIN at $234.60 = $43,871.09 (P&L: $856.36)
    🔴 SOLD 765 shares of ASHOKLEY at $49.17 = $37,618.87 (P&L: $-3,920.62)
Total proceeds from sales: $355,682.01

🛒 BUY PHASE
Stocks already held: 12
New stocks to buy: 8
Available cash: $356,925.67
Allocation per new stock: $44,615.71
    🟢 BOUGHT 486 shares of POWERGRID at $91.74 = $44,587.47
    🟢 BOUGHT 27 shares of ACC at $1616.05 = $43,633.35
    🟢 BOUGHT 613 shares of PRICOLLTD at $72.76 = $44,603.79
    🟢 BOUGHT 116 shares of KIRIINDUS at $381.90 = $44,300.40
    🟢 BOUGHT 367 shares of DHAMPURSUG at $121.25 = $44,498.75
    🟢 BOUGHT 710 shares of IGL at $62.76 = $44,556.05
    🟢 BOUGHT 235 shares of CHOLAFIN at $189.71 = $44,581.85
    🟢 BOUGHT 152 shares of MUTHOOTFIN at $293.05 = $44,543.60
Total spent on purchases: $355,305.27

📈 DAILY SNAPSHOT: 2016-06-30 00:00:00
Portfolio positions: 20
Portfolio market value: $997,838.90
Cash balance: $1,620.40
Total account value: $999,459.29
Period realized P&L: $13,769.76
Period unrealized P&L: $105,130.86
Total return: -0.05%

🔄 REBALANCING #12: 2016-07-29 00:00:00 (Month-End)
------------------------------------------------------------
💰 Opening Balance: $1,440,954.02
📊 Top 20 stocks for 2016-07-29 00:00:00:
    ticker      Close  v61
MANAPPURAM  82.000000    1
 PRICOLLTD 103.344078    2
SUDARSCHEM 315.250000    3
BAJFINANCE 103.726501    4
    GRASIM 755.236450    5
      GHCL 228.300003    6
   YESBANK 243.389999    7
  CHOLAFIN 218.470001    8
  JSWSTEEL 167.520004    9
   ESCORTS 262.500000   10
... and 10 more stocks

💰 SELL PHASE
Current holdings: 20
Stocks to sell: 8
    🔴 SOLD 116 shares of KIRIINDUS at $360.45 = $41,812.20 (P&L: $-2,488.20)
    🔴 SOLD 710 shares of IGL at $64.83 = $46,032.85 (P&L: $1,476.80)
    🔴 SOLD 367 shares of DHAMPURSUG at $123.85 = $45,452.95 (P&L: $954.20)
    🔴 SOLD 415 shares of PETRONET at $149.00 = $61,835.00 (P&L: $13,228.12)
    🔴 SOLD 220 shares of M&MFIN at $201.66 = $44,364.63 (P&L: $1,234.03)
    🔴 SOLD 1,509 shares of RUSHIL at $31.55 = $47,615.02 (P&L: $4,476.18)
    🔴 SOLD 385 shares of BALRAMCHIN at $132.55 = $51,031.75 (P&L: $9,509.50)
    🔴 SOLD 39 shares of INDUSINDBK at $1175.65 = $45,850.35 (P&L: $2,839.20)
Total proceeds from sales: $383,994.75

🛒 BUY PHASE
Stocks already held: 12
New stocks to buy: 8
Available cash: $385,615.15
Allocation per new stock: $48,201.89
    🟢 BOUGHT 211 shares of GHCL at $228.30 = $48,171.30
    🟢 BOUGHT 257 shares of HINDPETRO at $186.92 = $48,038.06
    🟢 BOUGHT 2 shares of SHREECEM at $16110.25 = $32,220.50
    🟢 BOUGHT 43 shares of ASIANPAINT at $1114.15 = $47,908.45
    🟢 BOUGHT 292 shares of VEDL at $164.65 = $48,077.80
    🟢 BOUGHT 176 shares of BAJAJFINSV at $272.39 = $47,940.64
    🟢 BOUGHT 183 shares of ESCORTS at $262.50 = $48,037.50
    🟢 BOUGHT 152 shares of SUDARSCHEM at $315.25 = $47,918.00
Total spent on purchases: $368,312.25

📈 DAILY SNAPSHOT: 2016-07-29 00:00:00
Portfolio positions: 20
Portfolio market value: $1,074,224.57
Cash balance: $17,302.90
Total account value: $1,091,527.47
Period realized P&L: $31,229.83
Period unrealized P&L: $165,969.20
Total return: +9.15%

📈 DAILY SNAPSHOT: 2016-08-01 00:00:00
Portfolio positions: 20
Portfolio market value: $1,096,221.37
Cash balance: $17,302.90
Total account value: $1,113,524.27
Total return: +11.35%

🔄 REBALANCING #13: 2016-08-31 00:00:00 (Month-End)
------------------------------------------------------------
💰 Opening Balance: $1,704,629.13
📊 Top 20 stocks for 2016-08-31 00:00:00:
    ticker      Close  v61
   YESBANK 273.220001    1
SUDARSCHEM 418.250000    2
MANAPPURAM  85.300003    3
       IGL  80.114998    4
  JSWSTEEL 175.309998    5
BAJAJFINSV 296.730011    6
   ESCORTS 325.450012    7
  HINDALCO 159.250000    8
 DELTACORP 154.850006    9
BAJFINANCE 110.111000   10
... and 10 more stocks

💰 SELL PHASE
Current holdings: 20
Stocks to sell: 10
    🔴 SOLD 486 shares of POWERGRID at $103.33 = $50,219.00 (P&L: $5,631.53)
    🔴 SOLD 27 shares of ACC at $1709.80 = $46,164.60 (P&L: $2,531.25)
    🔴 SOLD 211 shares of GHCL at $252.10 = $53,193.10 (P&L: $5,021.80)
    🔴 SOLD 613 shares of PRICOLLTD at $99.52 = $61,006.66 (P&L: $16,402.86)
    🔴 SOLD 122 shares of PIDILITIND at $349.27 = $42,611.55 (P&L: $-469.70)
    🔴 SOLD 257 shares of HINDPETRO at $180.55 = $46,400.87 (P&L: $-1,637.19)
    🔴 SOLD 43 shares of ASIANPAINT at $1157.90 = $49,789.70 (P&L: $1,881.25)
    🔴 SOLD 70 shares of GRASIM at $720.56 = $50,438.98 (P&L: $6,297.11)
    🔴 SOLD 235 shares of CHOLAFIN at $231.90 = $54,496.50 (P&L: $9,914.65)
    🔴 SOLD 152 shares of MUTHOOTFIN at $375.75 = $57,114.00 (P&L: $12,570.40)
Total proceeds from sales: $511,434.96

🛒 BUY PHASE
Stocks already held: 10
New stocks to buy: 10
Available cash: $528,737.86
Allocation per new stock: $52,873.79
    🟢 BOUGHT 352 shares of INDIACEM at $149.80 = $52,729.60
    🟢 BOUGHT 341 shares of DELTACORP at $154.85 = $52,803.85
    🟢 BOUGHT 181 shares of SUNDRMFAST at $291.60 = $52,779.60
    🟢 BOUGHT 300 shares of PETRONET at $175.93 = $52,777.50
    🟢 BOUGHT 235 shares of INDIANB at $224.95 = $52,863.25
    🟢 BOUGHT 332 shares of HINDALCO at $159.25 = $52,871.00
    🟢 BOUGHT 51 shares of PEL at $1036.64 = $52,868.70
    🟢 BOUGHT 844 shares of EDELWEISS at $62.59 = $52,827.64
    🟢 BOUGHT 659 shares of IGL at $80.11 = $52,795.78
    🟢 BOUGHT 153 shares of SRF at $344.30 = $52,677.90
Total spent on purchases: $527,994.82

📈 DAILY SNAPSHOT: 2016-08-31 00:00:00
Portfolio positions: 20
Portfolio market value: $1,162,208.84
Cash balance: $743.04
Total account value: $1,162,951.88
Period realized P&L: $58,143.96
Period unrealized P&L: $179,249.66
Total return: +16.30%

📈 DAILY SNAPSHOT: 2016-09-15 00:00:00
Portfolio positions: 20
Portfolio market value: $1,146,189.08
Cash balance: $743.04
Total account value: $1,146,932.11
Total return: +14.69%

🔄 REBALANCING #14: 2016-09-30 00:00:00 (Month-End)
------------------------------------------------------------
💰 Opening Balance: $1,914,063.47
📊 Top 20 stocks for 2016-09-30 00:00:00:
    ticker       Close  v61
   ESCORTS  375.600006    1
MANAPPURAM   91.500000    2
   APTECHT  113.000000    3
       PEL 1036.612915    4
    BIOCON  155.583328    5
     ABREL  943.049988    6
 DELTACORP  167.899994    7
BAJAJFINSV  306.954987    8
       BPL   83.050003    9
 BODALCHEM  143.149994   10
... and 10 more stocks

💰 SELL PHASE
Current holdings: 20
Stocks to sell: 10
    🔴 SOLD 352 shares of INDIACEM at $144.00 = $50,688.00 (P&L: $-2,041.60)
    🔴 SOLD 2 shares of SHREECEM at $17042.70 = $34,085.40 (P&L: $1,864.90)
    🔴 SOLD 152 shares of SUDARSCHEM at $372.50 = $56,620.00 (P&L: $8,702.00)
    🔴 SOLD 292 shares of VEDL at $172.05 = $50,238.60 (P&L: $2,160.80)
    🔴 SOLD 181 shares of SUNDRMFAST at $291.75 = $52,806.75 (P&L: $27.15)
    🔴 SOLD 235 shares of INDIANB at $211.10 = $49,608.50 (P&L: $-3,254.75)
    🔴 SOLD 236 shares of YESBANK at $250.94 = $59,221.84 (P&L: $14,714.60)
    🔴 SOLD 332 shares of HINDALCO at $152.70 = $50,696.40 (P&L: $-2,174.60)
    🔴 SOLD 844 shares of EDELWEISS at $61.48 = $51,892.44 (P&L: $-935.20)
    🔴 SOLD 153 shares of SRF at $355.54 = $54,397.62 (P&L: $1,719.72)
Total proceeds from sales: $510,255.55

🛒 BUY PHASE
Stocks already held: 10
New stocks to buy: 10
Available cash: $510,998.58
Allocation per new stock: $51,099.86
    🟢 BOUGHT 54 shares of ABREL at $943.05 = $50,924.70
    🟢 BOUGHT 38 shares of AJANTPHARM at $1338.07 = $50,846.53
    🟢 BOUGHT 271 shares of HINDPETRO at $188.42 = $51,062.42
    🟢 BOUGHT 526 shares of IOC at $97.08 = $51,065.83
    🟢 BOUGHT 615 shares of BPL at $83.05 = $51,075.75
    🟢 BOUGHT 452 shares of APTECHT at $113.00 = $51,076.00
    🟢 BOUGHT 356 shares of BODALCHEM at $143.15 = $50,961.40
    🟢 BOUGHT 220 shares of CHOLAFIN at $231.47 = $50,923.40
    🟢 BOUGHT 639 shares of IDFCFIRSTB at $79.85 = $51,024.15
    🟢 BOUGHT 9 shares of MARUTI at $5477.30 = $49,295.70
Total spent on purchases: $508,255.89

📈 DAILY SNAPSHOT: 2016-09-30 00:00:00
Portfolio positions: 20
Portfolio market value: $1,156,061.80
Cash balance: $2,742.70
Total account value: $1,158,804.49
Period realized P&L: $20,783.02
Period unrealized P&L: $154,319.25
Total return: +15.88%

🔄 REBALANCING #15: 2016-10-28 00:00:00 (Month-End)
------------------------------------------------------------
💰 Opening Balance: $2,137,395.13
📊 Top 20 stocks for 2016-10-28 00:00:00:
    ticker       Close  v61
   APTECHT  156.035721    1
      GNFC  280.799988    2
TIRUMALCHM   87.099998    3
MANAPPURAM  102.150002    4
 DELTACORP  185.399994    5
       IGL   86.000000    6
    MARUTI 5876.149902    7
  PETRONET  194.399994    8
BAJAJFINSV  338.320007    9
   ESCORTS  375.250000   10
... and 10 more stocks

💰 SELL PHASE
Current holdings: 20
Stocks to sell: 7
    🔴 SOLD 38 shares of AJANTPHARM at $1361.07 = $51,720.53 (P&L: $874.00)
    🔴 SOLD 466 shares of JSWSTEEL at $165.88 = $77,302.41 (P&L: $28,043.88)
    🔴 SOLD 615 shares of BPL at $77.80 = $47,847.00 (P&L: $-3,228.75)
    🔴 SOLD 51 shares of PEL at $1000.61 = $51,031.21 (P&L: $-1,837.48)
    🔴 SOLD 820 shares of BAJFINANCE at $107.25 = $87,949.10 (P&L: $38,667.51)
    🔴 SOLD 356 shares of BODALCHEM at $142.20 = $50,623.20 (P&L: $-338.20)
    🔴 SOLD 220 shares of CHOLAFIN at $237.08 = $52,157.60 (P&L: $1,234.20)
Total proceeds from sales: $418,631.05

🛒 BUY PHASE
Stocks already held: 13
New stocks to buy: 7
Available cash: $421,373.75
Allocation per new stock: $60,196.25
    🟢 BOUGHT 148 shares of TVSMOTOR at $405.00 = $59,940.00
    🟢 BOUGHT 383 shares of INDIACEM at $157.05 = $60,150.15
    🟢 BOUGHT 214 shares of GNFC at $280.80 = $60,091.20
    🟢 BOUGHT 512 shares of VAKRANGEE at $117.48 = $60,147.60
    🟢 BOUGHT 691 shares of TIRUMALCHM at $87.10 = $60,186.10
    🟢 BOUGHT 559 shares of JISLJALEQS at $107.50 = $60,092.50
    🟢 BOUGHT 116 shares of JUBLPHARMA at $517.31 = $60,008.53
Total spent on purchases: $420,616.07

📈 DAILY SNAPSHOT: 2016-10-28 00:00:00
Portfolio positions: 20
Portfolio market value: $1,215,397.88
Cash balance: $757.68
Total account value: $1,216,155.56
Period realized P&L: $63,415.15
Period unrealized P&L: $148,255.16
Total return: +21.62%

📈 DAILY SNAPSHOT: 2016-11-01 00:00:00
Portfolio positions: 20
Portfolio market value: $1,225,719.93
Cash balance: $757.68
Total account value: $1,226,477.60
Total return: +22.65%

🔄 REBALANCING #16: 2016-11-30 00:00:00 (Month-End)
------------------------------------------------------------
💰 Opening Balance: $2,186,024.96
📊 Top 20 stocks for 2016-11-30 00:00:00:
    ticker      Close  v61
 VAKRANGEE 128.750458    1
TIRUMALCHM  79.504997    2
  PNBGILTS  53.349998    3
      VEDL 229.850006    4
 HINDPETRO 209.422226    5
  HINDZINC 282.600006    6
  HINDALCO 175.750000    7
       IGL  82.904999    8
  INFIBEAM  24.905422    9
      MOIL 188.050003   10
... and 10 more stocks

💰 SELL PHASE
Current holdings: 20
Stocks to sell: 11
    🔴 SOLD 54 shares of ABREL at $807.25 = $43,591.50 (P&L: $-7,333.20)
    🔴 SOLD 148 shares of TVSMOTOR at $374.10 = $55,366.80 (P&L: $-4,573.20)
    🔴 SOLD 383 shares of INDIACEM at $119.65 = $45,825.95 (P&L: $-14,324.20)
    🔴 SOLD 341 shares of DELTACORP at $114.85 = $39,163.85 (P&L: $-13,640.00)
    🔴 SOLD 804 shares of MANAPPURAM at $77.00 = $61,908.00 (P&L: $18,773.40)
    🔴 SOLD 214 shares of GNFC at $216.60 = $46,352.40 (P&L: $-13,738.80)
    🔴 SOLD 452 shares of APTECHT at $116.71 = $52,754.86 (P&L: $1,678.86)
    🔴 SOLD 559 shares of JISLJALEQS at $89.85 = $50,226.15 (P&L: $-9,866.35)
    🔴 SOLD 183 shares of ESCORTS at $322.70 = $59,054.10 (P&L: $11,016.60)
    🔴 SOLD 639 shares of IDFCFIRSTB at $68.45 = $43,739.55 (P&L: $-7,284.60)
    🔴 SOLD 9 shares of MARUTI at $5266.00 = $47,394.00 (P&L: $-1,901.70)
Total proceeds from sales: $545,377.16

🛒 BUY PHASE
Stocks already held: 9
New stocks to buy: 11
Available cash: $546,134.84
Allocation per new stock: $49,648.62
    🟢 BOUGHT 175 shares of HINDZINC at $282.60 = $49,455.00
    🟢 BOUGHT 216 shares of VEDL at $229.85 = $49,647.60
    🟢 BOUGHT 930 shares of PNBGILTS at $53.35 = $49,615.50
    🟢 BOUGHT 121 shares of TATACOMM at $408.52 = $49,431.04
    🟢 BOUGHT 195 shares of INDIANB at $253.75 = $49,481.25
    🟢 BOUGHT 257 shares of ONGC at $192.60 = $49,498.20
    🟢 BOUGHT 1,993 shares of INFIBEAM at $24.91 = $49,636.51
    🟢 BOUGHT 282 shares of HINDALCO at $175.75 = $49,561.50
    🟢 BOUGHT 483 shares of RECLTD at $102.68 = $49,592.03
    🟢 BOUGHT 264 shares of MOIL at $188.05 = $49,645.20
Total spent on purchases: $495,563.82

📈 DAILY SNAPSHOT: 2016-11-30 00:00:00
Portfolio positions: 19
Portfolio market value: $1,023,683.56
Cash balance: $50,571.01
Total account value: $1,074,254.58
Period realized P&L: $-41,193.19
Period unrealized P&L: $47,547.37
Total return: +7.43%

📈 DAILY SNAPSHOT: 2016-12-14 00:00:00
Portfolio positions: 19
Portfolio market value: $991,371.46
Cash balance: $50,571.01
Total account value: $1,041,942.47
Total return: +4.19%

🔄 REBALANCING #17: 2016-12-30 00:00:00 (Month-End)
------------------------------------------------------------
💰 Opening Balance: $2,140,261.38
📊 Top 20 stocks for 2016-12-30 00:00:00:
    ticker      Close  v61
       IGL  91.824997    1
      VEDL 216.149994    2
DATAMATICS 128.500000    3
 VAKRANGEE 127.515839    4
       OIL 150.700043    5
  TVSELECT 189.500000    6
       IOC 108.349998    7
  HINDZINC 255.399994    8
NATIONALUM  65.300003    9
      ONGC 191.350006   10
... and 10 more stocks

💰 SELL PHASE
Current holdings: 19
Stocks to sell: 7
    🔴 SOLD 930 shares of PNBGILTS at $45.70 = $42,501.00 (P&L: $-7,114.50)
    🔴 SOLD 195 shares of INDIANB at $220.85 = $43,065.75 (P&L: $-6,415.50)
    🔴 SOLD 176 shares of BAJAJFINSV at $289.48 = $50,949.36 (P&L: $3,008.71)
    🔴 SOLD 691 shares of TIRUMALCHM at $76.44 = $52,820.04 (P&L: $-7,366.06)
    🔴 SOLD 282 shares of HINDALCO at $155.05 = $43,724.10 (P&L: $-5,837.40)
    🔴 SOLD 483 shares of RECLTD at $93.64 = $45,226.91 (P&L: $-4,365.12)
    🔴 SOLD 264 shares of MOIL at $180.02 = $47,526.60 (P&L: $-2,118.60)
Total proceeds from sales: $325,813.76

🛒 BUY PHASE
Stocks already held: 12
New stocks to buy: 8
Available cash: $376,384.77
Allocation per new stock: $47,048.10
    🟢 BOUGHT 312 shares of OIL at $150.70 = $47,018.41
    🟢 BOUGHT 571 shares of GAIL at $82.35 = $47,021.88
    🟢 BOUGHT 311 shares of ENGINERSIN at $151.00 = $46,961.00
    🟢 BOUGHT 1,488 shares of NMDC at $31.62 = $47,045.84
    🟢 BOUGHT 1,320 shares of HCC at $35.62 = $47,014.83
    🟢 BOUGHT 720 shares of NATIONALUM at $65.30 = $47,016.00
    🟢 BOUGHT 248 shares of TVSELECT at $189.50 = $46,996.00
    🟢 BOUGHT 366 shares of DATAMATICS at $128.50 = $47,031.00
Total spent on purchases: $376,104.96

📈 DAILY SNAPSHOT: 2016-12-30 00:00:00
Portfolio positions: 20
Portfolio market value: $1,031,066.22
Cash balance: $279.82
Total account value: $1,031,346.04
Period realized P&L: $-30,208.46
Period unrealized P&L: $34,847.29
Total return: +3.13%

📈 DAILY SNAPSHOT: 2017-01-25 00:00:00
Portfolio positions: 20
Portfolio market value: $1,144,380.40
Cash balance: $279.82
Total account value: $1,144,660.21
Total return: +14.47%

🔄 REBALANCING #18: 2017-01-31 00:00:00 (Month-End)
------------------------------------------------------------
💰 Opening Balance: $2,255,430.12
📊 Top 20 stocks for 2017-01-31 00:00:00:
    ticker      Close  v61
 VAKRANGEE 142.377930    1
SWANENERGY 171.050003    2
      VEDL 253.100006    3
       IGL  93.949997    4
  DWARKESH  39.865002    5
DATAMATICS 141.050003    6
  HINDALCO 189.949997    7
 POWERGRID 116.550026    8
      CESC  66.266930    9
       IOC 122.133331   10
... and 10 more stocks

💰 SELL PHASE
Current holdings: 20
Stocks to sell: 7
    🔴 SOLD 312 shares of OIL at $146.51 = $45,711.47 (P&L: $-1,306.95)
    🔴 SOLD 571 shares of GAIL at $87.78 = $50,121.33 (P&L: $3,099.46)
    🔴 SOLD 311 shares of ENGINERSIN at $147.90 = $45,996.90 (P&L: $-964.10)
    🔴 SOLD 1,488 shares of NMDC at $36.86 = $54,842.33 (P&L: $7,796.50)
    🔴 SOLD 300 shares of PETRONET at $186.98 = $56,092.50 (P&L: $3,315.00)
    🔴 SOLD 720 shares of NATIONALUM at $75.05 = $54,036.00 (P&L: $7,020.00)
    🔴 SOLD 248 shares of TVSELECT at $196.25 = $48,670.00 (P&L: $1,674.00)
Total proceeds from sales: $355,470.54

🛒 BUY PHASE
Stocks already held: 13
New stocks to buy: 7
Available cash: $355,750.35
Allocation per new stock: $50,821.48
    🟢 BOUGHT 436 shares of POWERGRID at $116.55 = $50,815.81
    🟢 BOUGHT 1,274 shares of DWARKESH at $39.87 = $50,788.01
    🟢 BOUGHT 267 shares of HINDALCO at $189.95 = $50,716.65
    🟢 BOUGHT 297 shares of SWANENERGY at $171.05 = $50,801.85
    🟢 BOUGHT 766 shares of CESC at $66.27 = $50,760.47
    🟢 BOUGHT 1,089 shares of BEL at $46.67 = $50,820.00
    🟢 BOUGHT 407 shares of STLTECH at $124.80 = $50,793.60
Total spent on purchases: $355,496.39

📈 DAILY SNAPSHOT: 2017-01-31 00:00:00
Portfolio positions: 20
Portfolio market value: $1,120,338.49
Cash balance: $253.96
Total account value: $1,120,592.45
Period realized P&L: $20,633.91
Period unrealized P&L: $103,459.79
Total return: +12.06%

🔄 REBALANCING #19: 2017-02-28 00:00:00 (Month-End)
------------------------------------------------------------
💰 Opening Balance: $2,408,022.09
📊 Top 20 stocks for 2017-02-28 00:00:00:
    ticker      Close  v61
       NFL  77.599998    1
      CESC  75.446358    2
       IGL 104.315002    3
   VENKEYS 858.549988    4
   ESCORTS 449.049988    5
BAJAJFINSV 391.415009    6
       IOC 128.350006    7
    BIOCON 187.074997    8
   DCBBANK 156.000000    9
      GAIL  96.918800   10
... and 10 more stocks

💰 SELL PHASE
Current holdings: 20
Stocks to sell: 13
    🔴 SOLD 436 shares of POWERGRID at $108.08 = $47,124.80 (P&L: $-3,691.01)
    🔴 SOLD 175 shares of HINDZINC at $308.35 = $53,961.25 (P&L: $4,506.25)
    🔴 SOLD 1,274 shares of DWARKESH at $39.92 = $50,858.08 (P&L: $70.07)
    🔴 SOLD 512 shares of VAKRANGEE at $147.78 = $75,664.55 (P&L: $15,516.96)
    🔴 SOLD 257 shares of ONGC at $193.55 = $49,742.35 (P&L: $244.15)
    🔴 SOLD 1,320 shares of HCC at $35.30 = $46,600.34 (P&L: $-414.49)
    🔴 SOLD 1,993 shares of INFIBEAM at $28.82 = $57,434.24 (P&L: $7,797.73)
    🔴 SOLD 267 shares of HINDALCO at $184.35 = $49,221.45 (P&L: $-1,495.20)
    🔴 SOLD 297 shares of SWANENERGY at $156.60 = $46,510.20 (P&L: $-4,291.65)
    🔴 SOLD 116 shares of JUBLPHARMA at $540.17 = $62,659.22 (P&L: $2,650.70)
    🔴 SOLD 1,089 shares of BEL at $45.93 = $50,014.80 (P&L: $-805.20)
    🔴 SOLD 407 shares of STLTECH at $129.60 = $52,747.20 (P&L: $1,953.60)
    🔴 SOLD 366 shares of DATAMATICS at $134.30 = $49,153.80 (P&L: $2,122.80)
Total proceeds from sales: $691,692.29

🛒 BUY PHASE
Stocks already held: 7
New stocks to buy: 13
Available cash: $691,946.26
Allocation per new stock: $53,226.64
    🟢 BOUGHT 549 shares of GAIL at $96.92 = $53,208.42
    🟢 BOUGHT 341 shares of DCBBANK at $156.00 = $53,196.00
    🟢 BOUGHT 153 shares of HDFCBANK at $347.52 = $53,171.32
    🟢 BOUGHT 140 shares of CHENNPETRO at $379.85 = $53,179.00
    🟢 BOUGHT 317 shares of APTECHT at $167.43 = $53,074.86
    🟢 BOUGHT 183 shares of YESBANK at $290.54 = $53,168.82
    🟢 BOUGHT 61 shares of VENKEYS at $858.55 = $52,371.55
    🟢 BOUGHT 135 shares of BAJAJFINSV at $391.42 = $52,841.03
    🟢 BOUGHT 118 shares of ESCORTS at $449.05 = $52,987.90
    🟢 BOUGHT 685 shares of NFL at $77.60 = $53,156.00
    🟢 BOUGHT 27 shares of NILKAMAL at $1931.20 = $52,142.40
    🟢 BOUGHT 424 shares of JINDALSTEL at $125.45 = $53,190.80
    🟢 BOUGHT 491 shares of LTF at $108.31 = $53,181.08
Total spent on purchases: $688,869.18

📈 DAILY SNAPSHOT: 2017-02-28 00:00:00
Portfolio positions: 20
Portfolio market value: $1,144,525.90
Cash balance: $3,077.08
Total account value: $1,147,602.98
Period realized P&L: $24,164.71
Period unrealized P&L: $106,305.60
Total return: +14.76%

📈 DAILY SNAPSHOT: 2017-03-10 00:00:00
Portfolio positions: 20
Portfolio market value: $1,125,692.86
Cash balance: $3,077.08
Total account value: $1,128,769.94
Total return: +12.88%

🔄 REBALANCING #20: 2017-03-31 00:00:00 (Month-End)
------------------------------------------------------------
💰 Opening Balance: $2,563,753.06
📊 Top 20 stocks for 2017-03-31 00:00:00:
    ticker      Close  v61
      RAIN 109.599998    1
     DHANI  58.340843    2
       RCF  81.750000    3
      CESC  75.518173    4
   DCBBANK 170.250000    5
    RECLTD 135.750000    6
DHAMPURSUG 216.850006    7
       LTF 115.008598    8
      VEDL 274.950012    9
   YESBANK 309.350006   10
... and 10 more stocks

💰 SELL PHASE
Current holdings: 20
Stocks to sell: 13
    🔴 SOLD 271 shares of HINDPETRO at $233.62 = $63,311.62 (P&L: $12,249.20)
    🔴 SOLD 549 shares of GAIL at $94.24 = $51,736.40 (P&L: $-1,472.02)
    🔴 SOLD 153 shares of HDFCBANK at $360.64 = $55,177.54 (P&L: $2,006.22)
    🔴 SOLD 317 shares of APTECHT at $164.93 = $52,282.36 (P&L: $-792.50)
    🔴 SOLD 121 shares of TATACOMM at $448.32 = $54,246.80 (P&L: $4,815.76)
    🔴 SOLD 140 shares of CHENNPETRO at $363.05 = $50,827.00 (P&L: $-2,352.00)
    🔴 SOLD 61 shares of VENKEYS at $1017.10 = $62,043.10 (P&L: $9,671.55)
    🔴 SOLD 135 shares of BAJAJFINSV at $409.84 = $55,328.40 (P&L: $2,487.37)
    🔴 SOLD 457 shares of BIOCON at $188.72 = $86,243.51 (P&L: $41,655.55)
    🔴 SOLD 118 shares of ESCORTS at $538.75 = $63,572.50 (P&L: $10,584.60)
    🔴 SOLD 685 shares of NFL at $76.60 = $52,471.00 (P&L: $-685.00)
    🔴 SOLD 27 shares of NILKAMAL at $1951.90 = $52,701.30 (P&L: $558.90)
    🔴 SOLD 424 shares of JINDALSTEL at $121.00 = $51,304.00 (P&L: $-1,886.80)
Total proceeds from sales: $751,245.53

🛒 BUY PHASE
Stocks already held: 7
New stocks to buy: 13
Available cash: $754,322.61
Allocation per new stock: $58,024.82
    🟢 BOUGHT 267 shares of DHAMPURSUG at $216.85 = $57,898.95
    🟢 BOUGHT 709 shares of RCF at $81.75 = $57,960.75
    🟢 BOUGHT 634 shares of FEDERALBNK at $91.45 = $57,979.30
    🟢 BOUGHT 994 shares of DHANI at $58.34 = $57,990.80
    🟢 BOUGHT 68 shares of NATCOPHARM at $849.20 = $57,745.60
    🟢 BOUGHT 67 shares of BBTC at $853.35 = $57,174.45
    🟢 BOUGHT 699 shares of BOMDYEING at $83.00 = $58,017.00
    🟢 BOUGHT 427 shares of RECLTD at $135.75 = $57,965.25
    🟢 BOUGHT 278 shares of KEC at $208.60 = $57,990.80
    🟢 BOUGHT 680 shares of EDELWEISS at $85.24 = $57,962.99
    🟢 BOUGHT 529 shares of RAIN at $109.60 = $57,978.40
    🟢 BOUGHT 293 shares of VIPIND at $197.90 = $57,984.70
    🟢 BOUGHT 40 shares of INDUSINDBK at $1425.15 = $57,006.00
Total spent on purchases: $751,654.99

📈 DAILY SNAPSHOT: 2017-03-31 00:00:00
Portfolio positions: 20
Portfolio market value: $1,174,774.61
Cash balance: $2,667.62
Total account value: $1,177,442.23
Period realized P&L: $76,840.83
Period unrealized P&L: $59,304.03
Total return: +17.74%

📈 DAILY SNAPSHOT: 2017-04-26 00:00:00
Portfolio positions: 20
Portfolio market value: $1,284,565.21
Cash balance: $2,667.62
Total account value: $1,287,232.84
Total return: +28.72%

🔄 REBALANCING #21: 2017-04-28 00:00:00 (Month-End)
------------------------------------------------------------
💰 Opening Balance: $2,808,852.18
📊 Top 20 stocks for 2017-04-28 00:00:00:
    ticker       Close  v61
     DHANI  110.487968    1
       ITI  115.150002    2
      CESC   84.800842    3
 BANKINDIA  186.800003    4
      BBTC  941.299988    5
       PEL 1407.532593    6
NATCOPHARM  923.950012    7
 GICHSGFIN  500.899994    8
   DCBBANK  183.850006    9
     SUNTV  921.750000   10
... and 10 more stocks

💰 SELL PHASE
Current holdings: 20
Stocks to sell: 10
    🔴 SOLD 267 shares of DHAMPURSUG at $236.00 = $63,012.00 (P&L: $5,113.05)
    🔴 SOLD 216 shares of VEDL at $243.55 = $52,606.80 (P&L: $2,959.20)
    🔴 SOLD 183 shares of YESBANK at $326.05 = $59,667.15 (P&L: $6,498.33)
    🔴 SOLD 699 shares of BOMDYEING at $86.45 = $60,428.55 (P&L: $2,411.55)
    🔴 SOLD 278 shares of KEC at $219.35 = $60,979.30 (P&L: $2,988.50)
    🔴 SOLD 680 shares of EDELWEISS at $90.62 = $61,620.14 (P&L: $3,657.15)
    🔴 SOLD 529 shares of RAIN at $112.10 = $59,300.90 (P&L: $1,322.50)
    🔴 SOLD 293 shares of VIPIND at $198.80 = $58,248.40 (P&L: $263.70)
    🔴 SOLD 40 shares of INDUSINDBK at $1444.95 = $57,798.00 (P&L: $792.00)
    🔴 SOLD 491 shares of LTF at $118.68 = $58,273.13 (P&L: $5,092.05)
Total proceeds from sales: $591,934.37

🛒 BUY PHASE
Stocks already held: 10
New stocks to buy: 10
Available cash: $594,601.99
Allocation per new stock: $59,460.20
    🟢 BOUGHT 514 shares of JMFINANCIL at $115.55 = $59,392.70
    🟢 BOUGHT 118 shares of GICHSGFIN at $500.90 = $59,106.20
    🟢 BOUGHT 516 shares of ITI at $115.15 = $59,417.40
    🟢 BOUGHT 499 shares of JAYBARMARU at $119.05 = $59,405.95
    🟢 BOUGHT 318 shares of BANKINDIA at $186.80 = $59,402.40
    🟢 BOUGHT 64 shares of SUNTV at $921.75 = $58,992.00
    🟢 BOUGHT 42 shares of PEL at $1407.53 = $59,116.37
    🟢 BOUGHT 1,072 shares of BEL at $55.44 = $59,431.03
    🟢 BOUGHT 113 shares of CANFINHOME at $523.45 = $59,149.85
Total spent on purchases: $533,413.90

📈 DAILY SNAPSHOT: 2017-04-28 00:00:00
Portfolio positions: 19
Portfolio market value: $1,236,531.99
Cash balance: $61,188.09
Total account value: $1,297,720.08
Period realized P&L: $31,098.02
Period unrealized P&L: $148,483.86
Total return: +29.77%

🔄 REBALANCING #22: 2017-05-31 00:00:00 (Month-End)
------------------------------------------------------------
💰 Opening Balance: $2,992,197.20
📊 Top 20 stocks for 2017-05-31 00:00:00:
    ticker       Close  v61
     DHANI  156.441360    1
AVANTIFEED  467.183319    2
SHAKTIPUMP   67.574997    3
MOTILALOFS 1031.300049    4
    MARUTI 7211.000000    5
RAJESHEXPO  650.750000    6
  TVSMOTOR  538.299988    7
       KEC  259.950012    8
 MOTHERSON   54.710140    9
   DCBBANK  191.100006   10
... and 10 more stocks

💰 SELL PHASE
Current holdings: 19
Stocks to sell: 14
    🔴 SOLD 514 shares of JMFINANCIL at $122.90 = $63,170.60 (P&L: $3,777.90)
    🔴 SOLD 118 shares of GICHSGFIN at $540.25 = $63,749.50 (P&L: $4,643.30)
    🔴 SOLD 526 shares of IOC at $143.15 = $75,296.90 (P&L: $24,231.06)
    🔴 SOLD 709 shares of RCF at $88.25 = $62,569.25 (P&L: $4,608.50)
    🔴 SOLD 516 shares of ITI at $74.45 = $38,416.20 (P&L: $-21,001.20)
    🔴 SOLD 499 shares of JAYBARMARU at $114.88 = $57,325.12 (P&L: $-2,080.83)
    🔴 SOLD 68 shares of NATCOPHARM at $933.70 = $63,491.60 (P&L: $5,746.00)
    🔴 SOLD 318 shares of BANKINDIA at $141.35 = $44,949.30 (P&L: $-14,453.10)
    🔴 SOLD 64 shares of SUNTV at $798.00 = $51,072.00 (P&L: $-7,920.00)
    🔴 SOLD 67 shares of BBTC at $882.20 = $59,107.40 (P&L: $1,932.95)
    🔴 SOLD 427 shares of RECLTD at $144.94 = $61,888.31 (P&L: $3,923.06)
    🔴 SOLD 766 shares of CESC at $82.39 = $63,111.05 (P&L: $12,350.58)
    🔴 SOLD 659 shares of IGL at $107.43 = $70,799.66 (P&L: $18,003.88)
    🔴 SOLD 1,072 shares of BEL at $52.32 = $56,085.09 (P&L: $-3,345.94)
Total proceeds from sales: $831,031.98

🛒 BUY PHASE
Stocks already held: 5
New stocks to buy: 15
Available cash: $892,220.07
Allocation per new stock: $59,481.34
    🟢 BOUGHT 110 shares of TVSMOTOR at $538.30 = $59,213.00
    🟢 BOUGHT 81 shares of LICHSGFIN at $734.10 = $59,462.10
    🟢 BOUGHT 1,087 shares of MOTHERSON at $54.71 = $59,469.92
    🟢 BOUGHT 57 shares of SAMMAANCAP at $1034.54 = $58,968.91
    🟢 BOUGHT 296 shares of OMAXE at $200.55 = $59,362.80
    🟢 BOUGHT 57 shares of MOTILALOFS at $1031.30 = $58,784.10
    🟢 BOUGHT 2,113 shares of SOUTHBANK at $28.15 = $59,480.95
    🟢 BOUGHT 127 shares of AVANTIFEED at $467.18 = $59,332.28
    🟢 BOUGHT 61 shares of KOTAKBANK at $966.05 = $58,929.05
    🟢 BOUGHT 228 shares of KEC at $259.95 = $59,268.60
    🟢 BOUGHT 1,085 shares of ADFFOODS at $54.78 = $59,436.30
    🟢 BOUGHT 91 shares of RAJESHEXPO at $650.75 = $59,218.25
    🟢 BOUGHT 98 shares of GODREJIND at $604.55 = $59,245.90
    🟢 BOUGHT 880 shares of SHAKTIPUMP at $67.57 = $59,466.00
    🟢 BOUGHT 8 shares of MARUTI at $7211.00 = $57,688.00
Total spent on purchases: $887,326.16

📈 DAILY SNAPSHOT: 2017-05-31 00:00:00
Portfolio positions: 20
Portfolio market value: $1,304,747.16
Cash balance: $4,893.90
Total account value: $1,309,641.06
Period realized P&L: $30,416.16
Period unrealized P&L: $129,988.68
Total return: +30.96%

📈 DAILY SNAPSHOT: 2017-06-08 00:00:00
Portfolio positions: 20
Portfolio market value: $1,331,759.60
Cash balance: $4,893.90
Total account value: $1,336,653.50
Total return: +33.67%

🔄 REBALANCING #23: 2017-06-30 00:00:00 (Month-End)
------------------------------------------------------------
💰 Opening Balance: $3,196,909.18
📊 Top 20 stocks for 2017-06-30 00:00:00:
    ticker       Close  v61
     DHANI  161.785950    1
      PCBL   61.060001    2
   VENKEYS 1698.650024    3
CANFINHOME  646.510010    4
MOTILALOFS 1146.400024    5
      IIFL  328.773834    6
RAJESHEXPO  689.450012    7
SHAKTIPUMP   77.333336    8
  TVSMOTOR  549.200012    9
       MEP  110.699997   10
... and 10 more stocks

💰 SELL PHASE
Current holdings: 20
Stocks to sell: 9
    🔴 SOLD 81 shares of LICHSGFIN at $742.20 = $60,118.20 (P&L: $656.10)
    🔴 SOLD 1,087 shares of MOTHERSON at $56.10 = $60,981.25 (P&L: $1,511.33)
    🔴 SOLD 57 shares of SAMMAANCAP at $959.26 = $54,678.09 (P&L: $-4,290.82)
    🔴 SOLD 296 shares of OMAXE at $202.35 = $59,895.60 (P&L: $532.80)
    🔴 SOLD 127 shares of AVANTIFEED at $498.62 = $63,324.32 (P&L: $3,992.04)
    🔴 SOLD 61 shares of KOTAKBANK at $955.75 = $58,300.75 (P&L: $-628.30)
    🔴 SOLD 228 shares of KEC at $257.75 = $58,767.00 (P&L: $-501.60)
    🔴 SOLD 1,085 shares of ADFFOODS at $49.58 = $53,794.30 (P&L: $-5,642.00)
    🔴 SOLD 634 shares of FEDERALBNK at $112.85 = $71,546.90 (P&L: $13,567.60)
Total proceeds from sales: $541,406.42

🛒 BUY PHASE
Stocks already held: 11
New stocks to buy: 9
Available cash: $546,300.32
Allocation per new stock: $60,700.04
    🟢 BOUGHT 994 shares of PCBL at $61.06 = $60,693.64
    🟢 BOUGHT 1,346 shares of BEPL at $45.07 = $60,659.73
    🟢 BOUGHT 33 shares of CEATLTD at $1795.00 = $59,235.00
    🟢 BOUGHT 184 shares of IIFL at $328.77 = $60,494.39
    🟢 BOUGHT 594 shares of KARURVYSYA at $102.13 = $60,665.04
    🟢 BOUGHT 35 shares of VENKEYS at $1698.65 = $59,452.75
    🟢 BOUGHT 234 shares of GOACARBON at $258.75 = $60,547.50
    🟢 BOUGHT 452 shares of LTF at $134.22 = $60,665.39
    🟢 BOUGHT 548 shares of MEP at $110.70 = $60,663.60
Total spent on purchases: $543,077.03

📈 DAILY SNAPSHOT: 2017-06-30 00:00:00
Portfolio positions: 20
Portfolio market value: $1,346,328.16
Cash balance: $3,223.29
Total account value: $1,349,551.45
Period realized P&L: $9,197.15
Period unrealized P&L: $160,701.92
Total return: +34.96%

📈 DAILY SNAPSHOT: 2017-07-21 00:00:00
Portfolio positions: 20
Portfolio market value: $1,409,388.22
Cash balance: $3,223.29
Total account value: $1,412,611.51
Total return: +41.26%

🔄 REBALANCING #24: 2017-07-31 00:00:00 (Month-End)
------------------------------------------------------------
💰 Opening Balance: $3,453,307.83
📊 Top 20 stocks for 2017-07-31 00:00:00:
    ticker       Close  v61
     DHANI  191.006317    1
   VENKEYS 2114.899902    2
RAJESHEXPO  711.200012    3
  TVSMOTOR  582.099976    4
SHAKTIPUMP   80.574997    5
       LTF  162.769958    6
BAJFINANCE  170.309998    7
      BEPL   48.900002    8
   PRAKASH  123.114883    9
       KEC  304.600006   10
... and 10 more stocks

💰 SELL PHASE
Current holdings: 20
Stocks to sell: 10
    🔴 SOLD 994 shares of PCBL at $58.33 = $57,984.99 (P&L: $-2,708.65)
    🔴 SOLD 341 shares of DCBBANK at $195.50 = $66,665.50 (P&L: $13,469.50)
    🔴 SOLD 33 shares of CEATLTD at $1877.15 = $61,945.95 (P&L: $2,710.95)
    🔴 SOLD 184 shares of IIFL at $323.39 = $59,504.63 (P&L: $-989.75)
    🔴 SOLD 57 shares of MOTILALOFS at $1067.65 = $60,856.05 (P&L: $2,071.95)
    🔴 SOLD 2,113 shares of SOUTHBANK at $30.15 = $63,706.95 (P&L: $4,226.00)
    🔴 SOLD 594 shares of KARURVYSYA at $98.99 = $58,799.39 (P&L: $-1,865.65)
    🔴 SOLD 42 shares of PEL at $1664.73 = $69,918.52 (P&L: $10,802.15)
    🔴 SOLD 98 shares of GODREJIND at $663.00 = $64,974.00 (P&L: $5,728.10)
    🔴 SOLD 113 shares of CANFINHOME at $617.78 = $69,809.14 (P&L: $10,659.29)
Total proceeds from sales: $634,165.12

🛒 BUY PHASE
Stocks already held: 10
New stocks to buy: 10
Available cash: $637,388.41
Allocation per new stock: $63,738.84
    🟢 BOUGHT 55 shares of HINDUNILVR at $1155.75 = $63,566.25
    🟢 BOUGHT 1,076 shares of MOTHERSON at $59.20 = $63,695.94
    🟢 BOUGHT 517 shares of PRAKASH at $123.11 = $63,650.39
    🟢 BOUGHT 441 shares of NOCIL at $144.40 = $63,680.40
    🟢 BOUGHT 374 shares of BAJFINANCE at $170.31 = $63,695.94
    🟢 BOUGHT 209 shares of KEC at $304.60 = $63,661.40
    🟢 BOUGHT 172 shares of RELIANCE at $369.21 = $63,503.70
    🟢 BOUGHT 38 shares of INDUSINDBK at $1645.75 = $62,538.50
    🟢 BOUGHT 309 shares of GRAPHITE at $205.95 = $63,638.55
    🟢 BOUGHT 415 shares of JINDALSTEL at $153.40 = $63,661.00
Total spent on purchases: $635,292.07

📈 DAILY SNAPSHOT: 2017-07-31 00:00:00
Portfolio positions: 20
Portfolio market value: $1,432,655.66
Cash balance: $2,096.34
Total account value: $1,434,752.01
Period realized P&L: $44,103.89
Period unrealized P&L: $201,798.59
Total return: +43.48%

🔄 REBALANCING #25: 2017-08-31 00:00:00 (Month-End)
------------------------------------------------------------
💰 Opening Balance: $3,762,835.30
📊 Top 20 stocks for 2017-08-31 00:00:00:
    ticker       Close  v61
     DHANI  219.427505    1
  GRAPHITE  262.250000    2
       HEG  137.820007    3
       LTF  186.301834    4
RAJESHEXPO  744.000000    5
      PCBL   70.815002    6
SHAKTIPUMP   89.116669    7
AVANTIFEED  615.816650    8
    GRASIM 1190.466431    9
       DBL  604.049988   10
... and 10 more stocks

💰 SELL PHASE
Current holdings: 20
Stocks to sell: 9
    🔴 SOLD 1,346 shares of BEPL at $57.00 = $76,722.00 (P&L: $16,062.27)
    🔴 SOLD 110 shares of TVSMOTOR at $603.70 = $66,407.00 (P&L: $7,194.00)
    🔴 SOLD 1,076 shares of MOTHERSON at $56.12 = $60,383.75 (P&L: $-3,312.19)
    🔴 SOLD 517 shares of PRAKASH at $103.43 = $53,474.38 (P&L: $-10,176.01)
    🔴 SOLD 441 shares of NOCIL at $142.25 = $62,732.25 (P&L: $-948.15)
    🔴 SOLD 234 shares of GOACARBON at $355.35 = $83,151.90 (P&L: $22,604.40)
    🔴 SOLD 172 shares of RELIANCE at $364.48 = $62,689.85 (P&L: $-813.85)
    🔴 SOLD 415 shares of JINDALSTEL at $137.10 = $56,896.50 (P&L: $-6,764.49)
    🔴 SOLD 8 shares of MARUTI at $7700.30 = $61,602.40 (P&L: $3,914.40)
Total proceeds from sales: $584,060.04

🛒 BUY PHASE
Stocks already held: 11
New stocks to buy: 9
Available cash: $586,156.38
Allocation per new stock: $65,128.49
    🟢 BOUGHT 919 shares of PCBL at $70.82 = $65,078.99
    🟢 BOUGHT 107 shares of DBL at $604.05 = $64,633.35
    🟢 BOUGHT 54 shares of GRASIM at $1190.47 = $64,285.19
    🟢 BOUGHT 105 shares of AVANTIFEED at $615.82 = $64,660.75
    🟢 BOUGHT 567 shares of BOMDYEING at $114.85 = $65,119.95
    🟢 BOUGHT 487 shares of EDELWEISS at $133.64 = $65,084.18
    🟢 BOUGHT 457 shares of RAIN at $142.40 = $65,076.80
    🟢 BOUGHT 980 shares of DWARKESH at $66.45 = $65,121.00
    🟢 BOUGHT 472 shares of HEG at $137.82 = $65,051.04
Total spent on purchases: $584,111.24

📈 DAILY SNAPSHOT: 2017-08-31 00:00:00
Portfolio positions: 20
Portfolio market value: $1,508,531.29
Cash balance: $2,045.14
Total account value: $1,510,576.43
Period realized P&L: $27,760.38
Period unrealized P&L: $249,862.63
Total return: +51.06%

📈 DAILY SNAPSHOT: 2017-09-05 00:00:00
Portfolio positions: 20
Portfolio market value: $1,525,412.49
Cash balance: $2,045.14
Total account value: $1,527,457.64
Total return: +52.75%

🔄 REBALANCING #26: 2017-09-29 00:00:00 (Month-End)
------------------------------------------------------------
💰 Opening Balance: $4,148,806.35
📊 Top 20 stocks for 2017-09-29 00:00:00:
    ticker      Close  v61
     DHANI 255.191238    1
      HSCL 139.750000    2
       HEG 186.639999    3
  GRAPHITE 371.700012    4
RAJESHEXPO 819.400024    5
       IGL 147.190002    6
 BOMDYEING 176.250000    7
      PCBL  80.535004    8
  TVSMOTOR 657.049988    9
       LTF 181.465240   10
... and 10 more stocks

💰 SELL PHASE
Current holdings: 20
Stocks to sell: 11
    🔴 SOLD 55 shares of HINDUNILVR at $1173.90 = $64,564.50 (P&L: $998.25)
    🔴 SOLD 107 shares of DBL at $599.35 = $64,130.45 (P&L: $-502.90)
    🔴 SOLD 54 shares of GRASIM at $1129.46 = $60,990.79 (P&L: $-3,294.40)
    🔴 SOLD 105 shares of AVANTIFEED at $676.57 = $71,039.50 (P&L: $6,378.75)
    🔴 SOLD 209 shares of KEC at $306.95 = $64,152.55 (P&L: $491.15)
    🔴 SOLD 35 shares of VENKEYS at $2000.45 = $70,015.75 (P&L: $10,563.00)
    🔴 SOLD 457 shares of RAIN at $175.95 = $80,409.15 (P&L: $15,332.35)
    🔴 SOLD 980 shares of DWARKESH at $62.45 = $61,201.00 (P&L: $-3,920.00)
    🔴 SOLD 38 shares of INDUSINDBK at $1682.20 = $63,923.60 (P&L: $1,385.10)
    🔴 SOLD 880 shares of SHAKTIPUMP at $81.30 = $71,544.00 (P&L: $12,078.01)
    🔴 SOLD 548 shares of MEP at $100.95 = $55,320.60 (P&L: $-5,343.00)
Total proceeds from sales: $727,291.88

🛒 BUY PHASE
Stocks already held: 9
New stocks to buy: 11
Available cash: $729,337.03
Allocation per new stock: $66,303.37
    🟢 BOUGHT 100 shares of TVSMOTOR at $657.05 = $65,705.00
    🟢 BOUGHT 602 shares of JBMA at $110.11 = $66,286.22
    🟢 BOUGHT 203 shares of KEI at $325.10 = $65,995.30
    🟢 BOUGHT 51 shares of MOTILALOFS at $1286.70 = $65,621.70
    🟢 BOUGHT 449 shares of TIRUMALCHM at $147.54 = $66,245.46
    🟢 BOUGHT 1,297 shares of FEL at $51.10 = $66,276.70
    🟢 BOUGHT 474 shares of HSCL at $139.75 = $66,241.50
    🟢 BOUGHT 51 shares of BBTC at $1286.90 = $65,631.90
    🟢 BOUGHT 450 shares of IGL at $147.19 = $66,235.50
    🟢 BOUGHT 296 shares of STLTECH at $223.65 = $66,200.40
    🟢 BOUGHT 8 shares of MARUTI at $7978.20 = $63,825.60
Total spent on purchases: $724,265.28

📈 DAILY SNAPSHOT: 2017-09-29 00:00:00
Portfolio positions: 20
Portfolio market value: $1,650,802.47
Cash balance: $5,071.75
Total account value: $1,655,874.22
Period realized P&L: $34,166.31
Period unrealized P&L: $360,994.11
Total return: +65.59%

📈 DAILY SNAPSHOT: 2017-10-18 00:00:00
Portfolio positions: 20
Portfolio market value: $1,861,169.92
Cash balance: $5,071.75
Total account value: $1,866,241.67
Total return: +86.62%

🔄 REBALANCING #27: 2017-10-31 00:00:00 (Month-End)
------------------------------------------------------------
💰 Opening Balance: $4,772,380.87
📊 Top 20 stocks for 2017-10-31 00:00:00:
    ticker      Close  v61
       HEG 342.190002    1
 GOACARBON 756.200012    2
  GRAPHITE 496.899994    3
AVANTIFEED 940.483337    4
      HSCL 173.449997    5
     DHANI 285.610382    6
      BEPL  92.966667    7
      RAIN 270.850006    8
  V2RETAIL 513.799988    9
       DBL 853.099976   10
... and 10 more stocks

💰 SELL PHASE
Current holdings: 20
Stocks to sell: 10
    🔴 SOLD 602 shares of JBMA at $107.74 = $64,859.48 (P&L: $-1,426.74)
    🔴 SOLD 203 shares of KEI at $334.70 = $67,944.10 (P&L: $1,948.80)
    🔴 SOLD 51 shares of MOTILALOFS at $1374.15 = $70,081.65 (P&L: $4,459.95)
    🔴 SOLD 452 shares of LTF at $187.09 = $84,565.78 (P&L: $23,900.40)
    🔴 SOLD 1,297 shares of FEL at $51.60 = $66,925.20 (P&L: $648.50)
    🔴 SOLD 374 shares of BAJFINANCE at $180.06 = $67,342.44 (P&L: $3,646.50)
    🔴 SOLD 487 shares of EDELWEISS at $152.13 = $74,086.73 (P&L: $9,002.54)
    🔴 SOLD 91 shares of RAJESHEXPO at $782.25 = $71,184.75 (P&L: $11,966.50)
    🔴 SOLD 296 shares of STLTECH at $284.90 = $84,330.40 (P&L: $18,130.00)
    🔴 SOLD 8 shares of MARUTI at $8211.25 = $65,690.00 (P&L: $1,864.40)
Total proceeds from sales: $717,010.52

🛒 BUY PHASE
Stocks already held: 10
New stocks to buy: 10
Available cash: $722,082.28
Allocation per new stock: $72,208.23
    🟢 BOUGHT 776 shares of BEPL at $92.97 = $72,142.13
    🟢 BOUGHT 84 shares of DBL at $853.10 = $71,660.40
    🟢 BOUGHT 89 shares of BATAINDIA at $811.10 = $72,187.90
    🟢 BOUGHT 140 shares of V2RETAIL at $513.80 = $71,932.00
    🟢 BOUGHT 92 shares of GUJALKALI at $782.20 = $71,962.40
    🟢 BOUGHT 76 shares of AVANTIFEED at $940.48 = $71,476.73
    🟢 BOUGHT 95 shares of GOACARBON at $756.20 = $71,839.00
    🟢 BOUGHT 266 shares of RAIN at $270.85 = $72,046.10
    🟢 BOUGHT 1,076 shares of TATASTEEL at $67.05 = $72,149.68
    🟢 BOUGHT 1,098 shares of SAREGAMA at $65.74 = $72,184.46
Total spent on purchases: $719,580.80

📈 DAILY SNAPSHOT: 2017-10-31 00:00:00
Portfolio positions: 20
Portfolio market value: $1,909,349.80
Cash balance: $2,501.47
Total account value: $1,911,851.27
Period realized P&L: $74,140.85
Period unrealized P&L: $542,830.31
Total return: +91.19%

🔄 REBALANCING #28: 2017-11-30 00:00:00 (Month-End)
------------------------------------------------------------
💰 Opening Balance: $5,476,441.58
📊 Top 20 stocks for 2017-11-30 00:00:00:
    ticker      Close  v61
 GOACARBON 862.849976    1
       HEG 349.839996    2
      BEPL 128.333328    3
  GRAPHITE 597.099976    4
  UNOMINDA 206.229126    5
      RAIN 354.649994    6
       DBL 975.450012    7
 BOMDYEING 221.600006    8
      HSCL 164.399994    9
MIRCELECTR  54.250000   10
... and 10 more stocks

💰 SELL PHASE
Current holdings: 20
Stocks to sell: 7
    🔴 SOLD 100 shares of TVSMOTOR at $716.30 = $71,630.00 (P&L: $5,925.00)
    🔴 SOLD 89 shares of BATAINDIA at $734.25 = $65,348.25 (P&L: $-6,839.65)
    🔴 SOLD 140 shares of V2RETAIL at $500.50 = $70,070.00 (P&L: $-1,862.00)
    🔴 SOLD 92 shares of GUJALKALI at $779.15 = $71,681.80 (P&L: $-280.60)
    🔴 SOLD 449 shares of TIRUMALCHM at $193.13 = $86,717.61 (P&L: $20,472.16)
    🔴 SOLD 450 shares of IGL at $163.30 = $73,485.00 (P&L: $7,249.50)
    🔴 SOLD 1,076 shares of TATASTEEL at $66.13 = $71,160.42 (P&L: $-989.26)
Total proceeds from sales: $510,093.08

🛒 BUY PHASE
Stocks already held: 13
New stocks to buy: 7
Available cash: $512,594.55
Allocation per new stock: $73,227.79
    🟢 BOUGHT 30 shares of BRITANNIA at $2407.80 = $72,234.00
    🟢 BOUGHT 355 shares of UNOMINDA at $206.23 = $73,211.34
    🟢 BOUGHT 1,349 shares of MIRCELECTR at $54.25 = $73,183.25
    🟢 BOUGHT 186 shares of BFINVEST at $393.40 = $73,172.40
    🟢 BOUGHT 255 shares of TATACONSUM at $287.10 = $73,210.50
    🟢 BOUGHT 325 shares of INDIAGLYCO at $225.12 = $73,165.62
    🟢 BOUGHT 205 shares of VIPIND at $357.15 = $73,215.75
Total spent on purchases: $511,392.87

📈 DAILY SNAPSHOT: 2017-11-30 00:00:00
Portfolio positions: 20
Portfolio market value: $2,015,469.25
Cash balance: $1,201.69
Total account value: $2,016,670.94
Period realized P&L: $23,675.15
Period unrealized P&L: $623,974.83
Total return: +101.67%

🔄 REBALANCING #29: 2017-12-29 00:00:00 (Month-End)
------------------------------------------------------------
💰 Opening Balance: $6,223,915.75
📊 Top 20 stocks for 2017-12-29 00:00:00:
    ticker       Close  v61
       HEG  467.269989    1
  GRAPHITE  710.200012    2
      GPIL   85.812500    3
      RAIN  370.350006    4
 GOACARBON  875.200012    5
      BEPL  125.300003    6
TATACONSUM  316.399994    7
       DBL  989.799988    8
    MARUTI 9729.549805    9
 BOMDYEING  277.899994   10
... and 10 more stocks

💰 SELL PHASE
Current holdings: 20
Stocks to sell: 10
    🔴 SOLD 919 shares of PCBL at $97.53 = $89,630.07 (P&L: $24,551.08)
    🔴 SOLD 30 shares of BRITANNIA at $2354.62 = $70,638.75 (P&L: $-1,595.25)
    🔴 SOLD 994 shares of DHANI at $265.18 = $263,590.00 (P&L: $205,599.21)
    🔴 SOLD 355 shares of UNOMINDA at $213.33 = $75,731.00 (P&L: $2,519.66)
    🔴 SOLD 1,349 shares of MIRCELECTR at $57.40 = $77,432.60 (P&L: $4,249.35)
    🔴 SOLD 186 shares of BFINVEST at $396.70 = $73,786.20 (P&L: $613.80)
    🔴 SOLD 474 shares of HSCL at $153.75 = $72,877.50 (P&L: $6,636.00)
    🔴 SOLD 76 shares of AVANTIFEED at $844.72 = $64,198.47 (P&L: $-7,278.27)
    🔴 SOLD 205 shares of VIPIND at $351.35 = $72,026.75 (P&L: $-1,189.00)
    🔴 SOLD 1,098 shares of SAREGAMA at $80.65 = $88,556.31 (P&L: $16,371.85)
Total proceeds from sales: $948,467.65

🛒 BUY PHASE
Stocks already held: 10
New stocks to buy: 10
Available cash: $949,669.34
Allocation per new stock: $94,966.93
    🟢 BOUGHT 123 shares of TVSMOTOR at $770.70 = $94,796.10
    🟢 BOUGHT 110 shares of TITAN at $858.15 = $94,396.50
    🟢 BOUGHT 560 shares of PRAKASH at $169.40 = $94,865.08
    🟢 BOUGHT 539 shares of JUBLFOOD at $176.11 = $94,923.29
    🟢 BOUGHT 432 shares of TIRUMALCHM at $219.40 = $94,778.64
    🟢 BOUGHT 568 shares of PURVA at $167.15 = $94,941.20
    🟢 BOUGHT 323 shares of RADICO at $293.90 = $94,929.70
    🟢 BOUGHT 1,106 shares of GPIL at $85.81 = $94,908.62
    🟢 BOUGHT 463 shares of JINDALSTEL at $205.05 = $94,938.15
    🟢 BOUGHT 9 shares of MARUTI at $9729.55 = $87,565.95
Total spent on purchases: $941,043.24

📈 DAILY SNAPSHOT: 2017-12-29 00:00:00
Portfolio positions: 20
Portfolio market value: $2,143,089.68
Cash balance: $8,626.10
Total account value: $2,151,715.78
Period realized P&L: $250,478.43
Period unrealized P&L: $508,541.24
Total return: +115.17%

📈 DAILY SNAPSHOT: 2018-01-12 00:00:00
Portfolio positions: 20
Portfolio market value: $2,414,406.78
Cash balance: $8,626.10
Total account value: $2,423,032.88
Total return: +142.30%

🔄 REBALANCING #30: 2018-01-31 00:00:00 (Month-End)
------------------------------------------------------------
💰 Opening Balance: $7,139,379.80
📊 Top 20 stocks for 2018-01-31 00:00:00:
   ticker      Close  v61
     GPIL 131.774994    1
      HEG 543.020020    2
 GRAPHITE 758.599976    3
GOACARBON 915.849976    4
     RAIN 380.549988    5
  SUNTECK 422.350006    6
   RADICO 361.500000    7
      ACE 172.050003    8
  MPHASIS 894.849976    9
     BEPL 112.966667   10
... and 10 more stocks

💰 SELL PHASE
Current holdings: 20
Stocks to sell: 8
    🔴 SOLD 84 shares of DBL at $909.75 = $76,419.00 (P&L: $4,758.60)
    🔴 SOLD 123 shares of TVSMOTOR at $696.80 = $85,706.40 (P&L: $-9,089.70)
    🔴 SOLD 110 shares of TITAN at $869.55 = $95,650.50 (P&L: $1,254.00)
    🔴 SOLD 560 shares of PRAKASH at $183.81 = $102,932.00 (P&L: $8,066.92)
    🔴 SOLD 432 shares of TIRUMALCHM at $199.56 = $86,209.92 (P&L: $-8,568.72)
    🔴 SOLD 51 shares of BBTC at $1399.95 = $71,397.45 (P&L: $5,765.55)
    🔴 SOLD 567 shares of BOMDYEING at $228.15 = $129,361.05 (P&L: $64,241.10)
    🔴 SOLD 568 shares of PURVA at $150.60 = $85,540.80 (P&L: $-9,400.39)
Total proceeds from sales: $733,217.11

🛒 BUY PHASE
Stocks already held: 12
New stocks to buy: 8
Available cash: $741,843.21
Allocation per new stock: $92,730.40
    🟢 BOUGHT 768 shares of PCBL at $120.68 = $92,682.24
    🟢 BOUGHT 103 shares of MPHASIS at $894.85 = $92,169.55
    🟢 BOUGHT 1,910 shares of PCJEWELLER at $48.53 = $92,701.85
    🟢 BOUGHT 219 shares of SUNTECK at $422.35 = $92,494.65
    🟢 BOUGHT 333 shares of DEEPAKNTR at $278.10 = $92,607.30
    🟢 BOUGHT 798 shares of ADANIENT at $116.17 = $92,706.01
    🟢 BOUGHT 538 shares of ACE at $172.05 = $92,562.90
    🟢 BOUGHT 541 shares of COFORGE at $171.23 = $92,635.43
Total spent on purchases: $740,559.93

📈 DAILY SNAPSHOT: 2018-01-31 00:00:00
Portfolio positions: 20
Portfolio market value: $2,247,819.36
Cash balance: $1,283.29
Total account value: $2,249,102.64
Period realized P&L: $57,027.34
Period unrealized P&L: $548,900.76
Total return: +124.91%

📈 DAILY SNAPSHOT: 2018-02-27 00:00:00
Portfolio positions: 20
Portfolio market value: $2,176,255.07
Cash balance: $1,283.29
Total account value: $2,177,538.36
Total return: +117.75%

🔄 REBALANCING #31: 2018-02-28 00:00:00 (Month-End)
------------------------------------------------------------
💰 Opening Balance: $7,673,743.62
📊 Top 20 stocks for 2018-02-28 00:00:00:
    ticker       Close  v61
       HEG  565.520020    1
      LTIM 1440.099976    2
       ACE  188.000000    3
 BOMDYEING  258.649994    4
   VENKEYS 3924.250000    5
JINDALSTEL  254.399994    6
      RAIN  380.899994    7
   COFORGE  166.899994    8
    BIOCON  315.024994    9
  ADANIENT  110.914642   10
... and 10 more stocks

💰 SELL PHASE
Current holdings: 20
Stocks to sell: 10
    🔴 SOLD 1,910 shares of PCJEWELLER at $33.31 = $63,631.65 (P&L: $-29,070.20)
    🔴 SOLD 776 shares of BEPL at $116.83 = $90,662.67 (P&L: $18,520.53)
    🔴 SOLD 219 shares of SUNTECK at $400.25 = $87,654.75 (P&L: $-4,839.90)
    🔴 SOLD 333 shares of DEEPAKNTR at $260.75 = $86,829.75 (P&L: $-5,777.55)
    🔴 SOLD 255 shares of TATACONSUM at $275.50 = $70,252.50 (P&L: $-2,958.00)
    🔴 SOLD 1,106 shares of GPIL at $127.97 = $141,540.35 (P&L: $46,631.72)
    🔴 SOLD 95 shares of GOACARBON at $989.55 = $94,007.25 (P&L: $22,168.25)
    🔴 SOLD 325 shares of INDIAGLYCO at $244.73 = $79,535.63 (P&L: $6,370.00)
    🔴 SOLD 309 shares of GRAPHITE at $674.45 = $208,405.05 (P&L: $144,766.50)
    🔴 SOLD 9 shares of MARUTI at $8850.95 = $79,658.55 (P&L: $-7,907.40)
Total proceeds from sales: $1,002,178.15

🛒 BUY PHASE
Stocks already held: 10
New stocks to buy: 10
Available cash: $1,003,461.43
Allocation per new stock: $100,346.14
    🟢 BOUGHT 746 shares of BSOFT at $134.33 = $100,213.65
    🟢 BOUGHT 553 shares of PRAKASH at $181.17 = $100,186.10
    🟢 BOUGHT 321 shares of JSWSTEEL at $312.20 = $100,216.20
    🟢 BOUGHT 69 shares of LTIM at $1440.10 = $99,366.90
    🟢 BOUGHT 318 shares of BIOCON at $315.02 = $100,177.95
    🟢 BOUGHT 387 shares of BOMDYEING at $258.65 = $100,097.55
    🟢 BOUGHT 241 shares of KEC at $415.25 = $100,075.25
    🟢 BOUGHT 25 shares of VENKEYS at $3924.25 = $98,106.25
    🟢 BOUGHT 171 shares of INFY at $586.30 = $100,257.30
    🟢 BOUGHT 279 shares of STLTECH at $359.35 = $100,258.65
Total spent on purchases: $998,955.80

📈 DAILY SNAPSHOT: 2018-02-28 00:00:00
Portfolio positions: 20
Portfolio market value: $2,167,269.68
Cash balance: $4,505.63
Total account value: $2,171,775.31
Period realized P&L: $187,903.96
Period unrealized P&L: $283,669.47
Total return: +117.18%

🔄 REBALANCING #32: 2018-03-28 00:00:00 (Month-End)
------------------------------------------------------------
💰 Opening Balance: $8,093,779.14
📊 Top 20 stocks for 2018-03-28 00:00:00:
  ticker       Close  v61
     HEG  637.000000    1
JUBLFOOD  232.585007    2
    LTIM 1340.699951    3
GRAPHITE  726.099976    4
  MASTEK  530.500000    5
   BSOFT  134.614395    6
 VENKEYS 3871.000000    7
 COFORGE  173.000000    8
   TECHM  638.700012    9
    RAIN  374.649994   10
... and 10 more stocks

💰 SELL PHASE
Current holdings: 20
Stocks to sell: 10
    🔴 SOLD 768 shares of PCBL at $108.56 = $83,374.08 (P&L: $-9,308.16)
    🔴 SOLD 553 shares of PRAKASH at $146.30 = $80,904.82 (P&L: $-19,281.28)
    🔴 SOLD 321 shares of JSWSTEEL at $288.15 = $92,496.15 (P&L: $-7,720.06)
    🔴 SOLD 798 shares of ADANIENT at $85.22 = $68,007.59 (P&L: $-24,698.41)
    🔴 SOLD 538 shares of ACE at $167.65 = $90,195.70 (P&L: $-2,367.20)
    🔴 SOLD 387 shares of BOMDYEING at $239.05 = $92,512.35 (P&L: $-7,585.20)
    🔴 SOLD 241 shares of KEC at $389.75 = $93,929.75 (P&L: $-6,145.50)
    🔴 SOLD 171 shares of INFY at $565.90 = $96,768.90 (P&L: $-3,488.39)
    🔴 SOLD 463 shares of JINDALSTEL at $219.10 = $101,443.30 (P&L: $6,505.15)
    🔴 SOLD 279 shares of STLTECH at $312.40 = $87,159.60 (P&L: $-13,099.05)
Total proceeds from sales: $886,792.25

🛒 BUY PHASE
Stocks already held: 10
New stocks to buy: 10
Available cash: $891,297.88
Allocation per new stock: $89,129.79
    🟢 BOUGHT 168 shares of MASTEK at $530.50 = $89,124.00
    🟢 BOUGHT 88 shares of DBL at $1003.30 = $88,290.40
    🟢 BOUGHT 139 shares of TECHM at $638.70 = $88,779.30
    🟢 BOUGHT 172 shares of BAJAJELEC at $517.93 = $89,083.28
    🟢 BOUGHT 35 shares of BRITANNIA at $2485.30 = $86,985.50
    🟢 BOUGHT 94 shares of TITAN at $942.30 = $88,576.20
    🟢 BOUGHT 67 shares of DMART at $1324.80 = $88,761.60
    🟢 BOUGHT 307 shares of CHOLAFIN at $290.09 = $89,057.63
    🟢 BOUGHT 122 shares of GRAPHITE at $726.10 = $88,584.20
    🟢 BOUGHT 1,225 shares of ASHOKLEY at $72.72 = $89,088.12
Total spent on purchases: $886,330.23

📈 DAILY SNAPSHOT: 2018-03-28 00:00:00
Portfolio positions: 20
Portfolio market value: $2,083,348.19
Cash balance: $4,967.65
Total account value: $2,088,315.83
Period realized P&L: $-87,188.11
Period unrealized P&L: $287,398.10
Total return: +108.83%

📈 DAILY SNAPSHOT: 2018-04-13 00:00:00
Portfolio positions: 20
Portfolio market value: $2,166,132.35
Cash balance: $4,967.65
Total account value: $2,171,100.00
Total return: +117.11%

🔄 REBALANCING #33: 2018-04-30 00:00:00 (Month-End)
------------------------------------------------------------
💰 Opening Balance: $8,445,133.72
📊 Top 20 stocks for 2018-04-30 00:00:00:
    ticker       Close  v61
  CHOLAFIN  348.290009    1
PIDILITIND  543.099976    2
 NESTLEIND  469.827515    3
   COFORGE  232.419998    4
   MPHASIS 1036.349976    5
     BSOFT  160.754013    6
     DHANI  482.149994    7
     DMART 1490.650024    8
      LTIM 1568.949951    9
  JUBLFOOD  254.024994   10
... and 10 more stocks

💰 SELL PHASE
Current holdings: 20
Stocks to sell: 8
    🔴 SOLD 168 shares of MASTEK at $562.50 = $94,500.00 (P&L: $5,376.00)
    🔴 SOLD 88 shares of DBL at $1162.45 = $102,295.60 (P&L: $14,005.20)
    🔴 SOLD 139 shares of TECHM at $670.60 = $93,213.40 (P&L: $4,434.09)
    🔴 SOLD 172 shares of BAJAJELEC at $602.44 = $103,619.91 (P&L: $14,536.64)
    🔴 SOLD 318 shares of BIOCON at $333.80 = $106,148.40 (P&L: $5,970.45)
    🔴 SOLD 25 shares of VENKEYS at $3908.35 = $97,708.75 (P&L: $-397.50)
    🔴 SOLD 266 shares of RAIN at $319.70 = $85,040.20 (P&L: $12,994.10)
    🔴 SOLD 122 shares of GRAPHITE at $697.55 = $85,101.10 (P&L: $-3,483.10)
Total proceeds from sales: $767,627.35

🛒 BUY PHASE
Stocks already held: 12
New stocks to buy: 8
Available cash: $772,595.00
Allocation per new stock: $96,574.38
    🟢 BOUGHT 64 shares of HINDUNILVR at $1508.90 = $96,569.60
    🟢 BOUGHT 177 shares of PIDILITIND at $543.10 = $96,128.70
    🟢 BOUGHT 205 shares of NESTLEIND at $469.83 = $96,314.64
    🟢 BOUGHT 45 shares of PGHL at $2121.70 = $95,476.50
    🟢 BOUGHT 54 shares of TCS at $1766.05 = $95,366.70
    🟢 BOUGHT 200 shares of DHANI at $482.15 = $96,430.00
    🟢 BOUGHT 818 shares of SHAKTIPUMP at $118.03 = $96,544.45
    🟢 BOUGHT 201 shares of SRF at $478.49 = $96,176.49
Total spent on purchases: $769,007.08

📈 DAILY SNAPSHOT: 2018-04-30 00:00:00
Portfolio positions: 20
Portfolio market value: $2,261,430.82
Cash balance: $3,587.93
Total account value: $2,265,018.74
Period realized P&L: $53,435.88
Period unrealized P&L: $410,665.13
Total return: +126.50%

📈 DAILY SNAPSHOT: 2018-05-28 00:00:00
Portfolio positions: 20
Portfolio market value: $2,288,858.57
Cash balance: $3,587.93
Total account value: $2,292,446.50
Total return: +129.24%

🔄 REBALANCING #34: 2018-05-31 00:00:00 (Month-End)
------------------------------------------------------------
💰 Opening Balance: $8,969,639.55
📊 Top 20 stocks for 2018-05-31 00:00:00:
    ticker       Close  v61
 BRITANNIA 2961.975098    1
       HEG  708.239990    2
HINDUNILVR 1611.449951    3
PIDILITIND  578.799988    4
     BSOFT  172.254211    5
  GRAPHITE  888.450012    6
  JUBLFOOD  250.860001    7
 NESTLEIND  482.700012    8
     DHANI  467.299988    9
 KOTAKBANK 1334.599976   10
... and 10 more stocks

💰 SELL PHASE
Current holdings: 20
Stocks to sell: 7
    🔴 SOLD 94 shares of TITAN at $900.10 = $84,609.40 (P&L: $-3,966.80)
    🔴 SOLD 45 shares of PGHL at $2338.75 = $105,243.75 (P&L: $9,767.25)
    🔴 SOLD 1,225 shares of ASHOKLEY at $74.03 = $90,680.63 (P&L: $1,592.50)
    🔴 SOLD 54 shares of TCS at $1741.05 = $94,016.70 (P&L: $-1,350.00)
    🔴 SOLD 307 shares of CHOLAFIN at $305.74 = $93,862.18 (P&L: $4,804.55)
    🔴 SOLD 818 shares of SHAKTIPUMP at $94.47 = $77,280.55 (P&L: $-19,263.90)
    🔴 SOLD 201 shares of SRF at $386.44 = $77,674.44 (P&L: $-18,502.05)
Total proceeds from sales: $623,367.64

🛒 BUY PHASE
Stocks already held: 13
New stocks to buy: 7
Available cash: $626,955.57
Allocation per new stock: $89,565.08
    🟢 BOUGHT 125 shares of TECHM at $712.35 = $89,043.75
    🟢 BOUGHT 233 shares of DABUR at $383.30 = $89,308.90
    🟢 BOUGHT 1,232 shares of FSL at $72.65 = $89,504.80
    🟢 BOUGHT 71 shares of COLPAL at $1259.70 = $89,438.70
    🟢 BOUGHT 67 shares of KOTAKBANK at $1334.60 = $89,418.20
    🟢 BOUGHT 100 shares of GRAPHITE at $888.45 = $88,845.00
    🟢 BOUGHT 97 shares of M&M at $922.95 = $89,526.15
Total spent on purchases: $625,085.49

📈 DAILY SNAPSHOT: 2018-05-31 00:00:00
Portfolio positions: 20
Portfolio market value: $2,333,188.04
Cash balance: $1,870.08
Total account value: $2,335,058.11
Period realized P&L: $-26,918.45
Period unrealized P&L: $507,622.94
Total return: +133.51%

🔄 REBALANCING #35: 2018-06-29 00:00:00 (Month-End)
------------------------------------------------------------
💰 Opening Balance: $9,340,819.67
📊 Top 20 stocks for 2018-06-29 00:00:00:
    ticker       Close  v61
 BRITANNIA 3106.875000    1
  JUBLFOOD  277.290009    2
       TCS 1847.750000    3
 KOTAKBANK 1342.949951    4
     DHANI  487.649994    5
     BSOFT  168.928467    6
 NESTLEIND  490.505005    7
       FSL   70.500000    8
BAJFINANCE  229.634995    9
       HEG  662.099976   10
... and 10 more stocks

💰 SELL PHASE
Current holdings: 20
Stocks to sell: 5
    🔴 SOLD 64 shares of HINDUNILVR at $1641.15 = $105,033.60 (P&L: $8,464.00)
    🔴 SOLD 177 shares of PIDILITIND at $531.75 = $94,119.75 (P&L: $-2,008.95)
    🔴 SOLD 125 shares of TECHM at $655.45 = $81,931.25 (P&L: $-7,112.50)
    🔴 SOLD 69 shares of LTIM at $1671.40 = $115,326.60 (P&L: $15,959.70)
    🔴 SOLD 71 shares of COLPAL at $1184.85 = $84,124.35 (P&L: $-5,314.35)
Total proceeds from sales: $480,535.55

🛒 BUY PHASE
Stocks already held: 15
New stocks to buy: 5
Available cash: $482,405.63
Allocation per new stock: $96,481.13
    🟢 BOUGHT 3 shares of PAGEIND at $27814.25 = $83,442.75
    🟢 BOUGHT 52 shares of TCS at $1847.75 = $96,083.00
    🟢 BOUGHT 420 shares of BAJFINANCE at $229.63 = $96,446.70
    🟢 BOUGHT 147 shares of INFY at $653.60 = $96,079.20
    🟢 BOUGHT 226 shares of VIPIND at $426.20 = $96,321.20
Total spent on purchases: $468,372.85

📈 DAILY SNAPSHOT: 2018-06-29 00:00:00
Portfolio positions: 20
Portfolio market value: $2,265,977.26
Cash balance: $14,032.78
Total account value: $2,280,010.05
Period realized P&L: $9,987.91
Period unrealized P&L: $442,586.96
Total return: +128.00%

📈 DAILY SNAPSHOT: 2018-07-09 00:00:00
Portfolio positions: 20
Portfolio market value: $2,343,267.48
Cash balance: $14,032.78
Total account value: $2,357,300.26
Total return: +135.73%

🔄 REBALANCING #36: 2018-07-31 00:00:00 (Month-End)
------------------------------------------------------------
💰 Opening Balance: $9,994,332.00
📊 Top 20 stocks for 2018-07-31 00:00:00:
    ticker        Close  v61
 BRITANNIA  3271.100098    1
BAJFINANCE   269.790009    2
       HEG   859.349976    3
 NESTLEIND   526.520020    4
     DHANI   598.000000    5
  GRAPHITE  1013.900024    6
      LTIM  1872.900024    7
  RELIANCE   542.199280    8
ASIANPAINT  1451.400024    9
   PAGEIND 29053.300781   10
... and 10 more stocks

💰 SELL PHASE
Current holdings: 20
Stocks to sell: 4
    🔴 SOLD 67 shares of KOTAKBANK at $1306.85 = $87,558.95 (P&L: $-1,859.25)
    🔴 SOLD 746 shares of BSOFT at $184.75 = $137,822.76 (P&L: $37,609.11)
    🔴 SOLD 97 shares of M&M at $935.95 = $90,787.15 (P&L: $1,261.00)
    🔴 SOLD 323 shares of RADICO at $437.25 = $141,231.75 (P&L: $46,302.05)
Total proceeds from sales: $457,400.61

🛒 BUY PHASE
Stocks already held: 16
New stocks to buy: 4
Available cash: $471,433.39
Allocation per new stock: $117,858.35
    🟢 BOUGHT 81 shares of ASIANPAINT at $1451.40 = $117,563.40
    🟢 BOUGHT 217 shares of RELIANCE at $542.20 = $117,657.24
    🟢 BOUGHT 129 shares of BATAINDIA at $908.90 = $117,248.10
    🟢 BOUGHT 62 shares of LTIM at $1872.90 = $116,119.80
Total spent on purchases: $468,588.55

📈 DAILY SNAPSHOT: 2018-07-31 00:00:00
Portfolio positions: 20
Portfolio market value: $2,529,363.11
Cash balance: $2,844.84
Total account value: $2,532,207.95
Period realized P&L: $83,312.91
Period unrealized P&L: $611,471.96
Total return: +153.22%

📈 DAILY SNAPSHOT: 2018-08-21 00:00:00
Portfolio positions: 20
Portfolio market value: $2,676,118.38
Cash balance: $2,844.84
Total account value: $2,678,963.22
Total return: +167.90%

🔄 REBALANCING #37: 2018-08-31 00:00:00 (Month-End)
------------------------------------------------------------
💰 Opening Balance: $10,858,033.97
📊 Top 20 stocks for 2018-08-31 00:00:00:
    ticker        Close  v61
     DHANI   771.650024    1
BAJFINANCE   285.660004    2
  JUBLFOOD   309.869995    3
 BRITANNIA  3368.375000    4
 BATAINDIA  1082.400024    5
       TCS  2078.399902    6
    VIPIND   624.049988    7
   PAGEIND 34416.750000    8
     DABUR   478.750000    9
 NESTLEIND   579.112488   10
... and 10 more stocks

💰 SELL PHASE
Current holdings: 20
Stocks to sell: 6
    🔴 SOLD 103 shares of MPHASIS at $1260.00 = $129,780.00 (P&L: $37,610.45)
    🔴 SOLD 81 shares of ASIANPAINT at $1372.45 = $111,168.45 (P&L: $-6,394.96)
    🔴 SOLD 67 shares of DMART at $1604.50 = $107,501.50 (P&L: $18,739.90)
    🔴 SOLD 62 shares of LTIM at $1797.75 = $111,460.50 (P&L: $-4,659.30)
    🔴 SOLD 1,232 shares of FSL at $75.35 = $92,831.20 (P&L: $3,326.40)
    🔴 SOLD 100 shares of GRAPHITE at $1013.00 = $101,300.00 (P&L: $12,455.00)
Total proceeds from sales: $654,041.64

🛒 BUY PHASE
Stocks already held: 14
New stocks to buy: 6
Available cash: $656,886.49
Allocation per new stock: $109,481.08
    🟢 BOUGHT 120 shares of TORNTPHARM at $906.40 = $108,768.00
    🟢 BOUGHT 215 shares of SUNTECK at $508.80 = $109,392.00
    🟢 BOUGHT 150 shares of HAVELLS at $725.25 = $108,787.50
    🟢 BOUGHT 31 shares of PGHL at $3512.05 = $108,873.55
    🟢 BOUGHT 2,299 shares of INFIBEAM at $47.61 = $109,445.71
    🟢 BOUGHT 30 shares of PFIZER at $3621.30 = $108,639.00
Total spent on purchases: $653,905.76

📈 DAILY SNAPSHOT: 2018-08-31 00:00:00
Portfolio positions: 20
Portfolio market value: $2,716,987.07
Cash balance: $2,980.72
Total account value: $2,719,967.79
Period realized P&L: $61,077.49
Period unrealized P&L: $738,154.32
Total return: +172.00%

🔄 REBALANCING #38: 2018-09-28 00:00:00 (Month-End)
------------------------------------------------------------
💰 Opening Balance: $11,243,573.07
📊 Top 20 stocks for 2018-09-28 00:00:00:
  ticker        Close  v61
     TCS  2183.699951    1
RELIANCE   575.092407    2
    INFY   730.049988    3
    LTTS  1736.250000    4
    LTIM  1917.000000    5
 PAGEIND 32885.101562    6
ADANIENT   130.600006    7
JSWSTEEL   381.649994    8
     UBL  1357.349976    9
 MPHASIS  1173.250000   10
... and 10 more stocks

💰 SELL PHASE
Current holdings: 20
Stocks to sell: 12
    🔴 SOLD 215 shares of SUNTECK at $401.30 = $86,279.50 (P&L: $-23,112.50)
    🔴 SOLD 35 shares of BRITANNIA at $2911.75 = $101,911.25 (P&L: $14,925.75)
    🔴 SOLD 150 shares of HAVELLS at $594.50 = $89,175.00 (P&L: $-19,612.50)
    🔴 SOLD 539 shares of JUBLFOOD at $245.95 = $132,567.05 (P&L: $37,643.76)
    🔴 SOLD 205 shares of NESTLEIND at $484.98 = $99,421.42 (P&L: $3,106.77)
    🔴 SOLD 200 shares of DHANI at $538.90 = $107,780.00 (P&L: $11,350.01)
    🔴 SOLD 31 shares of PGHL at $2592.10 = $80,355.10 (P&L: $-28,518.45)
    🔴 SOLD 2,299 shares of INFIBEAM at $12.19 = $28,032.87 (P&L: $-81,412.84)
    🔴 SOLD 30 shares of PFIZER at $2986.50 = $89,595.00 (P&L: $-19,044.00)
    🔴 SOLD 420 shares of BAJFINANCE at $216.80 = $91,056.00 (P&L: $-5,390.70)
    🔴 SOLD 226 shares of VIPIND at $413.60 = $93,473.60 (P&L: $-2,847.60)
    🔴 SOLD 472 shares of HEG at $669.15 = $315,838.81 (P&L: $250,787.77)
Total proceeds from sales: $1,315,485.61

🛒 BUY PHASE
Stocks already held: 8
New stocks to buy: 12
Available cash: $1,318,466.33
Allocation per new stock: $109,872.19
    🟢 BOUGHT 83 shares of DIVISLAB at $1310.90 = $108,804.70
    🟢 BOUGHT 179 shares of AXISBANK at $613.25 = $109,771.75
    🟢 BOUGHT 63 shares of LTTS at $1736.25 = $109,383.75
    🟢 BOUGHT 93 shares of MPHASIS at $1173.25 = $109,112.25
    🟢 BOUGHT 80 shares of UBL at $1357.35 = $108,588.00
    🟢 BOUGHT 147 shares of TECHM at $745.50 = $109,588.50
    🟢 BOUGHT 369 shares of ITC at $297.75 = $109,869.75
    🟢 BOUGHT 287 shares of JSWSTEEL at $381.65 = $109,533.55
    🟢 BOUGHT 841 shares of ADANIENT at $130.60 = $109,834.61
    🟢 BOUGHT 57 shares of LTIM at $1917.00 = $109,269.00
    🟢 BOUGHT 202 shares of HCLTECH at $543.90 = $109,867.80
    🟢 BOUGHT 8,764 shares of SUVEN at $12.54 = $109,863.23
Total spent on purchases: $1,313,486.89

📈 DAILY SNAPSHOT: 2018-09-28 00:00:00
Portfolio positions: 20
Portfolio market value: $2,200,305.61
Cash balance: $4,979.44
Total account value: $2,205,285.05
Period realized P&L: $137,875.47
Period unrealized P&L: $85,596.10
Total return: +120.53%

📈 DAILY SNAPSHOT: 2018-10-08 00:00:00
Portfolio positions: 20
Portfolio market value: $2,061,793.05
Cash balance: $4,979.44
Total account value: $2,066,772.48
Total return: +106.68%

🔄 REBALANCING #39: 2018-10-31 00:00:00 (Month-End)
------------------------------------------------------------
💰 Opening Balance: $11,346,366.85
📊 Top 20 stocks for 2018-10-31 00:00:00:
    ticker       Close  v61
  ADANIENT  170.000000    1
     WIPRO  124.200027    2
  DIVISLAB 1484.500000    3
       HEG  854.390015    4
      LTTS 1700.800049    5
 INTELLECT  251.100006    6
     TECHM  743.900024    7
AUROPHARMA  791.549988    8
    NAUKRI  315.790009    9
TORNTPHARM  833.799988   10
... and 10 more stocks

💰 SELL PHASE
Current holdings: 20
Stocks to sell: 10
    🔴 SOLD 179 shares of AXISBANK at $582.40 = $104,249.60 (P&L: $-5,522.15)
    🔴 SOLD 93 shares of MPHASIS at $986.95 = $91,786.35 (P&L: $-17,325.90)
    🔴 SOLD 80 shares of UBL at $1219.90 = $97,592.00 (P&L: $-10,996.00)
    🔴 SOLD 369 shares of ITC at $280.10 = $103,356.90 (P&L: $-6,512.85)
    🔴 SOLD 287 shares of JSWSTEEL at $339.40 = $97,407.80 (P&L: $-12,125.75)
    🔴 SOLD 233 shares of DABUR at $384.75 = $89,646.75 (P&L: $337.85)
    🔴 SOLD 202 shares of HCLTECH at $527.80 = $106,615.60 (P&L: $-3,252.21)
    🔴 SOLD 8,764 shares of SUVEN at $11.24 = $98,463.68 (P&L: $-11,399.55)
    🔴 SOLD 147 shares of INFY at $686.40 = $100,900.80 (P&L: $4,821.61)
    🔴 SOLD 217 shares of RELIANCE at $485.17 = $105,281.41 (P&L: $-12,375.83)
Total proceeds from sales: $995,300.90

🛒 BUY PHASE
Stocks already held: 10
New stocks to buy: 10
Available cash: $1,000,280.34
Allocation per new stock: $100,028.03
    🟢 BOUGHT 316 shares of NAUKRI at $315.79 = $99,789.64
    🟢 BOUGHT 154 shares of HAVELLS at $645.80 = $99,453.20
    🟢 BOUGHT 126 shares of AUROPHARMA at $791.55 = $99,735.30
    🟢 BOUGHT 117 shares of HEG at $854.39 = $99,963.63
    🟢 BOUGHT 281 shares of ICICIBANK at $355.00 = $99,755.00
    🟢 BOUGHT 197 shares of NESTLEIND at $507.39 = $99,956.32
    🟢 BOUGHT 398 shares of INTELLECT at $251.10 = $99,937.80
    🟢 BOUGHT 303 shares of BIOCON at $329.50 = $99,838.50
    🟢 BOUGHT 805 shares of WIPRO at $124.20 = $99,981.02
    🟢 BOUGHT 105 shares of GRAPHITE at $951.65 = $99,923.25
Total spent on purchases: $998,333.67

📈 DAILY SNAPSHOT: 2018-10-31 00:00:00
Portfolio positions: 20
Portfolio market value: $2,129,440.53
Cash balance: $1,946.67
Total account value: $2,131,387.20
Period realized P&L: $-74,350.77
Period unrealized P&L: $86,049.02
Total return: +113.14%

📈 DAILY SNAPSHOT: 2018-11-21 00:00:00
Portfolio positions: 20
Portfolio market value: $2,047,049.56
Cash balance: $1,946.67
Total account value: $2,048,996.23
Total return: +104.90%

🔄 REBALANCING #40: 2018-11-30 00:00:00 (Month-End)
------------------------------------------------------------
💰 Opening Balance: $11,286,592.13
📊 Top 20 stocks for 2018-11-30 00:00:00:
    ticker       Close  v61
ADANIPOWER   11.100000    1
  ADANIENT  165.000000    2
  DIVISLAB 1439.349976    3
     WIPRO  121.743782    4
AUROPHARMA  810.700012    5
TORNTPHARM  886.900024    6
 BATAINDIA 1043.300049    7
APOLLOHOSP 1264.800049    8
    NAUKRI  309.119995    9
  GLENMARK  653.150024   10
... and 7 more stocks

💰 SELL PHASE
Current holdings: 20
Stocks to sell: 11
    🔴 SOLD 63 shares of LTTS at $1549.10 = $97,593.30 (P&L: $-11,790.45)
    🔴 SOLD 154 shares of HAVELLS at $684.70 = $105,443.80 (P&L: $5,990.60)
    🔴 SOLD 197 shares of NESTLEIND at $538.24 = $106,033.77 (P&L: $6,077.45)
    🔴 SOLD 541 shares of COFORGE at $217.96 = $117,916.36 (P&L: $25,280.94)
    🔴 SOLD 57 shares of LTIM at $1569.75 = $89,475.75 (P&L: $-19,793.25)
    🔴 SOLD 398 shares of INTELLECT at $229.75 = $91,440.50 (P&L: $-8,497.30)
    🔴 SOLD 52 shares of TCS at $1968.25 = $102,349.00 (P&L: $6,266.00)
    🔴 SOLD 303 shares of BIOCON at $312.17 = $94,589.02 (P&L: $-5,249.48)
    🔴 SOLD 3 shares of PAGEIND at $27117.10 = $81,351.30 (P&L: $-2,091.45)
    🔴 SOLD 117 shares of HEG at $836.18 = $97,833.06 (P&L: $-2,130.57)
    🔴 SOLD 105 shares of GRAPHITE at $934.85 = $98,159.25 (P&L: $-1,764.01)
Total proceeds from sales: $1,082,185.11

🛒 BUY PHASE
Stocks already held: 9
New stocks to buy: 8
Available cash: $1,084,131.78
Allocation per new stock: $98,557.43
    🟢 BOUGHT 157 shares of AXISBANK at $625.75 = $98,242.75
    🟢 BOUGHT 79 shares of UBL at $1239.90 = $97,952.10
    🟢 BOUGHT 8,879 shares of ADANIPOWER at $11.10 = $98,556.90
    🟢 BOUGHT 5 shares of BOSCHLTD at $18973.25 = $94,866.25
    🟢 BOUGHT 77 shares of APOLLOHOSP at $1264.80 = $97,389.60
    🟢 BOUGHT 150 shares of GLENMARK at $653.15 = $97,972.50
    🟢 BOUGHT 194 shares of HCLTECH at $507.50 = $98,455.00
    🟢 BOUGHT 217 shares of MUTHOOTFIN at $452.60 = $98,214.20
Total spent on purchases: $781,649.31

📈 DAILY SNAPSHOT: 2018-11-30 00:00:00
Portfolio positions: 17
Portfolio market value: $1,782,299.74
Cash balance: $302,482.47
Total account value: $2,084,782.20
Period realized P&L: $-7,701.52
Period unrealized P&L: $47,145.55
Total return: +108.48%

🔄 REBALANCING #41: 2018-12-31 00:00:00 (Month-End)
------------------------------------------------------------
💰 Opening Balance: $11,342,028.16
📊 Top 20 stocks for 2018-12-31 00:00:00:
    ticker       Close  v61
ADANIPOWER   10.190000    1
 BATAINDIA 1134.300049    2
  ADANIENT  161.000000    3
    COLPAL 1343.550049    4
 NESTLEIND  554.242493    5
  DIVISLAB 1482.650024    6
     ABFRL  199.605713    7
     WIPRO  124.068779    8
MUTHOOTFIN  516.000000    9
 ICICIBANK  360.149994   10
... and 10 more stocks

💰 SELL PHASE
Current holdings: 17
Stocks to sell: 8
    🔴 SOLD 120 shares of TORNTPHARM at $885.70 = $106,284.00 (P&L: $-2,484.00)
    🔴 SOLD 157 shares of AXISBANK at $619.90 = $97,324.30 (P&L: $-918.45)
    🔴 SOLD 79 shares of UBL at $1377.00 = $108,783.00 (P&L: $10,830.90)
    🔴 SOLD 147 shares of TECHM at $723.15 = $106,303.05 (P&L: $-3,285.45)
    🔴 SOLD 316 shares of NAUKRI at $288.13 = $91,049.08 (P&L: $-8,740.56)
    🔴 SOLD 126 shares of AUROPHARMA at $732.95 = $92,351.70 (P&L: $-7,383.60)
    🔴 SOLD 5 shares of BOSCHLTD at $19611.20 = $98,056.00 (P&L: $3,189.75)
    🔴 SOLD 194 shares of HCLTECH at $482.17 = $93,541.95 (P&L: $-4,913.05)
Total proceeds from sales: $793,693.09

🛒 BUY PHASE
Stocks already held: 9
New stocks to buy: 11
Available cash: $1,096,175.55
Allocation per new stock: $99,652.32
    🟢 BOUGHT 69 shares of LT at $1437.55 = $99,190.95
    🟢 BOUGHT 1,160 shares of PFC at $85.88 = $99,620.80
    🟢 BOUGHT 144 shares of HAVELLS at $691.50 = $99,576.00
    🟢 BOUGHT 179 shares of NESTLEIND at $554.24 = $99,209.41
    🟢 BOUGHT 115 shares of ICICIGI at $864.45 = $99,411.75
    🟢 BOUGHT 266 shares of MARICO at $373.40 = $99,324.40
    🟢 BOUGHT 74 shares of COLPAL at $1343.55 = $99,422.70
    🟢 BOUGHT 197 shares of UPL at $505.50 = $99,583.50
    🟢 BOUGHT 117 shares of CUMMINSIND at $849.70 = $99,414.90
    🟢 BOUGHT 499 shares of ABFRL at $199.61 = $99,603.25
    🟢 BOUGHT 249 shares of SRF at $399.93 = $99,582.57
Total spent on purchases: $1,093,940.23

📈 DAILY SNAPSHOT: 2018-12-31 00:00:00
Portfolio positions: 20
Portfolio market value: $2,103,099.01
Cash balance: $2,235.32
Total account value: $2,105,334.33
Period realized P&L: $-13,704.46
Period unrealized P&L: $81,402.14
Total return: +110.53%

📈 DAILY SNAPSHOT: 2019-01-04 00:00:00
Portfolio positions: 20
Portfolio market value: $2,071,921.95
Cash balance: $2,235.32
Total account value: $2,074,157.27
Total return: +107.42%

🔄 REBALANCING #42: 2019-01-31 00:00:00 (Month-End)
------------------------------------------------------------
💰 Opening Balance: $11,363,046.45
📊 Top 20 stocks for 2019-01-31 00:00:00:
    ticker       Close  v61
     IOLCP   40.540001    1
  AXISBANK  722.700012    2
 BATAINDIA 1118.599976    3
     WIPRO  138.450027    4
 NESTLEIND  574.892517    5
     ABFRL  206.505661    6
       UBL 1428.800049    7
APOLLOHOSP 1325.650024    8
    COLPAL 1280.099976    9
  DIVISLAB 1506.199951   10
... and 10 more stocks

💰 SELL PHASE
Current holdings: 20
Stocks to sell: 8
    🔴 SOLD 69 shares of LT at $1314.30 = $90,686.70 (P&L: $-8,504.25)
    🔴 SOLD 1,160 shares of PFC at $82.84 = $96,094.40 (P&L: $-3,526.40)
    🔴 SOLD 281 shares of ICICIBANK at $364.45 = $102,410.45 (P&L: $2,655.45)
    🔴 SOLD 115 shares of ICICIGI at $880.25 = $101,228.75 (P&L: $1,817.00)
    🔴 SOLD 841 shares of ADANIENT at $137.15 = $115,343.14 (P&L: $5,508.54)
    🔴 SOLD 150 shares of GLENMARK at $651.65 = $97,747.50 (P&L: $-225.00)
    🔴 SOLD 117 shares of CUMMINSIND at $788.20 = $92,219.40 (P&L: $-7,195.50)
    🔴 SOLD 249 shares of SRF at $402.27 = $100,165.23 (P&L: $582.66)
Total proceeds from sales: $795,895.58

🛒 BUY PHASE
Stocks already held: 12
New stocks to buy: 8
Available cash: $798,130.90
Allocation per new stock: $99,766.36
    🟢 BOUGHT 2,460 shares of IOLCP at $40.54 = $99,728.40
    🟢 BOUGHT 138 shares of AXISBANK at $722.70 = $99,732.60
    🟢 BOUGHT 109 shares of TORNTPHARM at $909.40 = $99,124.60
    🟢 BOUGHT 69 shares of UBL at $1428.80 = $98,587.20
    🟢 BOUGHT 285 shares of NAUKRI at $349.47 = $99,598.95
    🟢 BOUGHT 70 shares of ASIANPAINT at $1412.60 = $98,882.00
    🟢 BOUGHT 224 shares of DABUR at $443.65 = $99,377.60
    🟢 BOUGHT 322 shares of GODFRYPHLP at $309.77 = $99,744.87
Total spent on purchases: $794,776.22

📈 DAILY SNAPSHOT: 2019-01-31 00:00:00
Portfolio positions: 20
Portfolio market value: $2,071,062.54
Cash balance: $3,354.68
Total account value: $2,074,417.22
Period realized P&L: $-8,887.50
Period unrealized P&L: $59,372.53
Total return: +107.44%

📈 DAILY SNAPSHOT: 2019-02-18 00:00:00
Portfolio positions: 20
Portfolio market value: $2,018,380.82
Cash balance: $3,354.68
Total account value: $2,021,735.49
Total return: +102.17%

🔄 REBALANCING #43: 2019-02-28 00:00:00 (Month-End)
------------------------------------------------------------
💰 Opening Balance: $11,420,617.09
📊 Top 20 stocks for 2019-02-28 00:00:00:
    ticker       Close  v61
 BATAINDIA 1288.800049    1
DHAMPURSUG  238.600006    2
  DIVISLAB 1654.250000    3
BALRAMCHIN  131.000000    4
     WIPRO  138.337540    5
     TECHM  830.150024    6
       UPL  585.066650    7
     ABFRL  222.079849    8
MUTHOOTFIN  528.000000    9
   COFORGE  264.140015   10
... and 10 more stocks

💰 SELL PHASE
Current holdings: 20
Stocks to sell: 9
    🔴 SOLD 2,460 shares of IOLCP at $36.51 = $89,814.60 (P&L: $-9,913.81)
    🔴 SOLD 69 shares of UBL at $1343.70 = $92,715.30 (P&L: $-5,871.91)
    🔴 SOLD 70 shares of ASIANPAINT at $1405.20 = $98,364.00 (P&L: $-518.00)
    🔴 SOLD 77 shares of APOLLOHOSP at $1140.90 = $87,849.30 (P&L: $-9,540.30)
    🔴 SOLD 179 shares of NESTLEIND at $531.99 = $95,225.76 (P&L: $-3,983.65)
    🔴 SOLD 224 shares of DABUR at $438.05 = $98,123.20 (P&L: $-1,254.40)
    🔴 SOLD 266 shares of MARICO at $339.70 = $90,360.20 (P&L: $-8,964.20)
    🔴 SOLD 74 shares of COLPAL at $1256.45 = $92,977.30 (P&L: $-6,445.41)
    🔴 SOLD 322 shares of GODFRYPHLP at $295.20 = $95,054.40 (P&L: $-4,690.46)
Total proceeds from sales: $840,484.05

🛒 BUY PHASE
Stocks already held: 11
New stocks to buy: 9
Available cash: $843,838.73
Allocation per new stock: $93,759.86
    🟢 BOUGHT 1,045 shares of PFC at $89.72 = $93,757.40
    🟢 BOUGHT 112 shares of TECHM at $830.15 = $92,976.80
    🟢 BOUGHT 392 shares of DHAMPURSUG at $238.60 = $93,531.20
    🟢 BOUGHT 91 shares of TITAN at $1025.20 = $93,293.20
    🟢 BOUGHT 100 shares of ICICIGI at $931.15 = $93,115.00
    🟢 BOUGHT 916 shares of RECLTD at $102.26 = $93,672.45
    🟢 BOUGHT 715 shares of BALRAMCHIN at $131.00 = $93,665.00
    🟢 BOUGHT 354 shares of COFORGE at $264.14 = $93,505.57
    🟢 BOUGHT 204 shares of SRF at $459.03 = $93,642.12
Total spent on purchases: $841,158.74

📈 DAILY SNAPSHOT: 2019-02-28 00:00:00
Portfolio positions: 20
Portfolio market value: $2,083,379.77
Cash balance: $2,679.99
Total account value: $2,086,059.77
Period realized P&L: $-51,182.13
Period unrealized P&L: $122,197.20
Total return: +108.61%

🔄 REBALANCING #44: 2019-03-28 00:00:00 (Month-End)
------------------------------------------------------------
💰 Opening Balance: $11,553,161.82
📊 Top 20 stocks for 2019-03-28 00:00:00:
    ticker       Close  v61
 BATAINDIA 1413.400024    1
     TITAN 1134.250000    2
       UPL  619.366638    3
  AXISBANK  780.700012    4
BALRAMCHIN  135.199997    5
MANAPPURAM  126.199997    6
   IPCALAB  479.774994    7
   DCBBANK  204.949997    8
   RBLBANK  684.299988    9
BAJFINANCE  299.584991   10
... and 10 more stocks

💰 SELL PHASE
Current holdings: 20
Stocks to sell: 11
    🔴 SOLD 83 shares of DIVISLAB at $1654.55 = $137,327.65 (P&L: $28,522.95)
    🔴 SOLD 1,045 shares of PFC at $94.00 = $98,230.00 (P&L: $4,472.60)
    🔴 SOLD 112 shares of TECHM at $771.70 = $86,430.40 (P&L: $-6,546.40)
    🔴 SOLD 285 shares of NAUKRI at $374.03 = $106,598.55 (P&L: $6,999.60)
    🔴 SOLD 392 shares of DHAMPURSUG at $229.05 = $89,787.60 (P&L: $-3,743.60)
    🔴 SOLD 8,879 shares of ADANIPOWER at $9.38 = $83,285.02 (P&L: $-15,271.88)
    🔴 SOLD 354 shares of COFORGE at $266.79 = $94,443.66 (P&L: $938.10)
    🔴 SOLD 100 shares of ICICIGI at $1005.30 = $100,530.00 (P&L: $7,415.00)
    🔴 SOLD 916 shares of RECLTD at $111.94 = $102,534.75 (P&L: $8,862.30)
    🔴 SOLD 499 shares of ABFRL at $218.48 = $109,022.52 (P&L: $9,419.27)
    🔴 SOLD 805 shares of WIPRO at $127.38 = $102,536.88 (P&L: $2,555.85)
Total proceeds from sales: $1,110,727.04

🛒 BUY PHASE
Stocks already held: 9
New stocks to buy: 11
Available cash: $1,113,407.03
Allocation per new stock: $101,218.82
    🟢 BOUGHT 210 shares of IPCALAB at $479.77 = $100,752.75
    🟢 BOUGHT 175 shares of KAJARIACER at $576.70 = $100,922.50
    🟢 BOUGHT 493 shares of DCBBANK at $204.95 = $101,040.35
    🟢 BOUGHT 67 shares of ASIANPAINT at $1497.00 = $100,299.00
    🟢 BOUGHT 802 shares of MANAPPURAM at $126.20 = $101,212.40
    🟢 BOUGHT 252 shares of ICICIBANK at $400.55 = $100,938.60
    🟢 BOUGHT 147 shares of RBLBANK at $684.30 = $100,592.10
    🟢 BOUGHT 337 shares of BAJFINANCE at $299.58 = $100,960.14
    🟢 BOUGHT 116 shares of GODREJPROP at $867.90 = $100,676.40
    🟢 BOUGHT 162 shares of RELIANCE at $621.75 = $100,722.89
    🟢 BOUGHT 267 shares of GODFRYPHLP at $378.82 = $101,144.05
Total spent on purchases: $1,109,261.18

📈 DAILY SNAPSHOT: 2019-03-28 00:00:00
Portfolio positions: 20
Portfolio market value: $2,168,482.61
Cash balance: $4,145.85
Total account value: $2,172,628.46
Period realized P&L: $43,623.79
Period unrealized P&L: $165,142.11
Total return: +117.26%

📈 DAILY SNAPSHOT: 2019-04-04 00:00:00
Portfolio positions: 20
Portfolio market value: $2,160,068.77
Cash balance: $4,145.85
Total account value: $2,164,214.62
Total return: +116.42%

🔄 REBALANCING #45: 2019-04-30 00:00:00 (Month-End)
------------------------------------------------------------
💰 Opening Balance: $11,773,466.46
📊 Top 20 stocks for 2019-04-30 00:00:00:
    ticker        Close  v61
 BATAINDIA  1454.000000    1
       UPL   646.099976    2
     TITAN  1158.550049    3
BALRAMCHIN   150.600006    4
BAJFINANCE   309.595001    5
   ICICIGI  1093.349976    6
   RBLBANK   678.849976    7
  AXISBANK   766.849976    8
  SHREECEM 19789.500000    9
       SRF   513.530029   10
... and 10 more stocks

💰 SELL PHASE
Current holdings: 20
Stocks to sell: 7
    🔴 SOLD 210 shares of IPCALAB at $476.25 = $100,012.50 (P&L: $-740.25)
    🔴 SOLD 109 shares of TORNTPHARM at $895.95 = $97,658.55 (P&L: $-1,466.05)
    🔴 SOLD 67 shares of ASIANPAINT at $1463.15 = $98,031.05 (P&L: $-2,267.95)
    🔴 SOLD 252 shares of ICICIBANK at $407.50 = $102,690.00 (P&L: $1,751.40)
    🔴 SOLD 116 shares of GODREJPROP at $829.90 = $96,268.40 (P&L: $-4,408.00)
    🔴 SOLD 175 shares of KAJARIACER at $595.05 = $104,133.75 (P&L: $3,211.25)
    🔴 SOLD 267 shares of GODFRYPHLP at $368.48 = $98,385.05 (P&L: $-2,759.00)
Total proceeds from sales: $697,179.30

🛒 BUY PHASE
Stocks already held: 13
New stocks to buy: 7
Available cash: $701,325.16
Allocation per new stock: $100,189.31
    🟢 BOUGHT 57 shares of DIVISLAB at $1746.85 = $99,570.45
    🟢 BOUGHT 119 shares of TECHM at $836.10 = $99,495.90
    🟢 BOUGHT 5 shares of SHREECEM at $19789.50 = $98,947.50
    🟢 BOUGHT 91 shares of ICICIGI at $1093.35 = $99,494.85
    🟢 BOUGHT 169 shares of HCLTECH at $591.67 = $99,993.07
    🟢 BOUGHT 44 shares of TCS at $2260.35 = $99,455.40
    🟢 BOUGHT 671 shares of WIPRO at $149.27 = $100,163.52
Total spent on purchases: $697,120.69

📈 DAILY SNAPSHOT: 2019-04-30 00:00:00
Portfolio positions: 20
Portfolio market value: $2,183,320.47
Cash balance: $4,204.47
Total account value: $2,187,524.94
Period realized P&L: $-6,678.60
Period unrealized P&L: $186,717.18
Total return: +118.75%

📈 DAILY SNAPSHOT: 2019-05-22 00:00:00
Portfolio positions: 20
Portfolio market value: $2,196,173.71
Cash balance: $4,204.47
Total account value: $2,200,378.18
Total return: +120.04%

🔄 REBALANCING #46: 2019-05-31 00:00:00 (Month-End)
------------------------------------------------------------
💰 Opening Balance: $11,981,542.81
📊 Top 20 stocks for 2019-05-31 00:00:00:
    ticker        Close  v61
  SHREECEM 21618.750000    1
   DCBBANK   233.149994    2
BAJFINANCE   346.709991    3
   ICICIGI  1176.500000    4
     AAVAS  1419.699951    5
     TITAN  1235.750000    6
       UPL   665.966675    7
       SRF   569.369995    8
  AXISBANK   808.299988    9
 KOTAKBANK  1522.150024   10
... and 10 more stocks

💰 SELL PHASE
Current holdings: 20
Stocks to sell: 10
    🔴 SOLD 57 shares of DIVISLAB at $1592.30 = $90,761.10 (P&L: $-8,809.35)
    🔴 SOLD 119 shares of TECHM at $760.35 = $90,481.65 (P&L: $-9,014.25)
    🔴 SOLD 129 shares of BATAINDIA at $1324.90 = $170,912.10 (P&L: $53,664.00)
    🔴 SOLD 144 shares of HAVELLS at $747.95 = $107,704.80 (P&L: $8,128.80)
    🔴 SOLD 802 shares of MANAPPURAM at $134.80 = $108,109.60 (P&L: $6,897.20)
    🔴 SOLD 147 shares of RBLBANK at $687.35 = $101,040.45 (P&L: $448.35)
    🔴 SOLD 169 shares of HCLTECH at $546.28 = $92,320.48 (P&L: $-7,672.59)
    🔴 SOLD 44 shares of TCS at $2196.55 = $96,648.20 (P&L: $-2,807.20)
    🔴 SOLD 162 shares of RELIANCE at $608.10 = $98,512.18 (P&L: $-2,210.71)
    🔴 SOLD 671 shares of WIPRO at $143.20 = $96,087.20 (P&L: $-4,076.32)
Total proceeds from sales: $1,052,577.76

🛒 BUY PHASE
Stocks already held: 10
New stocks to buy: 10
Available cash: $1,056,782.23
Allocation per new stock: $105,678.22
    🟢 BOUGHT 257 shares of NAUKRI at $410.66 = $105,539.62
    🟢 BOUGHT 190 shares of DCMSHRIRAM at $555.00 = $105,450.00
    🟢 BOUGHT 299 shares of SBIN at $352.50 = $105,397.50
    🟢 BOUGHT 25 shares of PGHL at $4091.05 = $102,276.25
    🟢 BOUGHT 262 shares of BLUESTARCO at $403.27 = $105,658.05
    🟢 BOUGHT 74 shares of AAVAS at $1419.70 = $105,057.80
    🟢 BOUGHT 69 shares of KOTAKBANK at $1522.15 = $105,028.35
    🟢 BOUGHT 138 shares of JUSTDIAL at $765.60 = $105,652.80
    🟢 BOUGHT 232 shares of AARTIIND at $454.19 = $105,372.70
    🟢 BOUGHT 984 shares of FEDERALBNK at $107.35 = $105,632.40
Total spent on purchases: $1,051,065.46

📈 DAILY SNAPSHOT: 2019-05-31 00:00:00
Portfolio positions: 20
Portfolio market value: $2,220,662.39
Cash balance: $5,716.76
Total account value: $2,226,379.15
Period realized P&L: $34,547.93
Period unrealized P&L: $191,023.47
Total return: +122.64%

🔄 REBALANCING #47: 2019-06-28 00:00:00 (Month-End)
------------------------------------------------------------
💰 Opening Balance: $12,209,875.70
📊 Top 20 stocks for 2019-06-28 00:00:00:
    ticker        Close  v61
     TITAN  1334.699951    1
BAJFINANCE   368.109985    2
 BATAINDIA  1446.449951    3
   DCBBANK   237.100006    4
   HDFCAMC  2061.600098    5
       SRF   608.530029    6
  SHREECEM 21820.800781    7
   SIEMENS   769.761780    8
  AXISBANK   808.549988    9
    NAUKRI   449.429993   10
... and 10 more stocks

💰 SELL PHASE
Current holdings: 20
Stocks to sell: 8
    🔴 SOLD 190 shares of DCMSHRIRAM at $562.30 = $106,837.00 (P&L: $1,387.00)
    🔴 SOLD 25 shares of PGHL at $4107.45 = $102,686.25 (P&L: $410.00)
    🔴 SOLD 262 shares of BLUESTARCO at $387.85 = $101,616.70 (P&L: $-4,041.35)
    🔴 SOLD 74 shares of AAVAS at $1499.30 = $110,948.20 (P&L: $5,890.41)
    🔴 SOLD 232 shares of AARTIIND at $432.06 = $100,236.97 (P&L: $-5,135.73)
    🔴 SOLD 715 shares of BALRAMCHIN at $139.15 = $99,492.25 (P&L: $5,827.25)
    🔴 SOLD 984 shares of FEDERALBNK at $108.40 = $106,665.60 (P&L: $1,033.20)
    🔴 SOLD 197 shares of UPL at $624.97 = $123,118.43 (P&L: $23,534.93)
Total proceeds from sales: $851,601.41

🛒 BUY PHASE
Stocks already held: 12
New stocks to buy: 8
Available cash: $857,318.18
Allocation per new stock: $107,164.77
    🟢 BOUGHT 998 shares of PFC at $107.36 = $107,145.28
    🟢 BOUGHT 74 shares of BATAINDIA at $1446.45 = $107,037.30
    🟢 BOUGHT 139 shares of SIEMENS at $769.76 = $106,996.89
    🟢 BOUGHT 775 shares of MANAPPURAM at $138.20 = $107,105.00
    🟢 BOUGHT 245 shares of ICICIBANK at $437.10 = $107,089.50
    🟢 BOUGHT 867 shares of RECLTD at $123.60 = $107,161.20
    🟢 BOUGHT 148 shares of RAJESHEXPO at $722.40 = $106,915.20
    🟢 BOUGHT 51 shares of HDFCAMC at $2061.60 = $105,141.60
Total spent on purchases: $854,591.97

📈 DAILY SNAPSHOT: 2019-06-28 00:00:00
Portfolio positions: 20
Portfolio market value: $2,233,415.17
Cash balance: $2,726.20
Total account value: $2,236,141.37
Period realized P&L: $28,905.72
Period unrealized P&L: $171,879.97
Total return: +123.61%

📈 DAILY SNAPSHOT: 2019-07-04 00:00:00
Portfolio positions: 20
Portfolio market value: $2,232,895.90
Cash balance: $2,726.20
Total account value: $2,235,622.10
Total return: +123.56%

🔄 REBALANCING #48: 2019-07-31 00:00:00 (Month-End)
------------------------------------------------------------
💰 Opening Balance: $12,203,797.05
📊 Top 20 stocks for 2019-07-31 00:00:00:
    ticker       Close  v61
   ICICIGI 1207.349976    1
   SBILIFE  797.549988    2
   HDFCAMC 2149.199951    3
ADANIPOWER   12.200000    4
       SRF  540.359985    5
 ICICIBANK  424.600006    6
  HDFCLIFE  493.500000    7
    NAUKRI  448.980011    8
 NAM-INDIA  227.399994    9
GODREJPROP  952.950012   10
... and 10 more stocks

💰 SELL PHASE
Current holdings: 20
Stocks to sell: 11
    🔴 SOLD 138 shares of AXISBANK at $674.10 = $93,025.80 (P&L: $-6,706.81)
    🔴 SOLD 998 shares of PFC at $87.80 = $87,624.40 (P&L: $-19,520.88)
    🔴 SOLD 493 shares of DCBBANK at $195.50 = $96,381.50 (P&L: $-4,658.85)
    🔴 SOLD 74 shares of BATAINDIA at $1307.55 = $96,758.70 (P&L: $-10,278.59)
    🔴 SOLD 91 shares of TITAN at $1056.35 = $96,127.85 (P&L: $2,834.65)
    🔴 SOLD 775 shares of MANAPPURAM at $113.55 = $88,001.25 (P&L: $-19,103.75)
    🔴 SOLD 139 shares of SIEMENS at $671.97 = $93,403.50 (P&L: $-13,593.38)
    🔴 SOLD 867 shares of RECLTD at $105.19 = $91,197.56 (P&L: $-15,963.64)
    🔴 SOLD 337 shares of BAJFINANCE at $325.20 = $109,594.08 (P&L: $8,633.94)
    🔴 SOLD 148 shares of RAJESHEXPO at $689.10 = $101,986.80 (P&L: $-4,928.41)
    🔴 SOLD 217 shares of MUTHOOTFIN at $607.95 = $131,925.15 (P&L: $33,710.95)
Total proceeds from sales: $1,086,026.60

🛒 BUY PHASE
Stocks already held: 9
New stocks to buy: 11
Available cash: $1,088,752.80
Allocation per new stock: $98,977.53
    🟢 BOUGHT 246 shares of ICICIPRULI at $401.75 = $98,830.50
    🟢 BOUGHT 103 shares of GODREJPROP at $952.95 = $98,153.85
    🟢 BOUGHT 834 shares of POWERGRID at $118.58 = $98,891.57
    🟢 BOUGHT 8,112 shares of ADANIPOWER at $12.20 = $98,966.40
    🟢 BOUGHT 124 shares of SBILIFE at $797.55 = $98,896.20
    🟢 BOUGHT 435 shares of NAM-INDIA at $227.40 = $98,919.00
    🟢 BOUGHT 393 shares of TATACONSUM at $251.60 = $98,878.80
    🟢 BOUGHT 200 shares of HDFCLIFE at $493.50 = $98,700.00
    🟢 BOUGHT 698 shares of BALRAMCHIN at $141.65 = $98,871.70
    🟢 BOUGHT 324 shares of TORNTPOWER at $305.30 = $98,917.20
    🟢 BOUGHT 255 shares of CANFINHOME at $387.85 = $98,901.75
Total spent on purchases: $1,086,926.96

📈 DAILY SNAPSHOT: 2019-07-31 00:00:00
Portfolio positions: 20
Portfolio market value: $2,037,168.32
Cash balance: $1,825.84
Total account value: $2,038,994.16
Period realized P&L: $-49,574.75
Period unrealized P&L: $24,307.51
Total return: +103.90%

📈 DAILY SNAPSHOT: 2019-08-19 00:00:00
Portfolio positions: 20
Portfolio market value: $2,028,190.61
Cash balance: $1,825.84
Total account value: $2,030,016.45
Total return: +103.00%

🔄 REBALANCING #49: 2019-08-30 00:00:00 (Month-End)
------------------------------------------------------------
💰 Opening Balance: $12,169,915.95
📊 Top 20 stocks for 2019-08-30 00:00:00:
    ticker       Close  v61
   HDFCAMC 2552.199951    1
  HDFCLIFE  557.150024    2
   SBILIFE  838.700012    3
 BATAINDIA 1541.849976    4
   ICICIGI 1257.800049    5
TATACONSUM  278.500000    6
APOLLOHOSP 1508.150024    7
 NESTLEIND  643.760010    8
PIDILITIND  688.849976    9
       MCX  977.500000   10
... and 10 more stocks

💰 SELL PHASE
Current holdings: 20
Stocks to sell: 9
    🔴 SOLD 834 shares of POWERGRID at $112.78 = $94,059.59 (P&L: $-4,831.98)
    🔴 SOLD 299 shares of SBIN at $273.85 = $81,881.15 (P&L: $-23,516.35)
    🔴 SOLD 5 shares of SHREECEM at $18573.80 = $92,869.00 (P&L: $-6,078.50)
    🔴 SOLD 245 shares of ICICIBANK at $409.65 = $100,364.25 (P&L: $-6,725.25)
    🔴 SOLD 435 shares of NAM-INDIA at $272.90 = $118,711.50 (P&L: $19,792.50)
    🔴 SOLD 69 shares of KOTAKBANK at $1431.45 = $98,770.05 (P&L: $-6,258.31)
    🔴 SOLD 103 shares of GODREJPROP at $900.65 = $92,766.95 (P&L: $-5,386.90)
    🔴 SOLD 698 shares of BALRAMCHIN at $132.85 = $92,729.30 (P&L: $-6,142.39)
    🔴 SOLD 255 shares of CANFINHOME at $412.95 = $105,302.25 (P&L: $6,400.50)
Total proceeds from sales: $877,454.05

🛒 BUY PHASE
Stocks already held: 11
New stocks to buy: 9
Available cash: $879,279.89
Allocation per new stock: $97,697.77
    🟢 BOUGHT 203 shares of IPCALAB at $479.52 = $97,343.57
    🟢 BOUGHT 141 shares of PIDILITIND at $688.85 = $97,127.85
    🟢 BOUGHT 63 shares of BATAINDIA at $1541.85 = $97,136.55
    🟢 BOUGHT 151 shares of NESTLEIND at $643.76 = $97,207.76
    🟢 BOUGHT 64 shares of APOLLOHOSP at $1508.15 = $96,521.60
    🟢 BOUGHT 249 shares of MARICO at $391.10 = $97,383.90
    🟢 BOUGHT 43 shares of TCS at $2259.60 = $97,162.80
    🟢 BOUGHT 99 shares of MCX at $977.50 = $96,772.50
    🟢 BOUGHT 326 shares of COFORGE at $299.11 = $97,509.86
Total spent on purchases: $874,166.39

📈 DAILY SNAPSHOT: 2019-08-30 00:00:00
Portfolio positions: 20
Portfolio market value: $2,048,608.59
Cash balance: $5,113.49
Total account value: $2,053,722.09
Period realized P&L: $-32,746.68
Period unrealized P&L: $71,782.11
Total return: +105.37%

🔄 REBALANCING #50: 2019-09-30 00:00:00 (Month-End)
------------------------------------------------------------
💰 Opening Balance: $12,251,950.81
📊 Top 20 stocks for 2019-09-30 00:00:00:
    ticker       Close  v61
   HDFCAMC 2801.699951    1
  HDFCLIFE  601.150024    2
 BATAINDIA 1722.199951    3
 NESTLEIND  694.482483    4
     PIIND 1307.050049    5
ICICIPRULI  463.500000    6
   SBILIFE  846.400024    7
PIDILITIND  721.875000    8
 KOTAKBANK 1644.449951    9
ADANIPOWER   12.860000   10
... and 10 more stocks

💰 SELL PHASE
Current holdings: 20
Stocks to sell: 7
    🔴 SOLD 203 shares of IPCALAB at $451.50 = $91,654.50 (P&L: $-5,689.07)
    🔴 SOLD 257 shares of NAUKRI at $404.23 = $103,887.11 (P&L: $-1,652.51)
    🔴 SOLD 43 shares of TCS at $2099.30 = $90,269.90 (P&L: $-6,892.90)
    🔴 SOLD 138 shares of JUSTDIAL at $690.25 = $95,254.50 (P&L: $-10,398.30)
    🔴 SOLD 326 shares of COFORGE at $278.98 = $90,947.48 (P&L: $-6,562.37)
    🔴 SOLD 324 shares of TORNTPOWER at $287.50 = $93,150.00 (P&L: $-5,767.20)
    🔴 SOLD 204 shares of SRF at $550.39 = $112,279.56 (P&L: $18,637.44)
Total proceeds from sales: $677,443.06

🛒 BUY PHASE
Stocks already held: 13
New stocks to buy: 7
Available cash: $682,556.55
Allocation per new stock: $97,508.08
    🟢 BOUGHT 151 shares of ASTRAL at $645.67 = $97,495.53
    🟢 BOUGHT 557 shares of IGL at $174.85 = $97,391.45
    🟢 BOUGHT 270 shares of BHARTIARTL at $360.29 = $97,277.12
    🟢 BOUGHT 374 shares of NAM-INDIA at $260.35 = $97,370.90
    🟢 BOUGHT 59 shares of KOTAKBANK at $1644.45 = $97,022.55
    🟢 BOUGHT 74 shares of PIIND at $1307.05 = $96,721.70
    🟢 BOUGHT 93 shares of GODREJPROP at $1038.70 = $96,599.10
Total spent on purchases: $679,878.36

📈 DAILY SNAPSHOT: 2019-09-30 00:00:00
Portfolio positions: 20
Portfolio market value: $2,082,613.51
Cash balance: $2,678.20
Total account value: $2,085,291.70
Period realized P&L: $-18,324.91
Period unrealized P&L: $121,676.64
Total return: +108.53%

📈 DAILY SNAPSHOT: 2019-10-03 00:00:00
Portfolio positions: 20
Portfolio market value: $2,051,624.38
Cash balance: $2,678.20
Total account value: $2,054,302.58
Total return: +105.43%

🔄 REBALANCING #51: 2019-10-31 00:00:00 (Month-End)
------------------------------------------------------------
💰 Opening Balance: $12,490,195.58
📊 Top 20 stocks for 2019-10-31 00:00:00:
    ticker       Close  v61
   HDFCAMC 2994.300049    1
 BATAINDIA 1806.900024    2
 NESTLEIND  747.349976    3
   SBILIFE  991.500000    4
ADANIGREEN   89.699997    5
  HDFCLIFE  626.200012    6
   SIEMENS  972.129822    7
     PIIND 1428.500000    8
MANAPPURAM  169.350006    9
 NAM-INDIA  362.149994   10
... and 10 more stocks

💰 SELL PHASE
Current holdings: 20
Stocks to sell: 8
    🔴 SOLD 141 shares of PIDILITIND at $700.80 = $98,812.80 (P&L: $1,684.95)
    🔴 SOLD 151 shares of ASTRAL at $628.28 = $94,870.97 (P&L: $-2,624.57)
    🔴 SOLD 270 shares of BHARTIARTL at $367.35 = $99,185.29 (P&L: $1,908.17)
    🔴 SOLD 8,112 shares of ADANIPOWER at $13.21 = $107,159.52 (P&L: $8,193.12)
    🔴 SOLD 64 shares of APOLLOHOSP at $1484.80 = $95,027.20 (P&L: $-1,494.40)
    🔴 SOLD 249 shares of MARICO at $365.85 = $91,096.65 (P&L: $-6,287.25)
    🔴 SOLD 59 shares of KOTAKBANK at $1574.50 = $92,895.50 (P&L: $-4,127.05)
    🔴 SOLD 93 shares of GODREJPROP at $997.30 = $92,748.90 (P&L: $-3,850.20)
Total proceeds from sales: $771,796.83

🛒 BUY PHASE
Stocks already held: 12
New stocks to buy: 8
Available cash: $774,475.03
Allocation per new stock: $96,809.38
    🟢 BOUGHT 72 shares of TITAN at $1331.20 = $95,846.40
    🟢 BOUGHT 99 shares of SIEMENS at $972.13 = $96,240.85
    🟢 BOUGHT 571 shares of MANAPPURAM at $169.35 = $96,698.85
    🟢 BOUGHT 48 shares of DMART at $1994.65 = $95,743.20
    🟢 BOUGHT 484 shares of ADANIENT at $199.65 = $96,630.60
    🟢 BOUGHT 62 shares of COLPAL at $1549.20 = $96,050.40
    🟢 BOUGHT 240 shares of BAJFINANCE at $402.76 = $96,661.20
    🟢 BOUGHT 1,079 shares of ADANIGREEN at $89.70 = $96,786.30
Total spent on purchases: $770,657.80

📈 DAILY SNAPSHOT: 2019-10-31 00:00:00
Portfolio positions: 20
Portfolio market value: $2,233,490.47
Cash balance: $3,817.23
Total account value: $2,237,307.70
Period realized P&L: $-6,597.21
Period unrealized P&L: $280,289.85
Total return: +123.73%

📈 DAILY SNAPSHOT: 2019-11-19 00:00:00
Portfolio positions: 20
Portfolio market value: $2,223,131.35
Cash balance: $3,817.23
Total account value: $2,226,948.58
Total return: +122.69%

🔄 REBALANCING #52: 2019-11-29 00:00:00 (Month-End)
------------------------------------------------------------
💰 Opening Balance: $12,798,693.83
📊 Top 20 stocks for 2019-11-29 00:00:00:
    ticker       Close  v61
ADANIGREEN  137.100006    1
   HDFCAMC 3536.949951    2
 WHIRLPOOL 2142.350098    3
   POLYCAB  924.250000    4
ICICIPRULI  502.450012    5
 NESTLEIND  722.697510    6
       SCI   60.500000    7
LALPATHLAB 1567.900024    8
AVANTIFEED  511.600006    9
   SBILIFE  960.049988   10
... and 10 more stocks

💰 SELL PHASE
Current holdings: 20
Stocks to sell: 8
    🔴 SOLD 72 shares of TITAN at $1159.70 = $83,498.40 (P&L: $-12,348.00)
    🔴 SOLD 99 shares of SIEMENS at $863.01 = $85,437.66 (P&L: $-10,803.19)
    🔴 SOLD 571 shares of MANAPPURAM at $154.40 = $88,162.40 (P&L: $-8,536.46)
    🔴 SOLD 48 shares of DMART at $1822.50 = $87,480.00 (P&L: $-8,263.20)
    🔴 SOLD 91 shares of ICICIGI at $1362.90 = $124,023.90 (P&L: $24,529.05)
    🔴 SOLD 74 shares of PIIND at $1481.85 = $109,656.90 (P&L: $12,935.19)
    🔴 SOLD 240 shares of BAJFINANCE at $407.42 = $97,780.80 (P&L: $1,119.60)
    🔴 SOLD 200 shares of HDFCLIFE at $571.50 = $114,300.00 (P&L: $15,600.00)
Total proceeds from sales: $790,340.06

🛒 BUY PHASE
Stocks already held: 12
New stocks to buy: 8
Available cash: $794,157.29
Allocation per new stock: $99,269.66
    🟢 BOUGHT 188 shares of NAUKRI at $526.75 = $99,029.00
    🟢 BOUGHT 150 shares of DIXON at $661.49 = $99,223.50
    🟢 BOUGHT 1,640 shares of SCI at $60.50 = $99,220.00
    🟢 BOUGHT 5,031 shares of GMRAIRPORT at $19.73 = $99,263.31
    🟢 BOUGHT 194 shares of AVANTIFEED at $511.60 = $99,250.40
    🟢 BOUGHT 46 shares of WHIRLPOOL at $2142.35 = $98,548.10
    🟢 BOUGHT 63 shares of LALPATHLAB at $1567.90 = $98,777.70
    🟢 BOUGHT 107 shares of POLYCAB at $924.25 = $98,894.75
Total spent on purchases: $792,206.76

📈 DAILY SNAPSHOT: 2019-11-29 00:00:00
Portfolio positions: 20
Portfolio market value: $2,263,625.27
Cash balance: $1,950.53
Total account value: $2,265,575.80
Period realized P&L: $14,233.00
Period unrealized P&L: $294,324.95
Total return: +126.56%

🔄 REBALANCING #53: 2019-12-31 00:00:00 (Month-End)
------------------------------------------------------------
💰 Opening Balance: $13,162,112.50
📊 Top 20 stocks for 2019-12-31 00:00:00:
    ticker       Close  v61
ADANIGREEN  166.449997    1
 GUJGASLTD  237.550003    2
       IGL  214.074997    3
     DIXON  759.859985    4
 WHIRLPOOL 2373.500000    5
   SBILIFE  961.599976    6
AVANTIFEED  584.000000    7
   POLYCAB  992.250000    8
   HDFCAMC 3199.699951    9
  HDFCLIFE  626.049988   10
... and 10 more stocks

💰 SELL PHASE
Current holdings: 20
Stocks to sell: 8
    🔴 SOLD 188 shares of NAUKRI at $506.01 = $95,129.88 (P&L: $-3,899.12)
    🔴 SOLD 63 shares of BATAINDIA at $1751.55 = $110,347.65 (P&L: $13,211.10)
    🔴 SOLD 1,640 shares of SCI at $62.00 = $101,680.00 (P&L: $2,460.00)
    🔴 SOLD 151 shares of NESTLEIND at $739.27 = $111,629.40 (P&L: $14,421.63)
    🔴 SOLD 5,031 shares of GMRAIRPORT at $18.92 = $95,184.00 (P&L: $-4,079.31)
    🔴 SOLD 393 shares of TATACONSUM at $321.35 = $126,290.55 (P&L: $27,411.75)
    🔴 SOLD 62 shares of COLPAL at $1462.90 = $90,699.80 (P&L: $-5,350.60)
    🔴 SOLD 63 shares of LALPATHLAB at $1493.95 = $94,118.85 (P&L: $-4,658.85)
Total proceeds from sales: $825,080.13

🛒 BUY PHASE
Stocks already held: 12
New stocks to buy: 8
Available cash: $827,030.65
Allocation per new stock: $103,378.83
    🟢 BOUGHT 231 shares of BHARTIARTL at $447.40 = $103,349.41
    🟢 BOUGHT 191 shares of ICICIBANK at $538.90 = $102,929.90
    🟢 BOUGHT 582 shares of MANAPPURAM at $177.40 = $103,246.80
    🟢 BOUGHT 74 shares of ICICIGI at $1386.80 = $102,623.20
    🟢 BOUGHT 435 shares of GUJGASLTD at $237.55 = $103,334.25
    🟢 BOUGHT 447 shares of DLF at $230.90 = $103,212.30
    🟢 BOUGHT 165 shares of HDFCLIFE at $626.05 = $103,298.25
    🟢 BOUGHT 150 shares of SRF at $687.22 = $103,083.00
Total spent on purchases: $825,077.11

📈 DAILY SNAPSHOT: 2019-12-31 00:00:00
Portfolio positions: 20
Portfolio market value: $2,316,710.33
Cash balance: $1,953.54
Total account value: $2,318,663.88
Period realized P&L: $39,516.61
Period unrealized P&L: $307,896.42
Total return: +131.87%

📈 DAILY SNAPSHOT: 2020-01-01 00:00:00
Portfolio positions: 20
Portfolio market value: $2,333,019.64
Cash balance: $1,953.54
Total account value: $2,334,973.18
Total return: +133.50%

🔄 REBALANCING #54: 2020-01-31 00:00:00 (Month-End)
------------------------------------------------------------
💰 Opening Balance: $13,674,465.09
📊 Top 20 stocks for 2020-01-31 00:00:00:
    ticker       Close  v61
ADANIGREEN  189.449997    1
COROMANDEL  631.849976    2
 GUJGASLTD  288.299988    3
       IGL  253.750000    4
     DIXON  930.849976    5
       SRF  756.809998    6
AVANTIFEED  662.099976    7
TATACONSUM  383.399994    8
     PIIND 1556.849976    9
  JUBLFOOD  378.049988   10
... and 10 more stocks

💰 SELL PHASE
Current holdings: 20
Stocks to sell: 10
    🔴 SOLD 246 shares of ICICIPRULI at $510.95 = $125,693.70 (P&L: $26,863.20)
    🔴 SOLD 191 shares of ICICIBANK at $525.65 = $100,399.15 (P&L: $-2,530.75)
    🔴 SOLD 74 shares of ICICIGI at $1318.40 = $97,561.60 (P&L: $-5,061.60)
    🔴 SOLD 124 shares of SBILIFE at $994.10 = $123,268.40 (P&L: $24,372.20)
    🔴 SOLD 51 shares of HDFCAMC at $3174.20 = $161,884.20 (P&L: $56,742.59)
    🔴 SOLD 99 shares of MCX at $1246.45 = $123,398.55 (P&L: $26,626.05)
    🔴 SOLD 46 shares of WHIRLPOOL at $2473.25 = $113,769.50 (P&L: $15,221.40)
    🔴 SOLD 165 shares of HDFCLIFE at $599.20 = $98,868.00 (P&L: $-4,430.25)
    🔴 SOLD 374 shares of NAM-INDIA at $363.65 = $136,005.10 (P&L: $38,634.20)
    🔴 SOLD 107 shares of POLYCAB at $984.55 = $105,346.85 (P&L: $6,452.10)
Total proceeds from sales: $1,186,195.05

🛒 BUY PHASE
Stocks already held: 10
New stocks to buy: 10
Available cash: $1,188,148.59
Allocation per new stock: $118,814.86
    🟢 BOUGHT 813 shares of GRANULES at $146.05 = $118,738.65
    🟢 BOUGHT 65 shares of BATAINDIA at $1801.85 = $117,120.25
    🟢 BOUGHT 314 shares of JUBLFOOD at $378.05 = $118,707.70
    🟢 BOUGHT 49 shares of ALKEM at $2397.65 = $117,484.85
    🟢 BOUGHT 55 shares of DMART at $2133.95 = $117,367.25
    🟢 BOUGHT 504 shares of RALLIS at $235.45 = $118,666.80
    🟢 BOUGHT 309 shares of TATACONSUM at $383.40 = $118,470.60
    🟢 BOUGHT 76 shares of PIIND at $1556.85 = $118,320.60
    🟢 BOUGHT 188 shares of COROMANDEL at $631.85 = $118,787.80
    🟢 BOUGHT 305 shares of COFORGE at $388.49 = $118,489.45
Total spent on purchases: $1,182,153.93

📈 DAILY SNAPSHOT: 2020-01-31 00:00:00
Portfolio positions: 20
Portfolio market value: $2,484,402.68
Cash balance: $5,994.66
Total account value: $2,490,397.34
Period realized P&L: $182,889.13
Period unrealized P&L: $296,740.75
Total return: +149.04%

📈 DAILY SNAPSHOT: 2020-02-12 00:00:00
Portfolio positions: 20
Portfolio market value: $2,536,487.66
Cash balance: $5,994.66
Total account value: $2,542,482.33
Total return: +154.25%

🔄 REBALANCING #55: 2020-02-28 00:00:00 (Month-End)
------------------------------------------------------------
💰 Opening Balance: $14,060,356.66
📊 Top 20 stocks for 2020-02-28 00:00:00:
    ticker        Close  v61
ABBOTINDIA 15718.950195    1
NAVINFLUOR  1430.199951    2
     ALKEM  2625.500000    3
 GUJGASLTD   276.100006    4
     TRENT   737.200012    5
 DEEPAKNTR   461.899994    6
       SRF   778.760010    7
   MIDHANI   248.149994    8
  DIVISLAB  2106.949951    9
     DMART  2323.949951   10
... and 10 more stocks

💰 SELL PHASE
Current holdings: 20
Stocks to sell: 13
    🔴 SOLD 65 shares of BATAINDIA at $1650.65 = $107,292.25 (P&L: $-9,828.00)
    🔴 SOLD 314 shares of JUBLFOOD at $351.37 = $110,330.18 (P&L: $-8,377.52)
    🔴 SOLD 582 shares of MANAPPURAM at $162.75 = $94,720.50 (P&L: $-8,526.30)
    🔴 SOLD 504 shares of RALLIS at $223.95 = $112,870.80 (P&L: $-5,796.00)
    🔴 SOLD 484 shares of ADANIENT at $218.65 = $105,826.60 (P&L: $9,196.00)
    🔴 SOLD 309 shares of TATACONSUM at $346.15 = $106,960.35 (P&L: $-11,510.25)
    🔴 SOLD 447 shares of DLF at $201.70 = $90,159.90 (P&L: $-13,052.40)
    🔴 SOLD 194 shares of AVANTIFEED at $462.70 = $89,763.80 (P&L: $-9,486.60)
    🔴 SOLD 76 shares of PIIND at $1531.25 = $116,375.00 (P&L: $-1,945.60)
    🔴 SOLD 188 shares of COROMANDEL at $615.50 = $115,714.00 (P&L: $-3,073.80)
    🔴 SOLD 557 shares of IGL at $221.20 = $123,208.40 (P&L: $25,816.94)
    🔴 SOLD 305 shares of COFORGE at $337.95 = $103,074.75 (P&L: $-15,414.69)
    🔴 SOLD 1,079 shares of ADANIGREEN at $154.95 = $167,191.05 (P&L: $70,404.75)
Total proceeds from sales: $1,443,487.57

🛒 BUY PHASE
Stocks already held: 7
New stocks to buy: 13
Available cash: $1,449,482.24
Allocation per new stock: $111,498.63
    🟢 BOUGHT 52 shares of DIVISLAB at $2106.95 = $109,561.40
    🟢 BOUGHT 163 shares of IPCALAB at $680.67 = $110,950.02
    🟢 BOUGHT 151 shares of TRENT at $737.20 = $111,317.20
    🟢 BOUGHT 7 shares of ABBOTINDIA at $15718.95 = $110,032.65
    🟢 BOUGHT 120 shares of AJANTPHARM at $923.43 = $110,812.00
    🟢 BOUGHT 77 shares of NAVINFLUOR at $1430.20 = $110,125.40
    🟢 BOUGHT 141 shares of NESTLEIND at $788.94 = $111,240.89
    🟢 BOUGHT 241 shares of DEEPAKNTR at $461.90 = $111,317.90
    🟢 BOUGHT 449 shares of MIDHANI at $248.15 = $111,419.35
    🟢 BOUGHT 249 shares of BAJFINANCE at $446.58 = $111,199.66
    🟢 BOUGHT 653 shares of INDIAGLYCO at $170.65 = $111,434.45
    🟢 BOUGHT 599 shares of WELCORP at $185.90 = $111,354.10
    🟢 BOUGHT 126 shares of MUTHOOTFIN at $880.25 = $110,911.50
Total spent on purchases: $1,441,676.52

📈 DAILY SNAPSHOT: 2020-02-28 00:00:00
Portfolio positions: 20
Portfolio market value: $2,296,487.08
Cash balance: $7,805.72
Total account value: $2,304,292.80
Period realized P&L: $18,406.55
Period unrealized P&L: $92,229.66
Total return: +130.43%

📈 DAILY SNAPSHOT: 2020-03-27 00:00:00
Portfolio positions: 20
Portfolio market value: $1,822,715.73
Cash balance: $7,805.72
Total account value: $1,830,521.45
Total return: +83.05%

🔄 REBALANCING #56: 2020-03-31 00:00:00 (Month-End)
------------------------------------------------------------
💰 Opening Balance: $13,683,417.52
📊 Top 20 stocks for 2020-03-31 00:00:00:
    ticker        Close  v61
ABBOTINDIA 15451.099609    1
   IPCALAB   696.125000    2
AJANTPHARM   910.866638    3
     ALKEM  2325.850098    4
 NESTLEIND   815.030029    5
     DMART  2187.500000    6
  GRANULES   143.649994    7
  DIVISLAB  1989.050049    8
BHARTIARTL   432.774658    9
       MCX  1124.250000   10
... and 2 more stocks

💰 SELL PHASE
Current holdings: 20
Stocks to sell: 11
    🔴 SOLD 151 shares of TRENT at $484.35 = $73,136.85 (P&L: $-38,180.35)
    🔴 SOLD 77 shares of NAVINFLUOR at $1221.65 = $94,067.05 (P&L: $-16,058.34)
    🔴 SOLD 150 shares of DIXON at $715.97 = $107,395.50 (P&L: $8,172.00)
    🔴 SOLD 126 shares of MUTHOOTFIN at $613.15 = $77,256.90 (P&L: $-33,654.60)
    🔴 SOLD 241 shares of DEEPAKNTR at $385.05 = $92,797.05 (P&L: $-18,520.85)
    🔴 SOLD 435 shares of GUJGASLTD at $230.85 = $100,419.75 (P&L: $-2,914.50)
    🔴 SOLD 449 shares of MIDHANI at $178.85 = $80,303.65 (P&L: $-31,115.69)
    🔴 SOLD 249 shares of BAJFINANCE at $221.58 = $55,173.42 (P&L: $-56,026.24)
    🔴 SOLD 653 shares of INDIAGLYCO at $106.43 = $69,495.53 (P&L: $-41,938.92)
    🔴 SOLD 599 shares of WELCORP at $62.05 = $37,167.95 (P&L: $-74,186.15)
    🔴 SOLD 150 shares of SRF at $556.66 = $83,499.00 (P&L: $-19,584.00)
Total proceeds from sales: $870,712.65

🛒 BUY PHASE
Stocks already held: 9
New stocks to buy: 3
Available cash: $878,518.37
Allocation per new stock: $79,865.31
    🟢 BOUGHT 81 shares of TORNTPHARM at $985.90 = $79,857.90
    🟢 BOUGHT 295 shares of BIOCON at $270.55 = $79,812.25
    🟢 BOUGHT 71 shares of MCX at $1124.25 = $79,821.75
Total spent on purchases: $239,491.90

📈 DAILY SNAPSHOT: 2020-03-31 00:00:00
Portfolio positions: 12
Portfolio market value: $1,239,809.35
Cash balance: $639,026.47
Total account value: $1,878,835.82
Period realized P&L: $-324,007.65
Period unrealized P&L: $-9,219.67
Total return: +87.88%

🔄 REBALANCING #57: 2020-04-30 00:00:00 (Month-End)
------------------------------------------------------------
💰 Opening Balance: $13,518,454.96
📊 Top 20 stocks for 2020-04-30 00:00:00:
    ticker        Close  v61
ABBOTINDIA 17730.750000    1
NAVINFLUOR  1573.199951    2
   IPCALAB   809.349976    3
     IOLCP    57.849998    4
    PFIZER  4901.950195    5
AJANTPHARM   991.466675    6
 DEEPAKNTR   506.149994    7
     DMART  2383.649902    8
    SANOFI  7778.299805    9
  DIVISLAB  2332.899902   10
... and 10 more stocks

💰 SELL PHASE
Current holdings: 12
Stocks to sell: 2
    🔴 SOLD 71 shares of MCX at $1067.60 = $75,799.60 (P&L: $-4,022.15)
    🔴 SOLD 813 shares of GRANULES at $162.50 = $132,112.50 (P&L: $13,373.85)
Total proceeds from sales: $207,912.10

🛒 BUY PHASE
Stocks already held: 10
New stocks to buy: 10
Available cash: $846,938.57
Allocation per new stock: $84,693.86
    🟢 BOUGHT 1,464 shares of IOLCP at $57.85 = $84,692.40
    🟢 BOUGHT 53 shares of NAVINFLUOR at $1573.20 = $83,379.60
    🟢 BOUGHT 826 shares of LAURUSLABS at $102.50 = $84,665.00
    🟢 BOUGHT 167 shares of DEEPAKNTR at $506.15 = $84,527.05
    🟢 BOUGHT 113 shares of APLLTD at $743.50 = $84,015.50
    🟢 BOUGHT 393 shares of MIDHANI at $215.05 = $84,514.65
    🟢 BOUGHT 10 shares of SANOFI at $7778.30 = $77,783.00
    🟢 BOUGHT 17 shares of PFIZER at $4901.95 = $83,333.15
    🟢 BOUGHT 153 shares of AARTIIND at $551.20 = $84,333.60
    🟢 BOUGHT 98 shares of MUTHOOTFIN at $862.70 = $84,544.60
Total spent on purchases: $835,788.55

📈 DAILY SNAPSHOT: 2020-04-30 00:00:00
Portfolio positions: 20
Portfolio market value: $2,032,972.58
Cash balance: $11,150.02
Total account value: $2,044,122.60
Period realized P&L: $9,351.70
Period unrealized P&L: $146,715.41
Total return: +104.41%

📈 DAILY SNAPSHOT: 2020-05-15 00:00:00
Portfolio positions: 20
Portfolio market value: $2,023,330.62
Cash balance: $11,150.02
Total account value: $2,034,480.64
Total return: +103.45%

🔄 REBALANCING #58: 2020-05-29 00:00:00 (Month-End)
------------------------------------------------------------
💰 Opening Balance: $13,636,511.91
📊 Top 20 stocks for 2020-05-29 00:00:00:
    ticker        Close  v61
     IOLCP    76.190002    1
JBCHEPHARM   341.075012    2
AARTIDRUGS   243.062500    3
NAVINFLUOR  1565.599976    4
ABBOTINDIA 16723.400391    5
    APLLTD   871.150024    6
  INDIACEM   125.550003    7
     CIPLA   648.150024    8
  DIVISLAB  2390.100098    9
AJANTPHARM  1015.966675   10
... and 10 more stocks

💰 SELL PHASE
Current holdings: 20
Stocks to sell: 6
    🔴 SOLD 231 shares of BHARTIARTL at $542.42 = $125,298.13 (P&L: $21,948.72)
    🔴 SOLD 49 shares of ALKEM at $2262.90 = $110,882.10 (P&L: $-6,602.75)
    🔴 SOLD 393 shares of MIDHANI at $201.65 = $79,248.45 (P&L: $-5,266.20)
    🔴 SOLD 17 shares of PFIZER at $4038.60 = $68,656.20 (P&L: $-14,676.95)
    🔴 SOLD 153 shares of AARTIIND at $488.08 = $74,675.48 (P&L: $-9,658.12)
    🔴 SOLD 98 shares of MUTHOOTFIN at $862.65 = $84,539.70 (P&L: $-4.90)
Total proceeds from sales: $543,300.05

🛒 BUY PHASE
Stocks already held: 14
New stocks to buy: 6
Available cash: $554,450.07
Allocation per new stock: $92,408.34
    🟢 BOUGHT 539 shares of GRANULES at $171.25 = $92,303.75
    🟢 BOUGHT 123 shares of AUROPHARMA at $745.65 = $91,714.95
    🟢 BOUGHT 736 shares of INDIACEM at $125.55 = $92,404.80
    🟢 BOUGHT 380 shares of AARTIDRUGS at $243.06 = $92,363.75
    🟢 BOUGHT 270 shares of JBCHEPHARM at $341.08 = $92,090.25
    🟢 BOUGHT 142 shares of CIPLA at $648.15 = $92,037.30
Total spent on purchases: $552,914.81

📈 DAILY SNAPSHOT: 2020-05-29 00:00:00
Portfolio positions: 20
Portfolio market value: $2,017,641.95
Cash balance: $1,535.26
Total account value: $2,019,177.21
Period realized P&L: $-14,260.21
Period unrealized P&L: $136,030.23
Total return: +101.92%

📈 DAILY SNAPSHOT: 2020-06-29 00:00:00
Portfolio positions: 20
Portfolio market value: $2,108,169.70
Cash balance: $1,535.26
Total account value: $2,109,704.96
Total return: +110.97%

🔄 REBALANCING #59: 2020-06-30 00:00:00 (Month-End)
------------------------------------------------------------
💰 Opening Balance: $13,848,809.69
📊 Top 20 stocks for 2020-06-30 00:00:00:
    ticker       Close  v61
AARTIDRUGS  317.637512    1
     IOLCP   89.919998    2
 BAYERCROP 5937.000000    3
     DIXON 1151.780029    4
COROMANDEL  755.750000    5
    APLLTD  912.799988    6
    RALLIS  272.299988    7
 GUJGASLTD  318.250000    8
AUROPHARMA  771.700012    9
NAVINFLUOR 1622.000000   10
... and 10 more stocks

💰 SELL PHASE
Current holdings: 20
Stocks to sell: 7
    🔴 SOLD 52 shares of DIVISLAB at $2278.90 = $118,502.79 (P&L: $8,941.40)
    🔴 SOLD 81 shares of TORNTPHARM at $1186.05 = $96,070.05 (P&L: $16,212.15)
    🔴 SOLD 7 shares of ABBOTINDIA at $15736.50 = $110,155.50 (P&L: $122.85)
    🔴 SOLD 141 shares of NESTLEIND at $858.72 = $121,079.87 (P&L: $9,838.98)
    🔴 SOLD 55 shares of DMART at $2317.15 = $127,443.24 (P&L: $10,076.00)
    🔴 SOLD 167 shares of DEEPAKNTR at $475.05 = $79,333.35 (P&L: $-5,193.70)
    🔴 SOLD 270 shares of JBCHEPHARM at $353.73 = $95,505.75 (P&L: $3,415.50)
Total proceeds from sales: $748,090.56

🛒 BUY PHASE
Stocks already held: 13
New stocks to buy: 7
Available cash: $749,625.82
Allocation per new stock: $107,089.40
    🟢 BOUGHT 30 shares of ASTRAZEN at $3547.70 = $106,431.00
    🟢 BOUGHT 92 shares of DIXON at $1151.78 = $105,963.76
    🟢 BOUGHT 18 shares of BAYERCROP at $5937.00 = $106,866.00
    🟢 BOUGHT 393 shares of RALLIS at $272.30 = $107,013.90
    🟢 BOUGHT 336 shares of GUJGASLTD at $318.25 = $106,932.00
    🟢 BOUGHT 141 shares of COROMANDEL at $755.75 = $106,560.75
    🟢 BOUGHT 98 shares of MUTHOOTFIN at $1086.05 = $106,432.90
Total spent on purchases: $746,200.31

📈 DAILY SNAPSHOT: 2020-06-30 00:00:00
Portfolio positions: 20
Portfolio market value: $2,106,586.59
Cash balance: $3,425.51
Total account value: $2,110,012.10
Period realized P&L: $43,413.17
Period unrealized P&L: $183,451.95
Total return: +111.00%

🔄 REBALANCING #60: 2020-07-31 00:00:00 (Month-End)
------------------------------------------------------------
💰 Opening Balance: $14,354,534.93
📊 Top 20 stocks for 2020-07-31 00:00:00:
    ticker       Close  v61
AARTIDRUGS  435.062500    1
     IOLCP  156.100006    2
LAURUSLABS  186.649994    3
     DIXON 1526.739990    4
  GRANULES  273.299988    5
   SYNGENE  487.549988    6
COROMANDEL  780.099976    7
      CDSL  174.550003    8
JBCHEPHARM  367.100006    9
MUTHOOTFIN 1273.800049   10
... and 10 more stocks

💰 SELL PHASE
Current holdings: 20
Stocks to sell: 9
    🔴 SOLD 120 shares of AJANTPHARM at $1086.13 = $130,336.00 (P&L: $19,523.99)
    🔴 SOLD 30 shares of ASTRAZEN at $3336.95 = $100,108.50 (P&L: $-6,322.50)
    🔴 SOLD 736 shares of INDIACEM at $111.40 = $81,990.40 (P&L: $-10,414.40)
    🔴 SOLD 18 shares of BAYERCROP at $5553.30 = $99,959.40 (P&L: $-6,906.60)
    🔴 SOLD 393 shares of RALLIS at $290.70 = $114,245.10 (P&L: $7,231.21)
    🔴 SOLD 336 shares of GUJGASLTD at $289.25 = $97,188.00 (P&L: $-9,744.00)
    🔴 SOLD 10 shares of SANOFI at $7767.75 = $77,677.50 (P&L: $-105.50)
    🔴 SOLD 295 shares of BIOCON at $409.60 = $120,832.00 (P&L: $41,019.76)
    🔴 SOLD 142 shares of CIPLA at $720.15 = $102,261.30 (P&L: $10,224.00)
Total proceeds from sales: $924,598.20

🛒 BUY PHASE
Stocks already held: 11
New stocks to buy: 9
Available cash: $928,023.71
Allocation per new stock: $103,113.75
    🟢 BOUGHT 39 shares of DIVISLAB at $2616.55 = $102,045.45
    🟢 BOUGHT 108 shares of RELIANCE at $953.97 = $103,028.36
    🟢 BOUGHT 211 shares of SYNGENE at $487.55 = $102,873.05
    🟢 BOUGHT 160 shares of DEEPAKNTR at $643.15 = $102,904.00
    🟢 BOUGHT 590 shares of CDSL at $174.55 = $102,984.50
    🟢 BOUGHT 280 shares of JBCHEPHARM at $367.10 = $102,788.00
    🟢 BOUGHT 240 shares of TATACONSUM at $428.05 = $102,732.00
    🟢 BOUGHT 666 shares of DEEPAKFERT at $154.75 = $103,063.39
    🟢 BOUGHT 839 shares of SEQUENT at $122.80 = $103,029.20
Total spent on purchases: $925,447.96

📈 DAILY SNAPSHOT: 2020-07-31 00:00:00
Portfolio positions: 20
Portfolio market value: $2,461,064.33
Cash balance: $2,575.75
Total account value: $2,463,640.08
Period realized P&L: $44,505.96
Period unrealized P&L: $492,573.98
Total return: +146.36%

📈 DAILY SNAPSHOT: 2020-08-10 00:00:00
Portfolio positions: 20
Portfolio market value: $2,695,015.48
Cash balance: $2,575.75
Total account value: $2,697,591.24
Total return: +169.76%

🔄 REBALANCING #61: 2020-08-31 00:00:00 (Month-End)
------------------------------------------------------------
💰 Opening Balance: $15,245,110.69
📊 Top 20 stocks for 2020-08-31 00:00:00:
    ticker       Close  v61
     TANLA  228.949997    1
ADANIGREEN  452.750000    2
LAURUSLABS  226.660004    3
  TATACOMM  870.650024    4
     DIXON 1618.989990    5
     IOLCP  151.320007    6
ALKYLAMINE 1241.579956    7
  GRANULES  313.750000    8
      CDSL  203.324997    9
TATACONSUM  532.349976   10
... and 10 more stocks

💰 SELL PHASE
Current holdings: 20
Stocks to sell: 11
    🔴 SOLD 163 shares of IPCALAB at $943.80 = $153,839.40 (P&L: $42,889.38)
    🔴 SOLD 53 shares of NAVINFLUOR at $1951.95 = $103,453.35 (P&L: $20,073.75)
    🔴 SOLD 123 shares of AUROPHARMA at $808.90 = $99,494.70 (P&L: $7,779.75)
    🔴 SOLD 160 shares of DEEPAKNTR at $683.45 = $109,352.00 (P&L: $6,448.00)
    🔴 SOLD 113 shares of APLLTD at $942.10 = $106,457.30 (P&L: $22,441.80)
    🔴 SOLD 380 shares of AARTIDRUGS at $678.04 = $257,654.24 (P&L: $165,290.49)
    🔴 SOLD 280 shares of JBCHEPHARM at $385.12 = $107,835.00 (P&L: $5,047.00)
    🔴 SOLD 141 shares of COROMANDEL at $760.05 = $107,167.05 (P&L: $606.30)
    🔴 SOLD 108 shares of RELIANCE at $960.24 = $103,706.22 (P&L: $677.85)
    🔴 SOLD 839 shares of SEQUENT at $129.70 = $108,818.30 (P&L: $5,789.09)
    🔴 SOLD 98 shares of MUTHOOTFIN at $1146.75 = $112,381.50 (P&L: $5,948.60)
Total proceeds from sales: $1,370,159.05

🛒 BUY PHASE
Stocks already held: 9
New stocks to buy: 11
Available cash: $1,372,734.80
Allocation per new stock: $124,794.07
    🟢 BOUGHT 255 shares of NUCLEUS at $489.35 = $124,784.25
    🟢 BOUGHT 178 shares of POLYPLEX at $697.45 = $124,146.10
    🟢 BOUGHT 143 shares of TATACOMM at $870.65 = $124,502.95
    🟢 BOUGHT 67 shares of INDIAMART at $1842.82 = $123,469.27
    🟢 BOUGHT 246 shares of AFFLE at $506.34 = $124,559.64
    🟢 BOUGHT 545 shares of TANLA at $228.95 = $124,777.75
    🟢 BOUGHT 66 shares of GMMPFAUDLR at $1864.18 = $123,036.10
    🟢 BOUGHT 138 shares of NEULANDLAB at $899.10 = $124,075.80
    🟢 BOUGHT 100 shares of ALKYLAMINE at $1241.58 = $124,158.00
    🟢 BOUGHT 157 shares of BALAMINES at $791.60 = $124,281.20
    🟢 BOUGHT 275 shares of ADANIGREEN at $452.75 = $124,506.25
Total spent on purchases: $1,366,297.31

📈 DAILY SNAPSHOT: 2020-08-31 00:00:00
Portfolio positions: 20
Portfolio market value: $2,671,168.21
Cash balance: $6,437.50
Total account value: $2,677,605.71
Period realized P&L: $282,992.00
Period unrealized P&L: $423,547.61
Total return: +167.76%

📈 DAILY SNAPSHOT: 2020-09-21 00:00:00
Portfolio positions: 20
Portfolio market value: $2,971,174.16
Cash balance: $6,437.50
Total account value: $2,977,611.66
Total return: +197.76%

🔄 REBALANCING #62: 2020-09-30 00:00:00 (Month-End)
------------------------------------------------------------
💰 Opening Balance: $16,299,167.93
📊 Top 20 stocks for 2020-09-30 00:00:00:
    ticker       Close  v61
ADANIGREEN  737.599976    1
  RAMCOSYS  424.500000    2
LAURUSLABS  287.149994    3
AARTIDRUGS  771.299988    4
PERSISTENT  670.625000    5
  GRANULES  383.799988    6
   NUCLEUS  670.349976    7
     DIXON 1752.410034    8
     AFFLE  575.010010    9
 APLAPOLLO  291.690002   10
... and 10 more stocks

💰 SELL PHASE
Current holdings: 20
Stocks to sell: 10
    🔴 SOLD 39 shares of DIVISLAB at $3047.95 = $118,870.05 (P&L: $16,824.60)
    🔴 SOLD 178 shares of POLYPLEX at $700.05 = $124,608.90 (P&L: $462.80)
    🔴 SOLD 143 shares of TATACOMM at $847.40 = $121,178.20 (P&L: $-3,324.75)
    🔴 SOLD 240 shares of TATACONSUM at $499.95 = $119,988.00 (P&L: $17,256.01)
    🔴 SOLD 545 shares of TANLA at $291.15 = $158,676.75 (P&L: $33,899.00)
    🔴 SOLD 66 shares of GMMPFAUDLR at $1327.93 = $87,643.60 (P&L: $-35,392.50)
    🔴 SOLD 666 shares of DEEPAKFERT at $152.45 = $101,531.70 (P&L: $-1,531.69)
    🔴 SOLD 100 shares of ALKYLAMINE at $1283.58 = $128,358.00 (P&L: $4,200.00)
    🔴 SOLD 157 shares of BALAMINES at $807.40 = $126,761.80 (P&L: $2,480.61)
    🔴 SOLD 138 shares of NEULANDLAB at $1147.70 = $158,382.59 (P&L: $34,306.80)
Total proceeds from sales: $1,245,999.59

🛒 BUY PHASE
Stocks already held: 10
New stocks to buy: 10
Available cash: $1,252,437.09
Allocation per new stock: $125,243.71
    🟢 BOUGHT 429 shares of APLAPOLLO at $291.69 = $125,135.01
    🟢 BOUGHT 58 shares of APOLLOHOSP at $2148.05 = $124,586.90
    🟢 BOUGHT 152 shares of DEEPAKNTR at $821.20 = $124,822.40
    🟢 BOUGHT 186 shares of PERSISTENT at $670.62 = $124,736.25
    🟢 BOUGHT 162 shares of AARTIDRUGS at $771.30 = $124,950.60
    🟢 BOUGHT 49 shares of LTIM at $2543.55 = $124,633.95
    🟢 BOUGHT 253 shares of JBCHEPHARM at $494.15 = $125,019.95
    🟢 BOUGHT 1,721 shares of FSL at $72.75 = $125,202.75
    🟢 BOUGHT 121 shares of RELIANCE at $1031.15 = $124,769.42
    🟢 BOUGHT 295 shares of RAMCOSYS at $424.50 = $125,227.50
Total spent on purchases: $1,249,084.73

📈 DAILY SNAPSHOT: 2020-09-30 00:00:00
Portfolio positions: 20
Portfolio market value: $3,008,523.91
Cash balance: $3,352.36
Total account value: $3,011,876.26
Period realized P&L: $69,180.86
Period unrealized P&L: $688,637.30
Total return: +201.19%

🔄 REBALANCING #63: 2020-10-30 00:00:00 (Month-End)
------------------------------------------------------------
💰 Opening Balance: $17,041,340.74
📊 Top 20 stocks for 2020-10-30 00:00:00:
    ticker       Close  v61
ADANIGREEN  856.400024    1
LAURUSLABS  319.399994    2
 APLAPOLLO  314.429993    3
  GRANULES  383.750000    4
  ADANIENT  339.700012    5
      CDSL  241.574997    6
     DIXON 1859.859985    7
 INDIAMART 2423.000000    8
PERSISTENT  579.325012    9
  JSWSTEEL  309.000000   10
... and 10 more stocks

💰 SELL PHASE
Current holdings: 20
Stocks to sell: 10
    🔴 SOLD 1,464 shares of IOLCP at $132.76 = $194,360.63 (P&L: $109,668.23)
    🔴 SOLD 255 shares of NUCLEUS at $606.85 = $154,746.74 (P&L: $29,962.49)
    🔴 SOLD 211 shares of SYNGENE at $534.95 = $112,874.45 (P&L: $10,001.41)
    🔴 SOLD 152 shares of DEEPAKNTR at $742.25 = $112,822.00 (P&L: $-12,000.40)
    🔴 SOLD 162 shares of AARTIDRUGS at $680.95 = $110,313.90 (P&L: $-14,636.70)
    🔴 SOLD 253 shares of JBCHEPHARM at $504.35 = $127,600.55 (P&L: $2,580.60)
    🔴 SOLD 1,721 shares of FSL at $70.00 = $120,470.00 (P&L: $-4,732.75)
    🔴 SOLD 246 shares of AFFLE at $530.88 = $130,596.48 (P&L: $6,036.84)
    🔴 SOLD 121 shares of RELIANCE at $948.15 = $114,726.32 (P&L: $-10,043.10)
    🔴 SOLD 295 shares of RAMCOSYS at $471.80 = $139,181.00 (P&L: $13,953.50)
Total proceeds from sales: $1,317,692.08

🛒 BUY PHASE
Stocks already held: 10
New stocks to buy: 10
Available cash: $1,321,044.44
Allocation per new stock: $132,104.44
    🟢 BOUGHT 115 shares of THYROCARE at $1148.70 = $132,100.49
    🟢 BOUGHT 71 shares of JKCEMENT at $1851.40 = $131,449.40
    🟢 BOUGHT 58 shares of NAVINFLUOR at $2241.55 = $130,009.90
    🟢 BOUGHT 427 shares of JSWSTEEL at $309.00 = $131,943.00
    🟢 BOUGHT 388 shares of ADANIENT at $339.70 = $131,803.60
    🟢 BOUGHT 599 shares of ATGL at $220.50 = $132,079.50
    🟢 BOUGHT 156 shares of HCLTECH at $841.95 = $131,344.20
    🟢 BOUGHT 35 shares of BLUEDART at $3696.30 = $129,370.50
    🟢 BOUGHT 775 shares of WIPRO at $170.35 = $132,021.25
    🟢 BOUGHT 116 shares of SOLARA at $1137.15 = $131,909.40
Total spent on purchases: $1,314,031.26

📈 DAILY SNAPSHOT: 2020-10-30 00:00:00
Portfolio positions: 20
Portfolio market value: $3,004,763.80
Cash balance: $7,013.17
Total account value: $3,011,776.97
Period realized P&L: $130,790.13
Period unrealized P&L: $557,747.88
Total return: +201.18%

📈 DAILY SNAPSHOT: 2020-11-03 00:00:00
Portfolio positions: 20
Portfolio market value: $2,966,825.54
Cash balance: $7,013.17
Total account value: $2,973,838.72
Total return: +197.38%

🔄 REBALANCING #64: 2020-11-27 00:00:00 (Month-End)
------------------------------------------------------------
💰 Opening Balance: $17,971,012.16
📊 Top 20 stocks for 2020-11-27 00:00:00:
    ticker       Close  v61
     TANLA  612.650024    1
ADANIGREEN 1136.400024    2
   CGPOWER   41.200001    3
LAURUSLABS  316.850006    4
     DIXON 2375.969971    5
      ATGL  347.899994    6
  JKCEMENT 2029.949951    7
  GRANULES  412.549988    8
  ADANIENT  398.399994    9
ALKYLAMINE 1606.000000   10
... and 10 more stocks

💰 SELL PHASE
Current holdings: 20
Stocks to sell: 10
    🔴 SOLD 115 shares of THYROCARE at $1098.25 = $126,298.75 (P&L: $-5,801.74)
    🔴 SOLD 429 shares of APLAPOLLO at $337.89 = $144,954.82 (P&L: $19,819.81)
    🔴 SOLD 186 shares of PERSISTENT at $596.67 = $110,981.55 (P&L: $-13,754.70)
    🔴 SOLD 49 shares of LTIM at $3200.45 = $156,822.05 (P&L: $32,188.10)
    🔴 SOLD 590 shares of CDSL at $244.85 = $144,461.50 (P&L: $41,477.00)
    🔴 SOLD 156 shares of HCLTECH at $822.10 = $128,247.60 (P&L: $-3,096.61)
    🔴 SOLD 35 shares of BLUEDART at $3995.35 = $139,837.25 (P&L: $10,466.75)
    🔴 SOLD 67 shares of INDIAMART at $2546.20 = $170,595.40 (P&L: $47,126.12)
    🔴 SOLD 775 shares of WIPRO at $175.25 = $135,818.75 (P&L: $3,797.50)
    🔴 SOLD 116 shares of SOLARA at $1169.50 = $135,662.00 (P&L: $3,752.60)
Total proceeds from sales: $1,393,679.66

🛒 BUY PHASE
Stocks already held: 10
New stocks to buy: 10
Available cash: $1,400,692.83
Allocation per new stock: $140,069.28
    🟢 BOUGHT 216 shares of KAJARIACER at $647.90 = $139,946.41
    🟢 BOUGHT 497 shares of DHANI at $281.75 = $140,029.75
    🟢 BOUGHT 204 shares of AFFLE at $683.70 = $139,474.80
    🟢 BOUGHT 360 shares of CHOLAFIN at $388.70 = $139,932.00
    🟢 BOUGHT 3,399 shares of CGPOWER at $41.20 = $140,038.80
    🟢 BOUGHT 318 shares of EMAMILTD at $440.35 = $140,031.30
    🟢 BOUGHT 228 shares of TANLA at $612.65 = $139,684.21
    🟢 BOUGHT 2,426 shares of TATASTEEL at $57.74 = $140,065.11
    🟢 BOUGHT 87 shares of ALKYLAMINE at $1606.00 = $139,722.00
    🟢 BOUGHT 139 shares of BALAMINES at $1001.95 = $139,271.05
Total spent on purchases: $1,398,195.44

📈 DAILY SNAPSHOT: 2020-11-27 00:00:00
Portfolio positions: 20
Portfolio market value: $3,362,040.37
Cash balance: $2,497.40
Total account value: $3,364,537.77
Period realized P&L: $135,974.82
Period unrealized P&L: $774,533.86
Total return: +236.45%

📈 DAILY SNAPSHOT: 2020-12-16 00:00:00
Portfolio positions: 20
Portfolio market value: $3,449,067.01
Cash balance: $2,497.40
Total account value: $3,451,564.41
Total return: +245.16%

🔄 REBALANCING #65: 2020-12-31 00:00:00 (Month-End)
------------------------------------------------------------
💰 Opening Balance: $19,028,162.55
📊 Top 20 stocks for 2020-12-31 00:00:00:
    ticker       Close  v61
   CGPOWER   44.849998    1
ADANIGREEN 1052.599976    2
  RAMCOSYS  599.750000    3
 BORORENEW  300.450012    4
 APLAPOLLO  441.500000    5
     DIXON 2689.709961    6
      SAIL   74.099998    7
  SUBEXLTD   28.450001    8
LAURUSLABS  353.149994    9
  ADANIENT  479.549988   10
... and 10 more stocks

💰 SELL PHASE
Current holdings: 20
Stocks to sell: 11
    🔴 SOLD 71 shares of JKCEMENT at $1916.80 = $136,092.80 (P&L: $4,643.40)
    🔴 SOLD 216 shares of KAJARIACER at $703.60 = $151,977.59 (P&L: $12,031.19)
    🔴 SOLD 58 shares of NAVINFLUOR at $2612.20 = $151,507.60 (P&L: $21,497.69)
    🔴 SOLD 539 shares of GRANULES at $352.15 = $189,808.85 (P&L: $97,505.10)
    🔴 SOLD 58 shares of APOLLOHOSP at $2412.80 = $139,942.40 (P&L: $15,355.50)
    🔴 SOLD 497 shares of DHANI at $321.65 = $159,860.05 (P&L: $19,830.30)
    🔴 SOLD 360 shares of CHOLAFIN at $387.65 = $139,554.00 (P&L: $-378.01)
    🔴 SOLD 228 shares of TANLA at $673.90 = $153,649.21 (P&L: $13,965.00)
    🔴 SOLD 318 shares of EMAMILTD at $423.75 = $134,752.50 (P&L: $-5,278.80)
    🔴 SOLD 87 shares of ALKYLAMINE at $1531.98 = $133,282.26 (P&L: $-6,439.74)
    🔴 SOLD 139 shares of BALAMINES at $926.40 = $128,769.60 (P&L: $-10,501.45)
Total proceeds from sales: $1,619,196.86

🛒 BUY PHASE
Stocks already held: 9
New stocks to buy: 11
Available cash: $1,621,694.26
Allocation per new stock: $147,426.75
    🟢 BOUGHT 38 shares of DIVISLAB at $3841.90 = $145,992.20
    🟢 BOUGHT 333 shares of APLAPOLLO at $441.50 = $147,019.50
    🟢 BOUGHT 5,181 shares of SUBEXLTD at $28.45 = $147,399.45
    🟢 BOUGHT 490 shares of BORORENEW at $300.45 = $147,220.51
    🟢 BOUGHT 160 shares of HAVELLS at $916.15 = $146,584.00
    🟢 BOUGHT 1,989 shares of SAIL at $74.10 = $147,384.90
    🟢 BOUGHT 194 shares of PERSISTENT at $758.58 = $147,163.55
    🟢 BOUGHT 308 shares of TATACHEM at $477.40 = $147,039.20
    🟢 BOUGHT 1,452 shares of FSL at $101.50 = $147,378.00
    🟢 BOUGHT 728 shares of NIITLTD at $202.25 = $147,238.00
    🟢 BOUGHT 245 shares of RAMCOSYS at $599.75 = $146,938.75
Total spent on purchases: $1,617,358.06

📈 DAILY SNAPSHOT: 2020-12-31 00:00:00
Portfolio positions: 20
Portfolio market value: $3,485,262.70
Cash balance: $4,336.20
Total account value: $3,489,598.90
Period realized P&L: $162,230.18
Period unrealized P&L: $737,364.81
Total return: +248.96%

🔄 REBALANCING #66: 2021-01-29 00:00:00 (Month-End)
------------------------------------------------------------
💰 Opening Balance: $19,881,874.03
📊 Top 20 stocks for 2021-01-29 00:00:00:
    ticker       Close  v61
 BORORENEW  274.450012    1
ADANIGREEN 1004.900024    2
 APLAPOLLO  453.325012    3
KAJARIACER  824.700012    4
     DIXON 2825.500000    5
  ADANIENT  506.649994    6
      BEPL   95.400002    7
TATAMOTORS  262.700012    8
ALKYLAMINE 1913.359985    9
      ATGL  381.049988   10
... and 10 more stocks

💰 SELL PHASE
Current holdings: 20
Stocks to sell: 12
    🔴 SOLD 38 shares of DIVISLAB at $3369.85 = $128,054.30 (P&L: $-17,937.89)
    🔴 SOLD 5,181 shares of SUBEXLTD at $26.55 = $137,555.55 (P&L: $-9,843.91)
    🔴 SOLD 427 shares of JSWSTEEL at $366.85 = $156,644.95 (P&L: $24,701.95)
    🔴 SOLD 826 shares of LAURUSLABS at $345.35 = $285,259.11 (P&L: $200,594.11)
    🔴 SOLD 1,989 shares of SAIL at $57.65 = $114,665.85 (P&L: $-32,719.04)
    🔴 SOLD 308 shares of TATACHEM at $475.30 = $146,392.40 (P&L: $-646.80)
    🔴 SOLD 1,452 shares of FSL at $87.00 = $126,324.00 (P&L: $-21,054.00)
    🔴 SOLD 3,399 shares of CGPOWER at $39.75 = $135,110.25 (P&L: $-4,928.55)
    🔴 SOLD 204 shares of AFFLE at $729.20 = $148,756.80 (P&L: $9,282.00)
    🔴 SOLD 728 shares of NIITLTD at $187.60 = $136,572.80 (P&L: $-10,665.20)
    🔴 SOLD 2,426 shares of TATASTEEL at $60.10 = $145,802.60 (P&L: $5,737.48)
    🔴 SOLD 245 shares of RAMCOSYS at $651.10 = $159,519.49 (P&L: $12,580.74)
Total proceeds from sales: $1,820,658.10

🛒 BUY PHASE
Stocks already held: 8
New stocks to buy: 12
Available cash: $1,824,994.30
Allocation per new stock: $152,082.86
    🟢 BOUGHT 1,592 shares of PCBL at $95.50 = $152,036.00
    🟢 BOUGHT 1,594 shares of BEPL at $95.40 = $152,067.60
    🟢 BOUGHT 184 shares of KAJARIACER at $824.70 = $151,744.80
    🟢 BOUGHT 10,488 shares of TRIDENT at $14.50 = $152,076.00
    🟢 BOUGHT 445 shares of DHANI at $341.20 = $151,834.01
    🟢 BOUGHT 298 shares of ADANIPORTS at $509.70 = $151,890.60
    🟢 BOUGHT 144 shares of GRASIM at $1051.47 = $151,411.55
    🟢 BOUGHT 578 shares of TATAMOTORS at $262.70 = $151,840.61
    🟢 BOUGHT 314 shares of EMAMILTD at $483.05 = $151,677.70
    🟢 BOUGHT 79 shares of ALKYLAMINE at $1913.36 = $151,155.44
    🟢 BOUGHT 725 shares of SEQUENT at $209.75 = $152,068.75
    🟢 BOUGHT 2,745 shares of ASHOKLEY at $55.40 = $152,073.00
Total spent on purchases: $1,821,876.06

📈 DAILY SNAPSHOT: 2021-01-29 00:00:00
Portfolio positions: 20
Portfolio market value: $3,383,448.69
Cash balance: $3,118.24
Total account value: $3,386,566.93
Period realized P&L: $155,100.89
Period unrealized P&L: $479,231.95
Total return: +238.66%

🔄 REBALANCING #67: 2021-02-26 00:00:00 (Month-End)
------------------------------------------------------------
💰 Opening Balance: $21,160,618.31
📊 Top 20 stocks for 2021-02-26 00:00:00:
    ticker       Close  v61
  ADANIENT  833.650024    1
     TANLA  896.599976    2
     DIXON 3969.780029    3
HINDCOPPER  149.850006    4
  TATACHEM  739.500000    5
 APLAPOLLO  536.349976    6
KAJARIACER  947.049988    7
   CGPOWER   56.450001    8
LINDEINDIA 1560.199951    9
ADANIPORTS  675.900024   10
... and 10 more stocks

💰 SELL PHASE
Current holdings: 20
Stocks to sell: 12
    🔴 SOLD 1,592 shares of PCBL at $98.43 = $156,692.60 (P&L: $4,656.60)
    🔴 SOLD 1,594 shares of BEPL at $96.27 = $153,449.06 (P&L: $1,381.46)
    🔴 SOLD 490 shares of BORORENEW at $282.40 = $138,376.00 (P&L: $-8,844.51)
    🔴 SOLD 10,488 shares of TRIDENT at $13.80 = $144,734.40 (P&L: $-7,341.60)
    🔴 SOLD 160 shares of HAVELLS at $1105.55 = $176,888.01 (P&L: $30,304.00)
    🔴 SOLD 445 shares of DHANI at $362.00 = $161,090.00 (P&L: $9,255.99)
    🔴 SOLD 194 shares of PERSISTENT at $828.28 = $160,685.35 (P&L: $13,521.80)
    🔴 SOLD 144 shares of GRASIM at $1196.04 = $172,230.38 (P&L: $20,818.83)
    🔴 SOLD 314 shares of EMAMILTD at $455.20 = $142,932.80 (P&L: $-8,744.89)
    🔴 SOLD 79 shares of ALKYLAMINE at $2020.56 = $159,624.24 (P&L: $8,468.81)
    🔴 SOLD 725 shares of SEQUENT at $239.10 = $173,347.50 (P&L: $21,278.75)
    🔴 SOLD 2,745 shares of ASHOKLEY at $64.43 = $176,846.63 (P&L: $24,773.63)
Total proceeds from sales: $1,916,896.99

🛒 BUY PHASE
Stocks already held: 8
New stocks to buy: 12
Available cash: $1,920,015.23
Allocation per new stock: $160,001.27
    🟢 BOUGHT 235 shares of DBL at $679.45 = $159,670.75
    🟢 BOUGHT 1,357 shares of POONAWALLA at $117.90 = $159,990.30
    🟢 BOUGHT 178 shares of TANLA at $896.60 = $159,594.80
    🟢 BOUGHT 1,466 shares of ONMOBILE at $109.10 = $159,940.60
    🟢 BOUGHT 1,067 shares of HINDCOPPER at $149.85 = $159,889.96
    🟢 BOUGHT 116 shares of DEEPAKNTR at $1368.65 = $158,763.40
    🟢 BOUGHT 216 shares of TATACHEM at $739.50 = $159,732.00
    🟢 BOUGHT 368 shares of INTELLECT at $434.05 = $159,730.40
    🟢 BOUGHT 2,834 shares of CGPOWER at $56.45 = $159,979.30
    🟢 BOUGHT 102 shares of LINDEINDIA at $1560.20 = $159,140.40
    🟢 BOUGHT 153 shares of AFFLE at $1039.88 = $159,101.64
    🟢 BOUGHT 78 shares of NEULANDLAB at $2026.00 = $158,028.00
Total spent on purchases: $1,913,561.54

📈 DAILY SNAPSHOT: 2021-02-26 00:00:00
Portfolio positions: 20
Portfolio market value: $3,968,949.12
Cash balance: $6,453.69
Total account value: $3,975,402.81
Period realized P&L: $109,528.88
Period unrealized P&L: $958,538.95
Total return: +297.54%

📈 DAILY SNAPSHOT: 2021-03-15 00:00:00
Portfolio positions: 20
Portfolio market value: $4,314,798.40
Cash balance: $6,453.69
Total account value: $4,321,252.09
Total return: +332.13%

🔄 REBALANCING #68: 2021-03-31 00:00:00 (Month-End)
------------------------------------------------------------
💰 Opening Balance: $22,630,999.77
📊 Top 20 stocks for 2021-03-31 00:00:00:
    ticker       Close  v61
  ADANIENT 1031.150024    1
      ATGL  961.250000    2
 INTELLECT  740.000000    3
   CGPOWER   66.900002    4
    GRASIM 1444.805176    5
 APLAPOLLO  700.424988    6
  TATACHEM  751.799988    7
     TANLA  813.599976    8
POONAWALLA  110.099998    9
ADANIPORTS  702.400024   10
... and 10 more stocks

💰 SELL PHASE
Current holdings: 20
Stocks to sell: 6
    🔴 SOLD 235 shares of DBL at $580.00 = $136,300.00 (P&L: $-23,370.75)
    🔴 SOLD 1,466 shares of ONMOBILE at $88.15 = $129,227.90 (P&L: $-30,712.70)
    🔴 SOLD 102 shares of LINDEINDIA at $1799.50 = $183,549.00 (P&L: $24,408.60)
    🔴 SOLD 1,067 shares of HINDCOPPER at $119.60 = $127,613.20 (P&L: $-32,276.76)
    🔴 SOLD 78 shares of NEULANDLAB at $2089.20 = $162,957.60 (P&L: $4,929.60)
    🔴 SOLD 275 shares of ADANIGREEN at $1104.85 = $303,833.74 (P&L: $179,327.49)
Total proceeds from sales: $1,043,481.44

🛒 BUY PHASE
Stocks already held: 14
New stocks to buy: 6
Available cash: $1,049,935.13
Allocation per new stock: $174,989.19
    🟢 BOUGHT 60 shares of JKCEMENT at $2897.25 = $173,835.00
    🟢 BOUGHT 620 shares of IIFL at $281.85 = $174,747.00
    🟢 BOUGHT 121 shares of GRASIM at $1444.81 = $174,821.43
    🟢 BOUGHT 99 shares of BALAMINES at $1759.30 = $174,170.70
    🟢 BOUGHT 190 shares of CUMMINSIND at $919.65 = $174,733.50
    🟢 BOUGHT 341 shares of GRAPHITE at $512.00 = $174,592.00
Total spent on purchases: $1,046,899.64

📈 DAILY SNAPSHOT: 2021-03-31 00:00:00
Portfolio positions: 20
Portfolio market value: $4,425,851.70
Cash balance: $3,035.49
Total account value: $4,428,887.19
Period realized P&L: $122,305.49
Period unrealized P&L: $1,289,717.84
Total return: +342.89%

🔄 REBALANCING #69: 2021-04-30 00:00:00 (Month-End)
------------------------------------------------------------
💰 Opening Balance: $24,420,309.14
📊 Top 20 stocks for 2021-04-30 00:00:00:
    ticker       Close  v61
  ADANIENT 1158.699951    1
      ATGL 1150.750000    2
  JSWSTEEL  717.849976    3
  SPLPETRO  363.899994    4
LINDEINDIA 1834.699951    5
   CGPOWER   69.599998    6
 INTELLECT  681.299988    7
 DEEPAKNTR 1865.599976    8
       EKC  132.649994    9
 TATASTEEL  103.400002   10
... and 10 more stocks

💰 SELL PHASE
Current holdings: 20
Stocks to sell: 10
    🔴 SOLD 60 shares of JKCEMENT at $2806.40 = $168,383.99 (P&L: $-5,451.01)
    🔴 SOLD 333 shares of APLAPOLLO at $651.12 = $216,824.62 (P&L: $69,805.12)
    🔴 SOLD 1,357 shares of POONAWALLA at $118.20 = $160,397.40 (P&L: $407.09)
    🔴 SOLD 620 shares of IIFL at $267.15 = $165,633.00 (P&L: $-9,114.01)
    🔴 SOLD 298 shares of ADANIPORTS at $730.05 = $217,554.90 (P&L: $65,664.29)
    🔴 SOLD 153 shares of AFFLE at $1104.59 = $169,002.26 (P&L: $9,900.62)
    🔴 SOLD 578 shares of TATAMOTORS at $293.85 = $169,845.30 (P&L: $18,004.70)
    🔴 SOLD 178 shares of TANLA at $883.75 = $157,307.50 (P&L: $-2,287.30)
    🔴 SOLD 190 shares of CUMMINSIND at $837.60 = $159,144.00 (P&L: $-15,589.51)
    🔴 SOLD 184 shares of KAJARIACER at $912.95 = $167,982.80 (P&L: $16,238.00)
Total proceeds from sales: $1,752,075.77

🛒 BUY PHASE
Stocks already held: 10
New stocks to buy: 10
Available cash: $1,755,111.27
Allocation per new stock: $175,511.13
    🟢 BOUGHT 51 shares of ALKYLAMINE at $3388.68 = $172,822.68
    🟢 BOUGHT 244 shares of JSWSTEEL at $717.85 = $175,155.39
    🟢 BOUGHT 682 shares of VEDL at $257.25 = $175,444.50
    🟢 BOUGHT 1,468 shares of SAIL at $119.50 = $175,426.00
    🟢 BOUGHT 95 shares of LINDEINDIA at $1834.70 = $174,296.50
    🟢 BOUGHT 482 shares of SPLPETRO at $363.90 = $175,399.80
    🟢 BOUGHT 1,133 shares of HINDCOPPER at $154.80 = $175,388.40
    🟢 BOUGHT 1,697 shares of TATASTEEL at $103.40 = $175,469.80
    🟢 BOUGHT 1,323 shares of EKC at $132.65 = $175,495.94
    🟢 BOUGHT 397 shares of JINDALSTEL at $441.50 = $175,275.50
Total spent on purchases: $1,750,174.51

📈 DAILY SNAPSHOT: 2021-04-30 00:00:00
Portfolio positions: 20
Portfolio market value: $4,786,261.88
Cash balance: $4,936.76
Total account value: $4,791,198.64
Period realized P&L: $147,578.01
Period unrealized P&L: $1,504,451.27
Total return: +379.12%

🔄 REBALANCING #70: 2021-05-31 00:00:00 (Month-End)
------------------------------------------------------------
💰 Opening Balance: $26,300,015.28
📊 Top 20 stocks for 2021-05-31 00:00:00:
    ticker       Close  v61
      ATGL 1348.849976    1
  ADANIENT 1316.300049    2
   CGPOWER   85.599998    3
PERSISTENT 1271.474976    4
  SPLPETRO  389.399994    5
  JSWSTEEL  710.900024    6
 INTELLECT  773.750000    7
      CDSL  494.825012    8
      GPIL  240.787506    9
LAURUSLABS  523.750000   10
... and 10 more stocks

💰 SELL PHASE
Current holdings: 20
Stocks to sell: 10
    🔴 SOLD 51 shares of ALKYLAMINE at $3667.95 = $187,065.45 (P&L: $14,242.77)
    🔴 SOLD 92 shares of DIXON at $4028.80 = $370,649.60 (P&L: $264,685.84)
    🔴 SOLD 116 shares of DEEPAKNTR at $1785.40 = $207,106.40 (P&L: $48,343.00)
    🔴 SOLD 216 shares of TATACHEM at $703.85 = $152,031.59 (P&L: $-7,700.41)
    🔴 SOLD 121 shares of GRASIM at $1465.37 = $177,310.18 (P&L: $2,488.76)
    🔴 SOLD 95 shares of LINDEINDIA at $1598.60 = $151,867.00 (P&L: $-22,429.50)
    🔴 SOLD 1,133 shares of HINDCOPPER at $170.40 = $193,063.19 (P&L: $17,674.79)
    🔴 SOLD 1,323 shares of EKC at $101.85 = $134,747.55 (P&L: $-40,748.39)
    🔴 SOLD 341 shares of GRAPHITE at $745.70 = $254,283.70 (P&L: $79,691.70)
    🔴 SOLD 397 shares of JINDALSTEL at $407.20 = $161,658.40 (P&L: $-13,617.10)
Total proceeds from sales: $1,989,783.08

🛒 BUY PHASE
Stocks already held: 10
New stocks to buy: 10
Available cash: $1,994,719.84
Allocation per new stock: $199,471.98
    🟢 BOUGHT 506 shares of HIKAL at $393.80 = $199,262.79
    🟢 BOUGHT 23,060 shares of RPOWER at $8.65 = $199,468.99
    🟢 BOUGHT 380 shares of LAURUSLABS at $523.75 = $199,025.00
    🟢 BOUGHT 1,334 shares of TRIVENI at $149.45 = $199,366.30
    🟢 BOUGHT 64 shares of LUXIND at $3105.85 = $198,774.41
    🟢 BOUGHT 156 shares of PERSISTENT at $1271.47 = $198,350.10
    🟢 BOUGHT 403 shares of CDSL at $494.83 = $199,414.48
    🟢 BOUGHT 828 shares of GPIL at $240.79 = $199,372.06
    🟢 BOUGHT 2,083 shares of TNPETRO at $95.75 = $199,447.25
    🟢 BOUGHT 1,607 shares of SHAKTIPUMP at $124.07 = $199,388.52
Total spent on purchases: $1,991,869.89

📈 DAILY SNAPSHOT: 2021-05-31 00:00:00
Portfolio positions: 20
Portfolio market value: $5,040,869.60
Cash balance: $2,849.95
Total account value: $5,043,719.54
Period realized P&L: $342,631.47
Period unrealized P&L: $1,414,340.71
Total return: +404.37%

📈 DAILY SNAPSHOT: 2021-06-14 00:00:00
Portfolio positions: 20
Portfolio market value: $5,643,058.02
Cash balance: $2,849.95
Total account value: $5,645,907.97
Total return: +464.59%

🔄 REBALANCING #71: 2021-06-30 00:00:00 (Month-End)
------------------------------------------------------------
💰 Opening Balance: $28,426,373.77
📊 Top 20 stocks for 2021-06-30 00:00:00:
    ticker       Close  v61
LAURUSLABS  688.650024    1
    RENUKA   39.349998    2
PERSISTENT 1469.425049    3
     HIKAL  490.850006    4
    RPOWER   15.000000    5
  ADANIENT 1507.550049    6
  RTNPOWER    8.050000    7
    VEEDOL 2479.979980    8
   POLYCAB 1975.050049    9
 DALMIASUG  470.000000   10
... and 10 more stocks

💰 SELL PHASE
Current holdings: 20
Stocks to sell: 9
    🔴 SOLD 682 shares of VEDL at $262.85 = $179,263.70 (P&L: $3,819.20)
    🔴 SOLD 1,468 shares of SAIL at $130.60 = $191,720.81 (P&L: $16,294.81)
    🔴 SOLD 368 shares of INTELLECT at $723.95 = $266,413.60 (P&L: $106,683.21)
    🔴 SOLD 599 shares of ATGL at $1019.85 = $610,890.14 (P&L: $478,810.64)
    🔴 SOLD 2,834 shares of CGPOWER at $79.10 = $224,169.40 (P&L: $64,190.09)
    🔴 SOLD 482 shares of SPLPETRO at $368.35 = $177,544.70 (P&L: $2,144.91)
    🔴 SOLD 99 shares of BALAMINES at $2673.80 = $264,706.20 (P&L: $90,535.50)
    🔴 SOLD 2,083 shares of TNPETRO at $116.35 = $242,357.05 (P&L: $42,909.80)
    🔴 SOLD 1,607 shares of SHAKTIPUMP at $129.08 = $207,436.91 (P&L: $8,048.39)
Total proceeds from sales: $2,364,502.51

🛒 BUY PHASE
Stocks already held: 11
New stocks to buy: 9
Available cash: $2,367,352.46
Allocation per new stock: $263,039.16
    🟢 BOUGHT 12,925 shares of BAJAJHIND at $20.35 = $263,023.75
    🟢 BOUGHT 428 shares of SOMANYCERA at $614.35 = $262,941.79
    🟢 BOUGHT 106 shares of VEEDOL at $2479.98 = $262,877.88
    🟢 BOUGHT 133 shares of POLYCAB at $1975.05 = $262,681.66
    🟢 BOUGHT 1,568 shares of JSWENERGY at $167.75 = $263,032.00
    🟢 BOUGHT 1,407 shares of FSL at $186.95 = $263,038.65
    🟢 BOUGHT 559 shares of DALMIASUG at $470.00 = $262,730.00
    🟢 BOUGHT 32,675 shares of RTNPOWER at $8.05 = $263,033.76
    🟢 BOUGHT 6,684 shares of RENUKA at $39.35 = $263,015.39
Total spent on purchases: $2,366,374.87

📈 DAILY SNAPSHOT: 2021-06-30 00:00:00
Portfolio positions: 20
Portfolio market value: $5,355,523.03
Cash balance: $977.59
Total account value: $5,356,500.61
Period realized P&L: $813,436.54
Period unrealized P&L: $913,685.24
Total return: +435.65%

📈 DAILY SNAPSHOT: 2021-07-27 00:00:00
Portfolio positions: 20
Portfolio market value: $5,657,114.31
Cash balance: $977.59
Total account value: $5,658,091.90
Total return: +465.81%

🔄 REBALANCING #72: 2021-07-30 00:00:00 (Month-End)
------------------------------------------------------------
💰 Opening Balance: $30,452,618.79
📊 Top 20 stocks for 2021-07-30 00:00:00:
    ticker       Close  v61
 NITINSPIN  245.399994    1
 JSWENERGY  252.550003    2
FLUOROCHEM 1723.849976    3
    LUXIND 4161.450195    4
  GOODLUCK  287.450012    5
      SSWL  136.089996    6
      CDSL  665.724976    7
PERSISTENT 1571.599976    8
       VTL  381.929993    9
     HIKAL  535.099976   10
... and 10 more stocks

💰 SELL PHASE
Current holdings: 20
Stocks to sell: 11
    🔴 SOLD 12,925 shares of BAJAJHIND at $18.90 = $244,282.50 (P&L: $-18,741.26)
    🔴 SOLD 428 shares of SOMANYCERA at $708.20 = $303,109.61 (P&L: $40,167.82)
    🔴 SOLD 23,060 shares of RPOWER at $12.05 = $277,873.00 (P&L: $78,404.01)
    🔴 SOLD 106 shares of VEEDOL at $3111.55 = $329,824.31 (P&L: $66,946.43)
    🔴 SOLD 244 shares of JSWSTEEL at $736.95 = $179,815.80 (P&L: $4,660.41)
    🔴 SOLD 1,334 shares of TRIVENI at $186.85 = $249,257.91 (P&L: $49,891.61)
    🔴 SOLD 133 shares of POLYCAB at $1850.65 = $246,136.45 (P&L: $-16,545.20)
    🔴 SOLD 828 shares of GPIL at $421.80 = $349,250.39 (P&L: $149,878.33)
    🔴 SOLD 559 shares of DALMIASUG at $479.85 = $268,236.15 (P&L: $5,506.15)
    🔴 SOLD 32,675 shares of RTNPOWER at $6.50 = $212,387.50 (P&L: $-50,646.26)
    🔴 SOLD 6,684 shares of RENUKA at $34.25 = $228,927.00 (P&L: $-34,088.39)
Total proceeds from sales: $2,889,100.62

🛒 BUY PHASE
Stocks already held: 9
New stocks to buy: 11
Available cash: $2,890,078.21
Allocation per new stock: $262,734.38
    🟢 BOUGHT 1,930 shares of SSWL at $136.09 = $262,653.69
    🟢 BOUGHT 697 shares of KPRMILL at $376.60 = $262,490.20
    🟢 BOUGHT 152 shares of FLUOROCHEM at $1723.85 = $262,025.20
    🟢 BOUGHT 639 shares of AMBUJACEM at $411.15 = $262,724.85
    🟢 BOUGHT 997 shares of ICIL at $263.35 = $262,559.96
    🟢 BOUGHT 258 shares of COFORGE at $1016.78 = $262,329.25
    🟢 BOUGHT 379 shares of JKLAKSHMI at $691.95 = $262,249.05
    🟢 BOUGHT 1,352 shares of TIRUMALCHM at $194.20 = $262,558.40
    🟢 BOUGHT 1,070 shares of NITINSPIN at $245.40 = $262,577.99
    🟢 BOUGHT 914 shares of GOODLUCK at $287.45 = $262,729.31
    🟢 BOUGHT 687 shares of VTL at $381.93 = $262,385.90
Total spent on purchases: $2,887,283.80

📈 DAILY SNAPSHOT: 2021-07-30 00:00:00
Portfolio positions: 20
Portfolio market value: $5,646,143.67
Cash balance: $2,794.40
Total account value: $5,648,938.07
Period realized P&L: $275,433.66
Period unrealized P&L: $930,689.04
Total return: +464.89%

🔄 REBALANCING #73: 2021-08-31 00:00:00 (Month-End)
------------------------------------------------------------
💰 Opening Balance: $31,754,563.83
📊 Top 20 stocks for 2021-08-31 00:00:00:
    ticker       Close  v61
 JSWENERGY  264.649994    1
       SRF 2027.949951    2
FLUOROCHEM 1759.500000    3
PERSISTENT 1661.025024    4
 MAXHEALTH  385.500000    5
     HIKAL  631.799988    6
    KNRCON  332.399994    7
 BALAMINES 4040.149902    8
APOLLOHOSP 4969.549805    9
COSMOFIRST  885.700012   10
... and 10 more stocks

💰 SELL PHASE
Current holdings: 20
Stocks to sell: 12
    🔴 SOLD 1,930 shares of SSWL at $189.84 = $366,381.56 (P&L: $103,727.87)
    🔴 SOLD 697 shares of KPRMILL at $354.59 = $247,149.23 (P&L: $-15,340.98)
    🔴 SOLD 380 shares of LAURUSLABS at $666.60 = $253,307.99 (P&L: $54,282.99)
    🔴 SOLD 997 shares of ICIL at $234.80 = $234,095.60 (P&L: $-28,464.35)
    🔴 SOLD 388 shares of ADANIENT at $1587.60 = $615,988.79 (P&L: $484,185.19)
    🔴 SOLD 379 shares of JKLAKSHMI at $709.05 = $268,729.95 (P&L: $6,480.89)
    🔴 SOLD 403 shares of CDSL at $594.08 = $239,412.23 (P&L: $39,997.75)
    🔴 SOLD 1,352 shares of TIRUMALCHM at $208.90 = $282,432.79 (P&L: $19,874.40)
    🔴 SOLD 1,070 shares of NITINSPIN at $204.40 = $218,707.99 (P&L: $-43,870.00)
    🔴 SOLD 1,407 shares of FSL at $181.35 = $255,159.46 (P&L: $-7,879.19)
    🔴 SOLD 914 shares of GOODLUCK at $309.55 = $282,928.69 (P&L: $20,199.38)
    🔴 SOLD 687 shares of VTL at $368.42 = $253,104.55 (P&L: $-9,281.36)
Total proceeds from sales: $3,517,398.83

🛒 BUY PHASE
Stocks already held: 8
New stocks to buy: 12
Available cash: $3,520,193.23
Allocation per new stock: $293,349.44
    🟢 BOUGHT 56 shares of DIVISLAB at $5173.60 = $289,721.61
    🟢 BOUGHT 882 shares of KNRCON at $332.40 = $293,176.79
    🟢 BOUGHT 101 shares of MPHASIS at $2898.10 = $292,708.11
    🟢 BOUGHT 202 shares of TECHM at $1447.65 = $292,425.30
    🟢 BOUGHT 760 shares of MAXHEALTH at $385.50 = $292,980.00
    🟢 BOUGHT 59 shares of APOLLOHOSP at $4969.55 = $293,203.44
    🟢 BOUGHT 4,164 shares of SAKSOFT at $70.44 = $293,312.17
    🟢 BOUGHT 353 shares of CARBORUNIV at $829.95 = $292,972.35
    🟢 BOUGHT 339 shares of TATACONSUM at $864.95 = $293,218.05
    🟢 BOUGHT 331 shares of COSMOFIRST at $885.70 = $293,166.70
    🟢 BOUGHT 72 shares of BALAMINES at $4040.15 = $290,890.79
    🟢 BOUGHT 144 shares of SRF at $2027.95 = $292,024.79
Total spent on purchases: $3,509,800.12

📈 DAILY SNAPSHOT: 2021-08-31 00:00:00
Portfolio positions: 20
Portfolio market value: $5,810,619.87
Cash balance: $10,393.11
Total account value: $5,821,012.98
Period realized P&L: $623,912.59
Period unrealized P&L: $478,851.36
Total return: +482.10%

📈 DAILY SNAPSHOT: 2021-09-08 00:00:00
Portfolio positions: 20
Portfolio market value: $5,822,589.48
Cash balance: $10,393.11
Total account value: $5,832,982.59
Total return: +483.30%

🔄 REBALANCING #74: 2021-09-30 00:00:00 (Month-End)
------------------------------------------------------------
💰 Opening Balance: $33,092,891.76
📊 Top 20 stocks for 2021-09-30 00:00:00:
    ticker       Close  v61
 JSWENERGY  389.899994    1
       SRF 2255.820068    2
       OIL  173.466660    3
FLUOROCHEM 1911.349976    4
  MANINFRA   73.266663    5
 BALAMINES 4517.399902    6
     IRCTC  759.700012    7
TIRUMALCHM  304.750000    8
     NELCO  720.099976    9
       IEX  215.316666   10
... and 10 more stocks

💰 SELL PHASE
Current holdings: 20
Stocks to sell: 12
    🔴 SOLD 56 shares of DIVISLAB at $4798.70 = $268,727.21 (P&L: $-20,994.39)
    🔴 SOLD 506 shares of HIKAL at $603.45 = $305,345.71 (P&L: $106,082.91)
    🔴 SOLD 882 shares of KNRCON at $286.75 = $252,913.50 (P&L: $-40,263.29)
    🔴 SOLD 202 shares of TECHM at $1380.60 = $278,881.20 (P&L: $-13,544.11)
    🔴 SOLD 760 shares of MAXHEALTH at $359.55 = $273,257.99 (P&L: $-19,722.01)
    🔴 SOLD 59 shares of APOLLOHOSP at $4481.60 = $264,414.41 (P&L: $-28,789.03)
    🔴 SOLD 639 shares of AMBUJACEM at $400.20 = $255,727.81 (P&L: $-6,997.04)
    🔴 SOLD 64 shares of LUXIND at $3520.45 = $225,308.80 (P&L: $26,534.39)
    🔴 SOLD 258 shares of COFORGE at $1048.26 = $270,451.08 (P&L: $8,121.83)
    🔴 SOLD 339 shares of TATACONSUM at $813.60 = $275,810.39 (P&L: $-17,407.66)
    🔴 SOLD 331 shares of COSMOFIRST at $995.63 = $329,554.64 (P&L: $36,387.94)
    🔴 SOLD 1,697 shares of TATASTEEL at $128.89 = $218,726.33 (P&L: $43,256.53)
Total proceeds from sales: $3,219,119.06

🛒 BUY PHASE
Stocks already held: 8
New stocks to buy: 12
Available cash: $3,229,512.17
Allocation per new stock: $269,126.01
    🟢 BOUGHT 55 shares of BAJAJHLDNG at $4808.60 = $264,473.01
    🟢 BOUGHT 1,551 shares of OIL at $173.47 = $269,046.79
    🟢 BOUGHT 9,611 shares of TRIDENT at $28.00 = $269,108.00
    🟢 BOUGHT 1,249 shares of IEX at $215.32 = $268,930.52
    🟢 BOUGHT 63 shares of DMART at $4250.20 = $267,762.61
    🟢 BOUGHT 195 shares of HAPPSTMNDS at $1379.95 = $269,090.24
    🟢 BOUGHT 883 shares of TIRUMALCHM at $304.75 = $269,094.25
    🟢 BOUGHT 2,188 shares of CGPOWER at $122.95 = $269,014.59
    🟢 BOUGHT 373 shares of NELCO at $720.10 = $268,597.29
    🟢 BOUGHT 3,673 shares of MANINFRA at $73.27 = $269,108.45
    🟢 BOUGHT 112 shares of POLYCAB at $2389.00 = $267,568.00
    🟢 BOUGHT 354 shares of IRCTC at $759.70 = $268,933.80
Total spent on purchases: $3,220,727.55

📈 DAILY SNAPSHOT: 2021-09-30 00:00:00
Portfolio positions: 20
Portfolio market value: $6,051,212.75
Cash balance: $8,784.62
Total account value: $6,059,997.37
Period realized P&L: $72,666.06
Period unrealized P&L: $645,169.68
Total return: +506.00%

📈 DAILY SNAPSHOT: 2021-10-22 00:00:00
Portfolio positions: 20
Portfolio market value: $6,153,698.85
Cash balance: $8,784.62
Total account value: $6,162,483.47
Total return: +516.25%

🔄 REBALANCING #75: 2021-10-29 00:00:00 (Month-End)
------------------------------------------------------------
💰 Opening Balance: $33,807,050.20
📊 Top 20 stocks for 2021-10-29 00:00:00:
    ticker       Close  v61
       BCG   43.589993    1
   CGPOWER  146.300003    2
 JSWENERGY  348.649994    3
      TTML   52.599998    4
   TRIDENT   37.950001    5
PERSISTENT 1961.849976    6
 TATAPOWER  214.300003    7
 SOLARINDS 2487.050049    8
   RKFORGE  218.270004    9
BAJAJHLDNG 4829.700195   10
... and 10 more stocks

💰 SELL PHASE
Current holdings: 20
Stocks to sell: 11
    🔴 SOLD 1,249 shares of IEX at $236.10 = $294,888.91 (P&L: $25,958.39)
    🔴 SOLD 152 shares of FLUOROCHEM at $1816.40 = $276,092.80 (P&L: $14,067.61)
    🔴 SOLD 195 shares of HAPPSTMNDS at $1274.40 = $248,508.00 (P&L: $-20,582.24)
    🔴 SOLD 4,164 shares of SAKSOFT at $73.19 = $304,771.49 (P&L: $11,459.32)
    🔴 SOLD 883 shares of TIRUMALCHM at $264.35 = $233,421.06 (P&L: $-35,673.19)
    🔴 SOLD 353 shares of CARBORUNIV at $839.30 = $296,272.90 (P&L: $3,300.54)
    🔴 SOLD 373 shares of NELCO at $742.30 = $276,877.90 (P&L: $8,280.60)
    🔴 SOLD 3,673 shares of MANINFRA at $82.13 = $301,675.73 (P&L: $32,567.27)
    🔴 SOLD 72 shares of BALAMINES at $3459.90 = $249,112.79 (P&L: $-41,778.00)
    🔴 SOLD 112 shares of POLYCAB at $2261.40 = $253,276.79 (P&L: $-14,291.21)
    🔴 SOLD 354 shares of IRCTC at $845.70 = $299,377.80 (P&L: $30,444.00)
Total proceeds from sales: $3,034,276.17

🛒 BUY PHASE
Stocks already held: 9
New stocks to buy: 11
Available cash: $3,043,060.79
Allocation per new stock: $276,641.89
    🟢 BOUGHT 58 shares of LTTS at $4725.00 = $274,050.00
    🟢 BOUGHT 1,318 shares of ZENTEC at $209.85 = $276,582.31
    🟢 BOUGHT 1,267 shares of RKFORGE at $218.27 = $276,548.10
    🟢 BOUGHT 111 shares of SOLARINDS at $2487.05 = $276,062.56
    🟢 BOUGHT 116 shares of TITAN at $2383.55 = $276,491.81
    🟢 BOUGHT 5,259 shares of TTML at $52.60 = $276,623.39
    🟢 BOUGHT 41 shares of LTIM at $6682.30 = $273,974.29
    🟢 BOUGHT 130 shares of ABB at $2119.90 = $275,586.99
    🟢 BOUGHT 192 shares of ATGL at $1439.45 = $276,374.39
    🟢 BOUGHT 1,290 shares of TATAPOWER at $214.30 = $276,447.00
    🟢 BOUGHT 6,346 shares of BCG at $43.59 = $276,622.09
Total spent on purchases: $3,035,362.92

📈 DAILY SNAPSHOT: 2021-10-29 00:00:00
Portfolio positions: 20
Portfolio market value: $5,995,012.17
Cash balance: $7,697.86
Total account value: $6,002,710.03
Period realized P&L: $13,753.10
Period unrealized P&L: $574,129.25
Total return: +500.27%

🔄 REBALANCING #76: 2021-11-30 00:00:00 (Month-End)
------------------------------------------------------------
💰 Opening Balance: $34,948,078.11
📊 Top 20 stocks for 2021-11-30 00:00:00:
    ticker       Close  v61
       BCG   82.469986    1
      TTML  112.550003    2
   TRIDENT   52.000000    3
 BORORENEW  588.150024    4
       IEX  248.166672    5
PERSISTENT 2069.399902    6
      JBMA  187.119995    7
      LTTS 5279.399902    8
 SOLARINDS 2767.449951    9
 TATAPOWER  216.800003   10
... and 10 more stocks

💰 SELL PHASE
Current holdings: 20
Stocks to sell: 12
    🔴 SOLD 101 shares of MPHASIS at $2895.15 = $292,410.14 (P&L: $-297.97)
    🔴 SOLD 55 shares of BAJAJHLDNG at $5037.80 = $277,078.99 (P&L: $12,605.98)
    🔴 SOLD 1,551 shares of OIL at $141.10 = $218,846.11 (P&L: $-50,200.68)
    🔴 SOLD 1,318 shares of ZENTEC at $205.00 = $270,190.00 (P&L: $-6,392.31)
    🔴 SOLD 1,267 shares of RKFORGE at $180.29 = $228,427.42 (P&L: $-48,120.67)
    🔴 SOLD 116 shares of TITAN at $2375.50 = $275,558.00 (P&L: $-933.81)
    🔴 SOLD 63 shares of DMART at $4710.90 = $296,786.69 (P&L: $29,024.08)
    🔴 SOLD 130 shares of ABB at $2061.85 = $268,040.51 (P&L: $-7,546.47)
    🔴 SOLD 192 shares of ATGL at $1599.85 = $307,171.20 (P&L: $30,796.80)
    🔴 SOLD 1,568 shares of JSWENERGY at $287.30 = $450,486.38 (P&L: $187,454.38)
    🔴 SOLD 2,188 shares of CGPOWER at $149.15 = $326,340.19 (P&L: $57,325.59)
    🔴 SOLD 144 shares of SRF at $2005.85 = $288,842.40 (P&L: $-3,182.40)
Total proceeds from sales: $3,500,178.03

🛒 BUY PHASE
Stocks already held: 8
New stocks to buy: 12
Available cash: $3,507,875.89
Allocation per new stock: $292,322.99
    🟢 BOUGHT 75 shares of SKFINDIA at $3877.85 = $290,838.76
    🟢 BOUGHT 3,501 shares of ALLCARGO at $83.49 = $292,289.75
    🟢 BOUGHT 136 shares of TCIEXP at $2141.65 = $291,264.39
    🟢 BOUGHT 554 shares of KPRMILL at $527.15 = $292,041.11
    🟢 BOUGHT 1,562 shares of JBMA at $187.12 = $292,281.43
    🟢 BOUGHT 497 shares of BORORENEW at $588.15 = $292,310.56
    🟢 BOUGHT 1,177 shares of IEX at $248.17 = $292,092.17
    🟢 BOUGHT 456 shares of RAYMOND at $641.05 = $292,318.79
    🟢 BOUGHT 581 shares of BRIGADE at $502.45 = $291,923.46
    🟢 BOUGHT 260 shares of RADICO at $1122.30 = $291,798.01
    🟢 BOUGHT 194 shares of TANLA at $1499.25 = $290,854.50
    🟢 BOUGHT 485 shares of CENTURYPLY at $601.60 = $291,775.99
Total spent on purchases: $3,501,788.93

📈 DAILY SNAPSHOT: 2021-11-30 00:00:00
Portfolio positions: 20
Portfolio market value: $6,611,904.16
Cash balance: $6,086.97
Total account value: $6,617,991.12
Period realized P&L: $200,532.54
Period unrealized P&L: $988,877.80
Total return: +561.80%

📈 DAILY SNAPSHOT: 2021-12-07 00:00:00
Portfolio positions: 20
Portfolio market value: $6,852,359.40
Cash balance: $6,086.97
Total account value: $6,858,446.37
Total return: +585.84%

🔄 REBALANCING #77: 2021-12-31 00:00:00 (Month-End)
------------------------------------------------------------
💰 Opening Balance: $37,039,346.20
📊 Top 20 stocks for 2021-12-31 00:00:00:
    ticker       Close  v61
      TTML  206.350006    1
       BCG  107.489975    2
  LYKALABS  222.300003    3
   TRIDENT   53.349998    4
   CGPOWER  194.550003    5
       EKC  239.750000    6
 STEELXIND   17.445000    7
     TANLA 1883.250000    8
PERSISTENT 2452.175049    9
      JBMA  224.970001   10
... and 10 more stocks

💰 SELL PHASE
Current holdings: 20
Stocks to sell: 12
    🔴 SOLD 75 shares of SKFINDIA at $3741.30 = $280,597.50 (P&L: $-10,241.25)
    🔴 SOLD 58 shares of LTTS at $5598.95 = $324,739.11 (P&L: $50,689.11)
    🔴 SOLD 136 shares of TCIEXP at $2213.20 = $300,995.19 (P&L: $9,730.81)
    🔴 SOLD 3,501 shares of ALLCARGO at $97.50 = $341,347.50 (P&L: $49,057.75)
    🔴 SOLD 111 shares of SOLARINDS at $2421.55 = $268,792.06 (P&L: $-7,270.50)
    🔴 SOLD 1,177 shares of IEX at $252.80 = $297,545.60 (P&L: $5,453.43)
    🔴 SOLD 456 shares of RAYMOND at $621.55 = $283,426.79 (P&L: $-8,892.00)
    🔴 SOLD 41 shares of LTIM at $7332.00 = $300,612.00 (P&L: $26,637.71)
    🔴 SOLD 581 shares of BRIGADE at $490.30 = $284,864.29 (P&L: $-7,059.16)
    🔴 SOLD 260 shares of RADICO at $1236.15 = $321,399.01 (P&L: $29,600.99)
    🔴 SOLD 1,290 shares of TATAPOWER at $220.95 = $285,025.50 (P&L: $8,578.49)
    🔴 SOLD 485 shares of CENTURYPLY at $597.90 = $289,981.51 (P&L: $-1,794.48)
Total proceeds from sales: $3,579,326.07

🛒 BUY PHASE
Stocks already held: 8
New stocks to buy: 12
Available cash: $3,585,413.03
Allocation per new stock: $298,784.42
    🟢 BOUGHT 1,401 shares of BSE at $213.17 = $298,646.51
    🟢 BOUGHT 166 shares of TECHM at $1790.55 = $297,231.31
    🟢 BOUGHT 674 shares of MAXHEALTH at $442.90 = $298,514.60
    🟢 BOUGHT 123 shares of FLUOROCHEM at $2414.90 = $297,032.69
    🟢 BOUGHT 487 shares of UNOMINDA at $612.42 = $298,250.97
    🟢 BOUGHT 632 shares of KABRAEXTRU at $472.35 = $298,525.20
    🟢 BOUGHT 1,535 shares of CGPOWER at $194.55 = $298,634.25
    🟢 BOUGHT 1,908 shares of WEBELSOLAR at $156.55 = $298,697.41
    🟢 BOUGHT 1,246 shares of EKC at $239.75 = $298,728.50
    🟢 BOUGHT 1,019 shares of GRAVITA at $292.95 = $298,516.06
    🟢 BOUGHT 17,127 shares of STEELXIND at $17.44 = $298,780.51
    🟢 BOUGHT 1,344 shares of LYKALABS at $222.30 = $298,771.20
Total spent on purchases: $3,580,329.21

📈 DAILY SNAPSHOT: 2021-12-31 00:00:00
Portfolio positions: 20
Portfolio market value: $7,640,739.50
Cash balance: $5,083.83
Total account value: $7,645,823.33
Period realized P&L: $144,490.90
Period unrealized P&L: $1,872,219.10
Total return: +664.58%

📈 DAILY SNAPSHOT: 2022-01-18 00:00:00
Portfolio positions: 20
Portfolio market value: $8,087,584.72
Cash balance: $5,083.83
Total account value: $8,092,668.55
Total return: +709.27%

🔄 REBALANCING #78: 2022-01-31 00:00:00 (Month-End)
------------------------------------------------------------
💰 Opening Balance: $38,785,281.43
📊 Top 20 stocks for 2022-01-31 00:00:00:
    ticker       Close  v61
       BCG  108.599976    1
      JBMA  304.299988    2
   TRIDENT   60.900002    3
   CGPOWER  174.550003    4
      ATGL 1821.250000    5
ADANIGREEN 1877.849976    6
POONAWALLA  283.750000    7
GREENPANEL  521.299988    8
FLUOROCHEM 2793.300049    9
   KPRMILL  670.750000   10
... and 10 more stocks

💰 SELL PHASE
Current holdings: 20
Stocks to sell: 10
    🔴 SOLD 166 shares of TECHM at $1479.00 = $245,514.00 (P&L: $-51,717.31)
    🔴 SOLD 674 shares of MAXHEALTH at $367.45 = $247,661.31 (P&L: $-50,853.29)
    🔴 SOLD 5,259 shares of TTML at $149.20 = $784,642.78 (P&L: $508,019.39)
    🔴 SOLD 487 shares of UNOMINDA at $551.58 = $268,617.03 (P&L: $-29,633.94)
    🔴 SOLD 632 shares of KABRAEXTRU at $485.60 = $306,899.20 (P&L: $8,374.00)
    🔴 SOLD 1,908 shares of WEBELSOLAR at $135.85 = $259,201.81 (P&L: $-39,495.59)
    🔴 SOLD 1,246 shares of EKC at $235.85 = $293,869.11 (P&L: $-4,859.39)
    🔴 SOLD 1,019 shares of GRAVITA at $337.70 = $344,116.31 (P&L: $45,600.25)
    🔴 SOLD 17,127 shares of STEELXIND at $23.26 = $398,374.02 (P&L: $99,593.51)
    🔴 SOLD 1,344 shares of LYKALABS at $171.85 = $230,966.41 (P&L: $-67,804.80)
Total proceeds from sales: $3,379,861.99

🛒 BUY PHASE
Stocks already held: 10
New stocks to buy: 10
Available cash: $3,384,945.82
Allocation per new stock: $338,494.58
    🟢 BOUGHT 594 shares of DEEPAKFERT at $569.75 = $338,431.50
    🟢 BOUGHT 1,192 shares of POONAWALLA at $283.75 = $338,230.00
    🟢 BOUGHT 445 shares of RAYMOND at $760.15 = $338,266.76
    🟢 BOUGHT 649 shares of GREENPANEL at $521.30 = $338,323.69
    🟢 BOUGHT 580 shares of SHARDACROP at $582.85 = $338,052.99
    🟢 BOUGHT 185 shares of ATGL at $1821.25 = $336,931.25
    🟢 BOUGHT 30,848 shares of SUZLON at $10.97 = $338,484.50
    🟢 BOUGHT 1,375 shares of TATAPOWER at $246.05 = $338,318.75
    🟢 BOUGHT 108 shares of POWERINDIA at $3121.80 = $337,154.41
    🟢 BOUGHT 180 shares of ADANIGREEN at $1877.85 = $338,013.00
Total spent on purchases: $3,380,206.84

📈 DAILY SNAPSHOT: 2022-01-31 00:00:00
Portfolio positions: 20
Portfolio market value: $7,417,543.70
Cash balance: $4,738.97
Total account value: $7,422,282.67
Period realized P&L: $417,222.84
Period unrealized P&L: $1,231,455.61
Total return: +642.23%

🔄 REBALANCING #79: 2022-02-28 00:00:00 (Month-End)
------------------------------------------------------------
💰 Opening Balance: $39,453,276.04
📊 Top 20 stocks for 2022-02-28 00:00:00:
    ticker       Close  v61
   CGPOWER  171.250000    1
 BUTTERFLY 1383.000000    2
FLUOROCHEM 2579.750000    3
   KPRMILL  632.400024    4
   GMDCLTD  132.649994    5
ADANIGREEN 1843.400024    6
DEEPAKFERT  566.000000    7
       BSE  218.155548    8
      RHIM  521.400024    9
      GNFC  553.000000   10
... and 10 more stocks

💰 SELL PHASE
Current holdings: 20
Stocks to sell: 12
    🔴 SOLD 1,192 shares of POONAWALLA at $237.20 = $282,742.40 (P&L: $-55,487.60)
    🔴 SOLD 1,562 shares of JBMA at $215.85 = $337,157.71 (P&L: $44,876.28)
    🔴 SOLD 9,611 shares of TRIDENT at $50.75 = $487,758.25 (P&L: $218,650.25)
    🔴 SOLD 497 shares of BORORENEW at $581.30 = $288,906.09 (P&L: $-3,404.47)
    🔴 SOLD 445 shares of RAYMOND at $733.55 = $326,429.74 (P&L: $-11,837.02)
    🔴 SOLD 156 shares of PERSISTENT at $1968.90 = $307,148.40 (P&L: $108,798.31)
    🔴 SOLD 649 shares of GREENPANEL at $479.35 = $311,098.15 (P&L: $-27,225.54)
    🔴 SOLD 185 shares of ATGL at $1588.50 = $293,872.50 (P&L: $-43,058.75)
    🔴 SOLD 30,848 shares of SUZLON at $8.63 = $266,255.61 (P&L: $-72,228.89)
    🔴 SOLD 194 shares of TANLA at $1565.85 = $303,774.90 (P&L: $12,920.40)
    🔴 SOLD 1,375 shares of TATAPOWER at $223.05 = $306,693.75 (P&L: $-31,625.00)
    🔴 SOLD 6,346 shares of BCG at $71.88 = $456,150.37 (P&L: $179,528.27)
Total proceeds from sales: $3,967,987.87

🛒 BUY PHASE
Stocks already held: 8
New stocks to buy: 12
Available cash: $3,972,726.85
Allocation per new stock: $331,060.57
    🟢 BOUGHT 2,495 shares of GMDCLTD at $132.65 = $330,961.73
    🟢 BOUGHT 130 shares of TITAN at $2546.55 = $331,051.51
    🟢 BOUGHT 20,913 shares of FCL at $15.83 = $331,052.79
    🟢 BOUGHT 131 shares of AMBIKCO at $2512.50 = $329,137.50
    🟢 BOUGHT 239 shares of BUTTERFLY at $1383.00 = $330,537.00
    🟢 BOUGHT 598 shares of GNFC at $553.00 = $330,694.00
    🟢 BOUGHT 247 shares of ANGELONE at $1335.30 = $329,819.11
    🟢 BOUGHT 577 shares of HINDALCO at $573.75 = $331,053.75
    🟢 BOUGHT 2,729 shares of NATIONALUM at $121.30 = $331,027.71
    🟢 BOUGHT 634 shares of RHIM at $521.40 = $330,567.62
    🟢 BOUGHT 648 shares of VTL at $510.22 = $330,622.56
    🟢 BOUGHT 138 shares of SRF at $2383.65 = $328,943.69
Total spent on purchases: $3,965,468.96

📈 DAILY SNAPSHOT: 2022-02-28 00:00:00
Portfolio positions: 20
Portfolio market value: $6,536,257.11
Cash balance: $7,257.88
Total account value: $6,543,514.99
Period realized P&L: $319,906.23
Period unrealized P&L: $32,781.69
Total return: +554.35%

📈 DAILY SNAPSHOT: 2022-03-03 00:00:00
Portfolio positions: 20
Portfolio market value: $6,776,509.46
Cash balance: $7,257.88
Total account value: $6,783,767.34
Total return: +578.38%

🔄 REBALANCING #80: 2022-03-31 00:00:00 (Month-End)
------------------------------------------------------------
💰 Opening Balance: $40,431,313.57
📊 Top 20 stocks for 2022-03-31 00:00:00:
    ticker       Close  v61
   GMDCLTD  189.750000    1
GREENPANEL  585.450012    2
      GNFC  844.450012    3
       BSE  314.666656    4
      RHIM  612.950012    5
  USHAMART  134.500000    6
  DWARKESH  125.550003    7
DHAMPURSUG  534.700012    8
  POLYPLEX 2424.899902    9
LINDEINDIA 3784.899902   10
... and 10 more stocks

💰 SELL PHASE
Current holdings: 20
Stocks to sell: 15
    🔴 SOLD 554 shares of KPRMILL at $622.55 = $344,892.69 (P&L: $52,851.58)
    🔴 SOLD 130 shares of TITAN at $2536.15 = $329,699.49 (P&L: $-1,352.02)
    🔴 SOLD 20,913 shares of FCL at $18.07 = $377,897.90 (P&L: $46,845.12)
    🔴 SOLD 123 shares of FLUOROCHEM at $2742.55 = $337,333.66 (P&L: $40,300.97)
    🔴 SOLD 131 shares of AMBIKCO at $2356.30 = $308,675.31 (P&L: $-20,462.19)
    🔴 SOLD 239 shares of BUTTERFLY at $1389.10 = $331,994.89 (P&L: $1,457.89)
    🔴 SOLD 247 shares of ANGELONE at $1536.75 = $379,577.25 (P&L: $49,758.14)
    🔴 SOLD 580 shares of SHARDACROP at $615.00 = $356,700.00 (P&L: $18,647.01)
    🔴 SOLD 180 shares of ADANIGREEN at $1914.70 = $344,645.99 (P&L: $6,633.00)
    🔴 SOLD 1,535 shares of CGPOWER at $189.45 = $290,805.75 (P&L: $-7,828.51)
    🔴 SOLD 577 shares of HINDALCO at $569.50 = $328,601.50 (P&L: $-2,452.25)
    🔴 SOLD 2,729 shares of NATIONALUM at $121.80 = $332,392.21 (P&L: $1,364.50)
    🔴 SOLD 594 shares of DEEPAKFERT at $561.35 = $333,441.89 (P&L: $-4,989.61)
    🔴 SOLD 648 shares of VTL at $436.00 = $282,528.00 (P&L: $-48,094.56)
    🔴 SOLD 138 shares of SRF at $2679.35 = $369,750.31 (P&L: $40,806.63)
Total proceeds from sales: $5,048,936.83

🛒 BUY PHASE
Stocks already held: 5
New stocks to buy: 15
Available cash: $5,056,194.72
Allocation per new stock: $337,079.65
    🟢 BOUGHT 716 shares of SHOPERSTOP at $470.55 = $336,913.79
    🟢 BOUGHT 463 shares of AVADHSUGAR at $726.90 = $336,554.71
    🟢 BOUGHT 2,506 shares of USHAMART at $134.50 = $337,057.00
    🟢 BOUGHT 630 shares of DHAMPURSUG at $534.70 = $336,861.01
    🟢 BOUGHT 6,318 shares of TRIDENT at $53.35 = $337,065.29
    🟢 BOUGHT 139 shares of POLYPLEX at $2424.90 = $337,061.09
    🟢 BOUGHT 9,105 shares of ADANIPOWER at $37.02 = $337,067.10
    🟢 BOUGHT 1,083 shares of TRIVENI at $311.15 = $336,975.44
    🟢 BOUGHT 394 shares of RAYMOND at $854.65 = $336,732.11
    🟢 BOUGHT 575 shares of GREENPANEL at $585.45 = $336,633.76
    🟢 BOUGHT 156 shares of ATGL at $2149.80 = $335,368.81
    🟢 BOUGHT 89 shares of LINDEINDIA at $3784.90 = $336,856.09
    🟢 BOUGHT 542 shares of NIITLTD at $621.70 = $336,961.41
    🟢 BOUGHT 2,684 shares of DWARKESH at $125.55 = $336,976.21
    🟢 BOUGHT 470 shares of CENTURYPLY at $716.30 = $336,660.99
Total spent on purchases: $5,051,744.81

📈 DAILY SNAPSHOT: 2022-03-31 00:00:00
Portfolio positions: 20
Portfolio market value: $7,239,905.46
Cash balance: $4,449.91
Total account value: $7,244,355.37
Period realized P&L: $173,485.68
Period unrealized P&L: $560,136.39
Total return: +624.44%

📈 DAILY SNAPSHOT: 2022-04-19 00:00:00
Portfolio positions: 20
Portfolio market value: $7,477,336.62
Cash balance: $4,449.91
Total account value: $7,481,786.53
Total return: +648.18%

🔄 REBALANCING #81: 2022-04-29 00:00:00 (Month-End)
------------------------------------------------------------
💰 Opening Balance: $41,444,359.02
📊 Top 20 stocks for 2022-04-29 00:00:00:
    ticker       Close  v61
CHENNPETRO  279.250000    1
SWANENERGY  322.250000    2
ADANIPOWER   56.070000    3
ADANIGREEN 2882.800049    4
  POLYPLEX 2733.399902    5
   GMDCLTD  186.899994    6
SCHAEFFLER 2307.600098    7
       BLS   90.412498    8
      GNFC  827.549988    9
       BSE  299.850006   10
... and 10 more stocks

💰 SELL PHASE
Current holdings: 20
Stocks to sell: 13
    🔴 SOLD 716 shares of SHOPERSTOP at $502.20 = $359,575.21 (P&L: $22,661.42)
    🔴 SOLD 463 shares of AVADHSUGAR at $746.95 = $345,837.86 (P&L: $9,283.14)
    🔴 SOLD 2,506 shares of USHAMART at $151.45 = $379,533.69 (P&L: $42,476.69)
    🔴 SOLD 630 shares of DHAMPURSUG at $522.00 = $328,860.00 (P&L: $-8,001.01)
    🔴 SOLD 6,318 shares of TRIDENT at $52.15 = $329,483.71 (P&L: $-7,581.58)
    🔴 SOLD 1,083 shares of TRIVENI at $320.35 = $346,939.06 (P&L: $9,963.61)
    🔴 SOLD 394 shares of RAYMOND at $830.80 = $327,335.20 (P&L: $-9,396.91)
    🔴 SOLD 575 shares of GREENPANEL at $605.35 = $348,076.24 (P&L: $11,442.48)
    🔴 SOLD 156 shares of ATGL at $2450.95 = $382,348.19 (P&L: $46,979.38)
    🔴 SOLD 89 shares of LINDEINDIA at $3581.65 = $318,766.84 (P&L: $-18,089.25)
    🔴 SOLD 634 shares of RHIM at $608.05 = $385,503.69 (P&L: $54,936.08)
    🔴 SOLD 108 shares of POWERINDIA at $3149.00 = $340,092.00 (P&L: $2,937.59)
    🔴 SOLD 470 shares of CENTURYPLY at $635.15 = $298,520.51 (P&L: $-38,140.48)
Total proceeds from sales: $4,490,872.19

🛒 BUY PHASE
Stocks already held: 7
New stocks to buy: 13
Available cash: $4,495,322.10
Allocation per new stock: $345,794.01
    🟢 BOUGHT 1,642 shares of TNPL at $210.55 = $345,723.11
    🟢 BOUGHT 558 shares of GHCL at $619.25 = $345,541.50
    🟢 BOUGHT 149 shares of SCHAEFFLER at $2307.60 = $343,832.41
    🟢 BOUGHT 177 shares of ANGELONE at $1949.20 = $345,008.39
    🟢 BOUGHT 924 shares of BDL at $374.10 = $345,668.41
    🟢 BOUGHT 1,238 shares of CHENNPETRO at $279.25 = $345,711.50
    🟢 BOUGHT 3,824 shares of BLS at $90.41 = $345,737.39
    🟢 BOUGHT 119 shares of ADANIGREEN at $2882.80 = $343,053.21
    🟢 BOUGHT 148 shares of ADANIENT at $2332.00 = $345,136.00
    🟢 BOUGHT 2,086 shares of GAEL at $165.73 = $345,702.36
    🟢 BOUGHT 1,073 shares of SWANENERGY at $322.25 = $345,774.25
    🟢 BOUGHT 512 shares of DEEPAKFERT at $674.80 = $345,497.59
    🟢 BOUGHT 6,427 shares of RENUKA at $53.80 = $345,772.60
Total spent on purchases: $4,488,158.72

📈 DAILY SNAPSHOT: 2022-04-29 00:00:00
Portfolio positions: 20
Portfolio market value: $7,413,433.70
Cash balance: $7,163.38
Total account value: $7,420,597.08
Period realized P&L: $119,471.17
Period unrealized P&L: $616,906.94
Total return: +642.06%

🔄 REBALANCING #82: 2022-05-31 00:00:00 (Month-End)
------------------------------------------------------------
💰 Opening Balance: $41,414,466.94
📊 Top 20 stocks for 2022-05-31 00:00:00:
    ticker       Close  v61
ADANIPOWER   64.650002    1
CHENNPETRO  281.250000    2
       BLS   93.400002    3
SCHAEFFLER 2300.600098    4
       BDL  391.825012    5
       HAL  919.150024    6
      GHCL  647.750000    7
      GAEL  168.250000    8
      MRPL   81.150002    9
   RAYMOND  981.700012   10
... and 10 more stocks

💰 SELL PHASE
Current holdings: 20
Stocks to sell: 11
    🔴 SOLD 1,642 shares of TNPL at $180.10 = $295,724.21 (P&L: $-49,998.89)
    🔴 SOLD 2,495 shares of GMDCLTD at $155.10 = $386,974.52 (P&L: $56,012.78)
    🔴 SOLD 1,401 shares of BSE at $251.95 = $352,981.95 (P&L: $54,335.44)
    🔴 SOLD 139 shares of POLYPLEX at $2367.65 = $329,103.34 (P&L: $-7,957.75)
    🔴 SOLD 598 shares of GNFC at $665.75 = $398,118.50 (P&L: $67,424.50)
    🔴 SOLD 177 shares of ANGELONE at $1475.50 = $261,163.50 (P&L: $-83,844.89)
    🔴 SOLD 119 shares of ADANIGREEN at $1888.95 = $224,785.04 (P&L: $-118,268.16)
    🔴 SOLD 1,073 shares of SWANENERGY at $284.00 = $304,732.00 (P&L: $-41,042.25)
    🔴 SOLD 542 shares of NIITLTD at $460.30 = $249,482.59 (P&L: $-87,478.81)
    🔴 SOLD 2,684 shares of DWARKESH at $109.95 = $295,105.79 (P&L: $-41,870.42)
    🔴 SOLD 6,427 shares of RENUKA at $46.90 = $301,426.31 (P&L: $-44,346.29)
Total proceeds from sales: $3,399,597.75

🛒 BUY PHASE
Stocks already held: 9
New stocks to buy: 11
Available cash: $3,406,761.13
Allocation per new stock: $309,705.56
    🟢 BOUGHT 1,144 shares of ITC at $270.65 = $309,623.59
    🟢 BOUGHT 336 shares of HAL at $919.15 = $308,834.41
    🟢 BOUGHT 315 shares of RAYMOND at $981.70 = $309,235.50
    🟢 BOUGHT 1,268 shares of JKIL at $244.20 = $309,645.60
    🟢 BOUGHT 431 shares of SHARDACROP at $718.50 = $309,673.50
    🟢 BOUGHT 3,816 shares of MRPL at $81.15 = $309,668.41
    🟢 BOUGHT 129 shares of ATGL at $2397.90 = $309,329.09
    🟢 BOUGHT 289 shares of CREDITACC at $1071.50 = $309,663.50
    🟢 BOUGHT 958 shares of VRLLOG at $323.00 = $309,434.00
    🟢 BOUGHT 698 shares of GOKEX at $443.70 = $309,702.61
    🟢 BOUGHT 3,340 shares of NAVA at $92.70 = $309,617.99
Total spent on purchases: $3,404,428.19

📈 DAILY SNAPSHOT: 2022-05-31 00:00:00
Portfolio positions: 20
Portfolio market value: $6,768,085.10
Cash balance: $2,332.94
Total account value: $6,770,418.04
Period realized P&L: $-297,034.74
Period unrealized P&L: $263,762.63
Total return: +577.04%

📈 DAILY SNAPSHOT: 2022-06-01 00:00:00
Portfolio positions: 20
Portfolio market value: $6,841,093.78
Cash balance: $2,332.94
Total account value: $6,843,426.72
Total return: +584.34%

🔄 REBALANCING #83: 2022-06-30 00:00:00 (Month-End)
------------------------------------------------------------
💰 Opening Balance: $41,129,011.96
📊 Top 20 stocks for 2022-06-30 00:00:00:
    ticker       Close  v61
CHENNPETRO  313.600006    1
       BLS   96.349998    2
ADANIPOWER   52.570000    3
      JKIL  285.549988    4
  TVSMOTOR  841.950012    5
       M&M 1093.150024    6
       HAL  884.900024    7
    ELECON  130.574997    8
       VBL  158.110001    9
       BDL  340.625000   10
... and 10 more stocks

💰 SELL PHASE
Current holdings: 20
Stocks to sell: 6
    🔴 SOLD 149 shares of SCHAEFFLER at $2290.50 = $341,284.50 (P&L: $-2,547.91)
    🔴 SOLD 315 shares of RAYMOND at $877.45 = $276,396.75 (P&L: $-32,838.75)
    🔴 SOLD 148 shares of ADANIENT at $2190.90 = $324,253.19 (P&L: $-20,882.81)
    🔴 SOLD 2,086 shares of GAEL at $141.35 = $294,856.11 (P&L: $-50,846.25)
    🔴 SOLD 3,816 shares of MRPL at $90.60 = $345,729.59 (P&L: $36,061.19)
    🔴 SOLD 698 shares of GOKEX at $346.20 = $241,647.61 (P&L: $-68,055.00)
Total proceeds from sales: $1,824,167.75

🛒 BUY PHASE
Stocks already held: 14
New stocks to buy: 6
Available cash: $1,826,500.69
Allocation per new stock: $304,416.78
    🟢 BOUGHT 2,331 shares of ELECON at $130.57 = $304,370.32
    🟢 BOUGHT 5,911 shares of TIMETECHNO at $51.50 = $304,416.50
    🟢 BOUGHT 361 shares of TVSMOTOR at $841.95 = $303,943.95
    🟢 BOUGHT 1,925 shares of VBL at $158.11 = $304,361.75
    🟢 BOUGHT 63 shares of FINEORG at $4797.90 = $302,267.69
    🟢 BOUGHT 278 shares of M&M at $1093.15 = $303,895.71
Total spent on purchases: $1,823,255.92

📈 DAILY SNAPSHOT: 2022-06-30 00:00:00
Portfolio positions: 20
Portfolio market value: $6,435,690.45
Cash balance: $3,244.77
Total account value: $6,438,935.22
Period realized P&L: $-139,109.54
Period unrealized P&L: $71,389.36
Total return: +543.89%

📈 DAILY SNAPSHOT: 2022-07-13 00:00:00
Portfolio positions: 20
Portfolio market value: $6,749,093.27
Cash balance: $3,244.77
Total account value: $6,752,338.04
Total return: +575.23%

🔄 REBALANCING #84: 2022-07-29 00:00:00 (Month-End)
------------------------------------------------------------
💰 Opening Balance: $41,796,505.85
📊 Top 20 stocks for 2022-07-29 00:00:00:
    ticker       Close  v61
    ELECON  181.100006    1
       BLS  120.800003    2
  TVSMOTOR  908.049988    3
PCJEWELLER    4.685000    4
SCHAEFFLER 2780.500000    5
ADANIPOWER   62.790001    6
      JKIL  335.700012    7
    TIMKEN 2971.500000    8
       ITC  303.049988    9
       HAL 1012.500000   10
... and 10 more stocks

💰 SELL PHASE
Current holdings: 20
Stocks to sell: 10
    🔴 SOLD 5,911 shares of TIMETECHNO at $53.53 = $316,386.28 (P&L: $11,969.78)
    🔴 SOLD 558 shares of GHCL at $644.10 = $359,407.79 (P&L: $13,866.29)
    🔴 SOLD 924 shares of BDL at $405.88 = $375,028.50 (P&L: $29,360.09)
    🔴 SOLD 1,238 shares of CHENNPETRO at $276.00 = $341,688.00 (P&L: $-4,023.50)
    🔴 SOLD 431 shares of SHARDACROP at $518.15 = $223,322.66 (P&L: $-86,350.84)
    🔴 SOLD 63 shares of FINEORG at $5386.50 = $339,349.50 (P&L: $37,081.81)
    🔴 SOLD 289 shares of CREDITACC at $1056.45 = $305,314.04 (P&L: $-4,349.46)
    🔴 SOLD 958 shares of VRLLOG at $312.25 = $299,135.50 (P&L: $-10,298.50)
    🔴 SOLD 3,340 shares of NAVA at $100.12 = $334,417.50 (P&L: $24,799.51)
    🔴 SOLD 512 shares of DEEPAKFERT at $710.75 = $363,904.00 (P&L: $18,406.41)
Total proceeds from sales: $3,257,953.77

🛒 BUY PHASE
Stocks already held: 10
New stocks to buy: 10
Available cash: $3,261,198.53
Allocation per new stock: $326,119.85
    🟢 BOUGHT 558 shares of SHOPERSTOP at $583.45 = $325,565.11
    🟢 BOUGHT 69,609 shares of PCJEWELLER at $4.68 = $326,118.16
    🟢 BOUGHT 117 shares of SCHAEFFLER at $2780.50 = $325,318.50
    🟢 BOUGHT 126 shares of ADANIENT at $2569.20 = $323,719.19
    🟢 BOUGHT 119 shares of ABB at $2736.15 = $325,601.84
    🟢 BOUGHT 37 shares of BLUEDART at $8587.45 = $317,735.66
    🟢 BOUGHT 1,454 shares of CGPOWER at $224.15 = $325,914.09
    🟢 BOUGHT 290 shares of APARINDS at $1123.60 = $325,843.99
    🟢 BOUGHT 265 shares of CUMMINSIND at $1226.85 = $325,115.24
    🟢 BOUGHT 109 shares of TIMKEN at $2971.50 = $323,893.50
Total spent on purchases: $3,244,825.28

📈 DAILY SNAPSHOT: 2022-07-29 00:00:00
Portfolio positions: 20
Portfolio market value: $7,207,939.78
Cash balance: $16,373.25
Total account value: $7,224,313.03
Period realized P&L: $30,461.58
Period unrealized P&L: $826,305.59
Total return: +622.43%

📈 DAILY SNAPSHOT: 2022-08-26 00:00:00
Portfolio positions: 20
Portfolio market value: $7,884,052.15
Cash balance: $16,373.25
Total account value: $7,900,425.40
Total return: +690.04%

🔄 REBALANCING #85: 2022-08-30 00:00:00 (Month-End)
------------------------------------------------------------
💰 Opening Balance: $43,304,757.56
📊 Top 20 stocks for 2022-08-30 00:00:00:
    ticker       Close  v61
PCJEWELLER    7.135000    1
WSTCSTPAPR  631.849976    2
  ADANIENT 3194.350098    3
      NDTV  471.500000    4
  KPIGREEN  102.166664    5
ADANIPOWER   82.790001    6
       ITC  320.500000    7
  TVSMOTOR  985.599976    8
SCHAEFFLER 3040.550049    9
      ATGL 3744.949951   10
... and 10 more stocks

💰 SELL PHASE
Current holdings: 20
Stocks to sell: 8
    🔴 SOLD 558 shares of SHOPERSTOP at $624.05 = $348,219.89 (P&L: $22,654.79)
    🔴 SOLD 2,331 shares of ELECON at $187.68 = $437,470.43 (P&L: $133,100.11)
    🔴 SOLD 336 shares of HAL at $1147.60 = $385,593.59 (P&L: $76,759.18)
    🔴 SOLD 1,268 shares of JKIL at $299.50 = $379,766.00 (P&L: $70,120.40)
    🔴 SOLD 37 shares of BLUEDART at $8545.70 = $316,190.91 (P&L: $-1,544.75)
    🔴 SOLD 1,454 shares of CGPOWER at $224.85 = $326,931.91 (P&L: $1,017.82)
    🔴 SOLD 265 shares of CUMMINSIND at $1192.60 = $316,038.99 (P&L: $-9,076.25)
    🔴 SOLD 109 shares of TIMKEN at $3016.20 = $328,765.79 (P&L: $4,872.29)
Total proceeds from sales: $2,838,977.52

🛒 BUY PHASE
Stocks already held: 12
New stocks to buy: 8
Available cash: $2,855,350.77
Allocation per new stock: $356,918.85
    🟢 BOUGHT 73 shares of SKFINDIA at $4854.65 = $354,389.44
    🟢 BOUGHT 564 shares of WSTCSTPAPR at $631.85 = $356,363.39
    🟢 BOUGHT 12,952 shares of FCL at $27.56 = $356,892.36
    🟢 BOUGHT 720 shares of VINYLINDIA at $495.40 = $356,688.00
    🟢 BOUGHT 626 shares of GESHIP at $569.65 = $356,600.92
    🟢 BOUGHT 756 shares of NDTV at $471.50 = $356,454.00
    🟢 BOUGHT 3,493 shares of KPIGREEN at $102.17 = $356,868.16
    🟢 BOUGHT 3,493 shares of BEL at $102.17 = $356,868.16
Total spent on purchases: $2,851,124.42

📈 DAILY SNAPSHOT: 2022-08-30 00:00:00
Portfolio positions: 20
Portfolio market value: $8,099,140.01
Cash balance: $4,226.35
Total account value: $8,103,366.36
Period realized P&L: $297,903.60
Period unrealized P&L: $1,407,455.31
Total return: +710.34%

🔄 REBALANCING #86: 2022-09-30 00:00:00 (Month-End)
------------------------------------------------------------
💰 Opening Balance: $44,964,921.05
📊 Top 20 stocks for 2022-09-30 00:00:00:
    ticker       Close  v61
PCJEWELLER    8.385000    1
  ADANIENT 3455.750000    2
  RAJRATAN 1203.900024    3
   MAZDOCK  246.725006    4
       FCL   35.180000    5
SHOPERSTOP  748.150024    6
  TVSMOTOR 1032.250000    7
SCHAEFFLER 3212.350098    8
ADANIPOWER   74.699997    9
KARURVYSYA   67.916664   10
... and 10 more stocks

💰 SELL PHASE
Current holdings: 20
Stocks to sell: 12
    🔴 SOLD 73 shares of SKFINDIA at $4713.15 = $344,059.94 (P&L: $-10,329.50)
    🔴 SOLD 564 shares of WSTCSTPAPR at $496.50 = $280,026.00 (P&L: $-76,337.39)
    🔴 SOLD 720 shares of VINYLINDIA at $655.90 = $472,248.02 (P&L: $115,560.02)
    🔴 SOLD 1,925 shares of VBL at $208.84 = $402,016.99 (P&L: $97,655.24)
    🔴 SOLD 129 shares of ATGL at $3339.85 = $430,840.66 (P&L: $121,511.58)
    🔴 SOLD 626 shares of GESHIP at $540.45 = $338,321.71 (P&L: $-18,279.21)
    🔴 SOLD 119 shares of ABB at $3088.40 = $367,519.59 (P&L: $41,917.75)
    🔴 SOLD 756 shares of NDTV at $373.05 = $282,025.79 (P&L: $-74,428.21)
    🔴 SOLD 290 shares of APARINDS at $1297.55 = $376,289.51 (P&L: $50,445.52)
    🔴 SOLD 3,493 shares of KPIGREEN at $95.80 = $334,629.41 (P&L: $-22,238.75)
    🔴 SOLD 3,493 shares of BEL at $100.95 = $352,618.34 (P&L: $-4,249.82)
    🔴 SOLD 278 shares of M&M at $1268.20 = $352,559.59 (P&L: $48,663.88)
Total proceeds from sales: $4,333,155.55

🛒 BUY PHASE
Stocks already held: 8
New stocks to buy: 12
Available cash: $4,337,381.90
Allocation per new stock: $361,448.49
    🟢 BOUGHT 483 shares of SHOPERSTOP at $748.15 = $361,356.46
    🟢 BOUGHT 300 shares of RAJRATAN at $1203.90 = $361,170.01
    🟢 BOUGHT 1,464 shares of MAZDOCK at $246.73 = $361,205.41
    🟢 BOUGHT 92 shares of SOLARINDS at $3916.80 = $360,345.60
    🟢 BOUGHT 308 shares of HAL at $1172.43 = $361,106.92
    🟢 BOUGHT 701 shares of AMBUJACEM at $515.60 = $361,435.58
    🟢 BOUGHT 51 shares of FINEORG at $6977.60 = $355,857.60
    🟢 BOUGHT 1,089 shares of INDHOTEL at $331.70 = $361,221.31
    🟢 BOUGHT 5,321 shares of KARURVYSYA at $67.92 = $361,384.57
    🟢 BOUGHT 1,639 shares of COCHINSHIP at $220.50 = $361,399.50
    🟢 BOUGHT 411 shares of DEEPAKFERT at $878.85 = $361,207.34
    🟢 BOUGHT 1,569 shares of TATAINVEST at $230.27 = $361,293.64
Total spent on purchases: $4,328,983.95

📈 DAILY SNAPSHOT: 2022-09-30 00:00:00
Portfolio positions: 20
Portfolio market value: $8,153,781.58
Cash balance: $8,397.96
Total account value: $8,162,179.53
Period realized P&L: $269,891.12
Period unrealized P&L: $1,196,377.37
Total return: +716.22%

📈 DAILY SNAPSHOT: 2022-10-11 00:00:00
Portfolio positions: 20
Portfolio market value: $8,332,563.73
Cash balance: $8,397.96
Total account value: $8,340,961.69
Total return: +734.10%

🔄 REBALANCING #87: 2022-10-31 00:00:00 (Month-End)
------------------------------------------------------------
💰 Opening Balance: $46,762,967.10
📊 Top 20 stocks for 2022-10-31 00:00:00:
    ticker       Close  v61
   MAZDOCK  318.174988    1
KARURVYSYA   86.666664    2
  TVSMOTOR 1146.050049    3
COCHINSHIP  269.274994    4
       FCL   36.334999    5
       HAL 1265.025024    6
       ITC  348.700012    7
  ADANIENT 3347.449951    8
 SOUTHBANK   13.700000    9
       BLS  162.625000   10
... and 10 more stocks

💰 SELL PHASE
Current holdings: 20
Stocks to sell: 8
    🔴 SOLD 483 shares of SHOPERSTOP at $749.55 = $362,032.64 (P&L: $676.18)
    🔴 SOLD 300 shares of RAJRATAN at $849.95 = $254,985.00 (P&L: $-106,185.00)
    🔴 SOLD 69,609 shares of PCJEWELLER at $10.39 = $722,889.48 (P&L: $396,771.32)
    🔴 SOLD 117 shares of SCHAEFFLER at $2754.60 = $322,288.21 (P&L: $-3,030.29)
    🔴 SOLD 92 shares of SOLARINDS at $3901.85 = $358,970.21 (P&L: $-1,375.40)
    🔴 SOLD 9,105 shares of ADANIPOWER at $66.98 = $609,852.93 (P&L: $272,785.83)
    🔴 SOLD 51 shares of FINEORG at $5741.20 = $292,801.21 (P&L: $-63,056.40)
    🔴 SOLD 1,569 shares of TATAINVEST at $234.63 = $368,142.31 (P&L: $6,848.67)
Total proceeds from sales: $3,291,962.00

🛒 BUY PHASE
Stocks already held: 12
New stocks to buy: 8
Available cash: $3,300,359.95
Allocation per new stock: $412,544.99
    🟢 BOUGHT 4,024 shares of KALYANKJIL at $102.50 = $412,460.00
    🟢 BOUGHT 1,033 shares of KRBL at $399.25 = $412,425.25
    🟢 BOUGHT 1,624 shares of INDIANB at $253.90 = $412,333.59
    🟢 BOUGHT 30,112 shares of SOUTHBANK at $13.70 = $412,534.39
    🟢 BOUGHT 2,136 shares of RITES at $193.10 = $412,461.61
    🟢 BOUGHT 1,515 shares of DLINKINDIA at $272.30 = $412,534.48
    🟢 BOUGHT 305 shares of M&M at $1348.60 = $411,322.99
    🟢 BOUGHT 1,474 shares of TRITURBINE at $279.80 = $412,425.18
Total spent on purchases: $3,298,497.50

📈 DAILY SNAPSHOT: 2022-10-31 00:00:00
Portfolio positions: 20
Portfolio market value: $8,517,444.51
Cash balance: $1,862.45
Total account value: $8,519,306.96
Period realized P&L: $503,434.92
Period unrealized P&L: $1,050,069.88
Total return: +751.93%

📈 DAILY SNAPSHOT: 2022-11-24 00:00:00
Portfolio positions: 20
Portfolio market value: $8,812,626.92
Cash balance: $1,862.45
Total account value: $8,814,489.37
Total return: +781.45%

🔄 REBALANCING #88: 2022-11-30 00:00:00 (Month-End)
------------------------------------------------------------
💰 Opening Balance: $48,624,057.08
📊 Top 20 stocks for 2022-11-30 00:00:00:
    ticker       Close  v61
   MAZDOCK  454.375000    1
 UNIONBANK   81.650002    2
COCHINSHIP  333.524994    3
      RVNL   74.099998    4
 SOUTHBANK   16.850000    5
      IRFC   32.799999    6
   KTKBANK  144.250000    7
  ADANIENT 3917.899902    8
       BLS  186.500000    9
HONDAPOWER 2669.649902   10
... and 10 more stocks

💰 SELL PHASE
Current holdings: 20
Stocks to sell: 13
    🔴 SOLD 361 shares of TVSMOTOR at $1048.15 = $378,382.16 (P&L: $74,438.20)
    🔴 SOLD 1,144 shares of ITC at $340.00 = $388,960.00 (P&L: $79,336.41)
    🔴 SOLD 4,024 shares of KALYANKJIL at $105.90 = $426,141.61 (P&L: $13,681.61)
    🔴 SOLD 12,952 shares of FCL at $32.07 = $415,370.64 (P&L: $58,478.27)
    🔴 SOLD 308 shares of HAL at $1377.03 = $424,123.71 (P&L: $63,016.79)
    🔴 SOLD 701 shares of AMBUJACEM at $570.75 = $400,095.75 (P&L: $38,660.17)
    🔴 SOLD 1,033 shares of KRBL at $412.55 = $426,164.14 (P&L: $13,738.89)
    🔴 SOLD 1,089 shares of INDHOTEL at $321.65 = $350,276.84 (P&L: $-10,944.47)
    🔴 SOLD 2,136 shares of RITES at $183.60 = $392,169.61 (P&L: $-20,292.00)
    🔴 SOLD 1,515 shares of DLINKINDIA at $273.25 = $413,973.75 (P&L: $1,439.27)
    🔴 SOLD 411 shares of DEEPAKFERT at $804.40 = $330,608.41 (P&L: $-30,598.93)
    🔴 SOLD 305 shares of M&M at $1305.60 = $398,207.99 (P&L: $-13,115.00)
    🔴 SOLD 1,474 shares of TRITURBINE at $286.95 = $422,964.32 (P&L: $10,539.14)
Total proceeds from sales: $5,167,438.92

🛒 BUY PHASE
Stocks already held: 7
New stocks to buy: 13
Available cash: $5,169,301.37
Allocation per new stock: $397,638.57
    🟢 BOUGHT 1,733 shares of ELECON at $229.45 = $397,636.84
    🟢 BOUGHT 3,940 shares of LEMONTREE at $100.90 = $397,546.01
    🟢 BOUGHT 5,366 shares of RVNL at $74.10 = $397,620.59
    🟢 BOUGHT 2,756 shares of KTKBANK at $144.25 = $397,553.00
    🟢 BOUGHT 4,831 shares of BANKINDIA at $82.30 = $397,591.31
    🟢 BOUGHT 4,870 shares of UNIONBANK at $81.65 = $397,635.51
    🟢 BOUGHT 660 shares of GODFRYPHLP at $601.65 = $397,089.02
    🟢 BOUGHT 1,422 shares of CGPOWER at $279.60 = $397,591.21
    🟢 BOUGHT 20,082 shares of UCOBANK at $19.80 = $397,623.58
    🟢 BOUGHT 148 shares of HONDAPOWER at $2669.65 = $395,108.19
    🟢 BOUGHT 2,391 shares of BANKBARODA at $166.25 = $397,503.75
    🟢 BOUGHT 1,198 shares of KIRLOSENG at $331.80 = $397,496.39
    🟢 BOUGHT 12,123 shares of IRFC at $32.80 = $397,634.39
Total spent on purchases: $5,165,629.79

📈 DAILY SNAPSHOT: 2022-11-30 00:00:00
Portfolio positions: 20
Portfolio market value: $8,969,228.25
Cash balance: $3,671.59
Total account value: $8,972,899.83
Period realized P&L: $278,378.34
Period unrealized P&L: $1,225,284.41
Total return: +797.29%

🔄 REBALANCING #89: 2022-12-30 00:00:00 (Month-End)
------------------------------------------------------------
💰 Opening Balance: $50,003,544.97
📊 Top 20 stocks for 2022-12-30 00:00:00:
    ticker      Close  v61
      FACT 373.350006    1
   UCOBANK  31.500000    2
KARURVYSYA  94.375000    3
 SOUTHBANK  18.799999    4
   MAZDOCK 396.575012    5
BANKBARODA 185.699997    6
   KTKBANK 152.149994    7
       PSB  33.750000    8
      RVNL  68.250000    9
     CANBK  66.660004   10
... and 10 more stocks

💰 SELL PHASE
Current holdings: 20
Stocks to sell: 8
    🔴 SOLD 1,733 shares of ELECON at $182.30 = $315,925.91 (P&L: $-81,710.94)
    🔴 SOLD 3,940 shares of LEMONTREE at $85.65 = $337,461.01 (P&L: $-60,085.00)
    🔴 SOLD 3,824 shares of BLS at $165.30 = $632,107.21 (P&L: $286,369.82)
    🔴 SOLD 1,422 shares of CGPOWER at $270.30 = $384,366.58 (P&L: $-13,224.63)
    🔴 SOLD 1,639 shares of COCHINSHIP at $267.12 = $437,817.88 (P&L: $76,418.38)
    🔴 SOLD 148 shares of HONDAPOWER at $2224.60 = $329,240.81 (P&L: $-65,867.37)
    🔴 SOLD 1,198 shares of KIRLOSENG at $322.60 = $386,474.81 (P&L: $-11,021.58)
    🔴 SOLD 12,123 shares of IRFC at $32.55 = $394,603.64 (P&L: $-3,030.75)
Total proceeds from sales: $3,217,997.84

🛒 BUY PHASE
Stocks already held: 12
New stocks to buy: 8
Available cash: $3,221,669.43
Allocation per new stock: $402,708.68
    🟢 BOUGHT 431 shares of AXISBANK at $933.75 = $402,446.25
    🟢 BOUGHT 2,681 shares of ABCAPITAL at $150.20 = $402,686.19
    🟢 BOUGHT 6,041 shares of CANBK at $66.66 = $402,693.08
    🟢 BOUGHT 11,932 shares of PSB at $33.75 = $402,705.00
    🟢 BOUGHT 2,244 shares of RBLBANK at $179.40 = $402,573.59
    🟢 BOUGHT 7,102 shares of J&KBANK at $56.70 = $402,683.41
    🟢 BOUGHT 1,078 shares of FACT at $373.35 = $402,471.31
    🟢 BOUGHT 3,919 shares of UGARSUGAR at $102.75 = $402,677.25
Total spent on purchases: $3,220,936.07

📈 DAILY SNAPSHOT: 2022-12-30 00:00:00
Portfolio positions: 20
Portfolio market value: $8,934,701.69
Cash balance: $733.36
Total account value: $8,935,435.05
Period realized P&L: $127,847.93
Period unrealized P&L: $1,059,971.69
Total return: +793.54%

📈 DAILY SNAPSHOT: 2023-01-05 00:00:00
Portfolio positions: 20
Portfolio market value: $9,028,473.40
Cash balance: $733.36
Total account value: $9,029,206.76
Total return: +802.92%

🔄 REBALANCING #90: 2023-01-31 00:00:00 (Month-End)
------------------------------------------------------------
💰 Opening Balance: $50,344,301.41
📊 Top 20 stocks for 2023-01-31 00:00:00:
    ticker      Close  v61
      RVNL  76.099998    1
   UCOBANK  29.650000    2
      FACT 297.600006    3
   MAZDOCK 396.625000    4
   INDIANB 304.750000    5
  RICOAUTO  89.050003    6
 SOUTHBANK  18.000000    7
 UNIONBANK  78.500000    8
   SUNFLAG 136.649994    9
KARURVYSYA  89.333336   10
... and 10 more stocks

💰 SELL PHASE
Current holdings: 20
Stocks to sell: 10
    🔴 SOLD 431 shares of AXISBANK at $871.60 = $375,659.59 (P&L: $-26,786.66)
    🔴 SOLD 2,681 shares of ABCAPITAL at $141.20 = $378,557.19 (P&L: $-24,129.00)
    🔴 SOLD 2,756 shares of KTKBANK at $142.90 = $393,832.38 (P&L: $-3,720.62)
    🔴 SOLD 11,932 shares of PSB at $29.45 = $351,397.41 (P&L: $-51,307.59)
    🔴 SOLD 6,041 shares of CANBK at $60.79 = $367,232.40 (P&L: $-35,460.69)
    🔴 SOLD 2,244 shares of RBLBANK at $155.75 = $349,503.00 (P&L: $-53,070.59)
    🔴 SOLD 126 shares of ADANIENT at $2973.90 = $374,711.39 (P&L: $50,992.19)
    🔴 SOLD 7,102 shares of J&KBANK at $55.05 = $390,965.09 (P&L: $-11,718.31)
    🔴 SOLD 3,919 shares of UGARSUGAR at $97.35 = $381,514.64 (P&L: $-21,162.61)
    🔴 SOLD 2,391 shares of BANKBARODA at $167.85 = $401,329.36 (P&L: $3,825.61)
Total proceeds from sales: $3,764,702.46

🛒 BUY PHASE
Stocks already held: 10
New stocks to buy: 10
Available cash: $3,765,435.82
Allocation per new stock: $376,543.58
    🟢 BOUGHT 4,228 shares of RICOAUTO at $89.05 = $376,503.41
    🟢 BOUGHT 6,017 shares of JINDALSAW at $62.58 = $376,513.78
    🟢 BOUGHT 2,336 shares of SURYAROSNI at $161.16 = $376,475.61
    🟢 BOUGHT 953 shares of CIEINDIA at $394.75 = $376,196.75
    🟢 BOUGHT 1,244 shares of CGPOWER at $302.45 = $376,247.82
    🟢 BOUGHT 1,139 shares of SWANENERGY at $330.50 = $376,439.50
    🟢 BOUGHT 2,755 shares of SUNFLAG at $136.65 = $376,470.73
    🟢 BOUGHT 645 shares of JINDALSTEL at $583.55 = $376,389.74
    🟢 BOUGHT 11,393 shares of IRFC at $33.05 = $376,538.64
    🟢 BOUGHT 726 shares of GRAVITA at $518.65 = $376,539.92
Total spent on purchases: $3,764,315.91

📈 DAILY SNAPSHOT: 2023-01-31 00:00:00
Portfolio positions: 20
Portfolio market value: $8,386,766.95
Cash balance: $1,119.91
Total account value: $8,387,886.86
Period realized P&L: $-172,538.25
Period unrealized P&L: $684,961.76
Total return: +738.79%

📈 DAILY SNAPSHOT: 2023-02-17 00:00:00
Portfolio positions: 20
Portfolio market value: $7,967,274.43
Cash balance: $1,119.91
Total account value: $7,968,394.34
Total return: +696.84%

🔄 REBALANCING #91: 2023-02-28 00:00:00 (Month-End)
------------------------------------------------------------
💰 Opening Balance: $49,989,669.07
📊 Top 20 stocks for 2023-02-28 00:00:00:
    ticker       Close  v61
 JINDALSAW   75.074997    1
  APARINDS 2299.699951    2
       ITC  376.700012    3
  CIEINDIA  424.149994    4
CUMMINSIND 1570.099976    5
 FINCABLES  705.700012    6
      CERA 6513.100098    7
PNBHOUSING  494.625122    8
   CGPOWER  305.250000    9
EQUITASBNK   71.500000   10
... and 10 more stocks

💰 SELL PHASE
Current holdings: 20
Stocks to sell: 15
    🔴 SOLD 1,464 shares of MAZDOCK at $359.77 = $526,710.59 (P&L: $165,505.18)
    🔴 SOLD 4,228 shares of RICOAUTO at $71.60 = $302,724.79 (P&L: $-73,778.62)
    🔴 SOLD 5,366 shares of RVNL at $57.45 = $308,276.70 (P&L: $-89,343.89)
    🔴 SOLD 2,336 shares of SURYAROSNI at $166.95 = $389,995.19 (P&L: $13,519.58)
    🔴 SOLD 1,624 shares of INDIANB at $257.10 = $417,530.41 (P&L: $5,196.82)
    🔴 SOLD 4,831 shares of BANKINDIA at $70.85 = $342,276.34 (P&L: $-55,314.97)
    🔴 SOLD 1,078 shares of FACT at $234.15 = $252,413.69 (P&L: $-150,057.61)
    🔴 SOLD 1,139 shares of SWANENERGY at $254.55 = $289,932.45 (P&L: $-86,507.05)
    🔴 SOLD 20,082 shares of UCOBANK at $25.90 = $520,123.79 (P&L: $122,500.21)
    🔴 SOLD 4,870 shares of UNIONBANK at $67.25 = $327,507.50 (P&L: $-70,128.01)
    🔴 SOLD 2,755 shares of SUNFLAG at $131.15 = $361,318.23 (P&L: $-15,152.50)
    🔴 SOLD 660 shares of GODFRYPHLP at $591.83 = $390,609.99 (P&L: $-6,479.03)
    🔴 SOLD 645 shares of JINDALSTEL at $549.20 = $354,234.01 (P&L: $-22,155.73)
    🔴 SOLD 11,393 shares of IRFC at $26.95 = $307,041.36 (P&L: $-69,497.28)
    🔴 SOLD 726 shares of GRAVITA at $457.20 = $331,927.21 (P&L: $-44,612.71)
Total proceeds from sales: $5,422,622.27

🛒 BUY PHASE
Stocks already held: 5
New stocks to buy: 15
Available cash: $5,423,742.18
Allocation per new stock: $361,582.81
    🟢 BOUGHT 995 shares of SONATSOFTW at $363.15 = $361,334.24
    🟢 BOUGHT 5,057 shares of EQUITASBNK at $71.50 = $361,575.50
    🟢 BOUGHT 731 shares of PNBHOUSING at $494.63 = $361,570.96
    🟢 BOUGHT 1,371 shares of ZENTEC at $263.60 = $361,395.61
    🟢 BOUGHT 959 shares of ITC at $376.70 = $361,255.31
    🟢 BOUGHT 189 shares of SIEMENS at $1905.75 = $360,187.23
    🟢 BOUGHT 55 shares of CERA at $6513.10 = $358,220.51
    🟢 BOUGHT 1,389 shares of VBL at $260.15 = $361,348.34
    🟢 BOUGHT 150 shares of PERSISTENT at $2396.55 = $359,482.51
    🟢 BOUGHT 1,435 shares of M&MFIN at $251.80 = $361,333.00
    🟢 BOUGHT 130 shares of SUPREMEIND at $2761.35 = $358,975.51
    🟢 BOUGHT 157 shares of APARINDS at $2299.70 = $361,052.89
    🟢 BOUGHT 230 shares of CUMMINSIND at $1570.10 = $361,122.99
    🟢 BOUGHT 512 shares of FINCABLES at $705.70 = $361,318.41
    🟢 BOUGHT 117 shares of POLYCAB at $3081.35 = $360,517.96
Total spent on purchases: $5,410,690.99

📈 DAILY SNAPSHOT: 2023-02-28 00:00:00
Portfolio positions: 20
Portfolio market value: $7,603,024.19
Cash balance: $13,051.19
Total account value: $7,616,075.38
Period realized P&L: $-376,305.61
Period unrealized P&L: $289,455.89
Total return: +661.61%

🔄 REBALANCING #92: 2023-03-31 00:00:00 (Month-End)
------------------------------------------------------------
💰 Opening Balance: $49,736,874.29
📊 Top 20 stocks for 2023-03-31 00:00:00:
    ticker       Close  v61
 FINCABLES  812.599976    1
  APARINDS 2504.899902    2
    ZENTEC  328.149994    3
SONATSOFTW  418.149994    4
       NCC  106.099998    5
 JINDALSAW   72.949997    6
 KIRLOSENG  396.100006    7
       ACE  406.899994    8
CUMMINSIND 1629.599976    9
       ITC  383.500000   10
... and 10 more stocks

💰 SELL PHASE
Current holdings: 20
Stocks to sell: 10
    🔴 SOLD 5,057 shares of EQUITASBNK at $67.10 = $339,324.69 (P&L: $-22,250.81)
    🔴 SOLD 731 shares of PNBHOUSING at $425.01 = $310,683.41 (P&L: $-50,887.55)
    🔴 SOLD 55 shares of CERA at $6403.05 = $352,167.74 (P&L: $-6,052.77)
    🔴 SOLD 150 shares of PERSISTENT at $2304.75 = $345,712.50 (P&L: $-13,770.01)
    🔴 SOLD 953 shares of CIEINDIA at $350.80 = $334,312.39 (P&L: $-41,884.36)
    🔴 SOLD 5,321 shares of KARURVYSYA at $87.00 = $462,927.00 (P&L: $101,542.43)
    🔴 SOLD 30,112 shares of SOUTHBANK at $14.65 = $441,140.79 (P&L: $28,606.39)
    🔴 SOLD 1,435 shares of M&MFIN at $231.65 = $332,417.74 (P&L: $-28,915.26)
    🔴 SOLD 130 shares of SUPREMEIND at $2513.55 = $326,761.51 (P&L: $-32,214.01)
    🔴 SOLD 117 shares of POLYCAB at $2880.05 = $336,965.86 (P&L: $-23,552.11)
Total proceeds from sales: $3,582,413.62

🛒 BUY PHASE
Stocks already held: 10
New stocks to buy: 10
Available cash: $3,595,464.81
Allocation per new stock: $359,546.48
    🟢 BOUGHT 1,676 shares of USHAMART at $214.50 = $359,502.00
    🟢 BOUGHT 2,961 shares of PFC at $121.40 = $359,465.40
    🟢 BOUGHT 1,116 shares of JBMA at $322.00 = $359,352.00
    🟢 BOUGHT 3,388 shares of NCC at $106.10 = $359,466.79
    🟢 BOUGHT 1,079 shares of TRITURBINE at $333.15 = $359,468.84
    🟢 BOUGHT 18 shares of BOSCHLTD at $19369.90 = $348,658.21
    🟢 BOUGHT 106 shares of ABB at $3365.15 = $356,705.89
    🟢 BOUGHT 883 shares of ACE at $406.90 = $359,292.69
    🟢 BOUGHT 907 shares of KIRLOSENG at $396.10 = $359,262.71
    🟢 BOUGHT 3,087 shares of GPPL at $116.45 = $359,481.14
Total spent on purchases: $3,580,655.68

📈 DAILY SNAPSHOT: 2023-03-31 00:00:00
Portfolio positions: 20
Portfolio market value: $7,565,148.13
Cash balance: $14,809.13
Total account value: $7,579,957.27
Period realized P&L: $-89,378.05
Period unrealized P&L: $342,715.82
Total return: +658.00%

📈 DAILY SNAPSHOT: 2023-04-05 00:00:00
Portfolio positions: 20
Portfolio market value: $7,685,121.72
Cash balance: $14,809.13
Total account value: $7,699,930.86
Total return: +669.99%

🔄 REBALANCING #93: 2023-04-28 00:00:00 (Month-End)
------------------------------------------------------------
💰 Opening Balance: $50,312,879.29
📊 Top 20 stocks for 2023-04-28 00:00:00:
    ticker       Close  v61
       ITC  425.549988    1
 FINCABLES  894.900024    2
  APARINDS 2811.550049    3
       NCC  119.800003    4
   SAKSOFT  160.199997    5
 JINDALSAW   81.775002    6
    CYIENT 1179.949951    7
SONATSOFTW  427.375000    8
      JBMA  401.325012    9
  GLENMARK  563.450012   10
... and 10 more stocks

💰 SELL PHASE
Current holdings: 20
Stocks to sell: 8
    🔴 SOLD 1,676 shares of USHAMART at $213.20 = $357,323.19 (P&L: $-2,178.81)
    🔴 SOLD 1,371 shares of ZENTEC at $290.95 = $398,892.47 (P&L: $37,496.86)
    🔴 SOLD 1,079 shares of TRITURBINE at $365.30 = $394,158.69 (P&L: $34,689.84)
    🔴 SOLD 106 shares of ABB at $3417.95 = $362,302.69 (P&L: $5,596.81)
    🔴 SOLD 883 shares of ACE at $417.35 = $368,520.06 (P&L: $9,227.36)
    🔴 SOLD 1,244 shares of CGPOWER at $308.85 = $384,209.41 (P&L: $7,961.59)
    🔴 SOLD 907 shares of KIRLOSENG at $393.85 = $357,221.96 (P&L: $-2,040.75)
    🔴 SOLD 3,087 shares of GPPL at $113.90 = $351,609.30 (P&L: $-7,871.84)
Total proceeds from sales: $2,974,237.77

🛒 BUY PHASE
Stocks already held: 12
New stocks to buy: 8
Available cash: $2,989,046.90
Allocation per new stock: $373,630.86
    🟢 BOUGHT 316 shares of CYIENT at $1179.95 = $372,864.18
    🟢 BOUGHT 104 shares of OFSS at $3561.85 = $370,432.41
    🟢 BOUGHT 197 shares of KEI at $1895.05 = $373,324.86
    🟢 BOUGHT 2,234 shares of ABCAPITAL at $167.20 = $373,524.79
    🟢 BOUGHT 1,871 shares of SURYAROSNI at $199.69 = $373,615.31
    🟢 BOUGHT 2,332 shares of SAKSOFT at $160.20 = $373,586.39
    🟢 BOUGHT 663 shares of GLENMARK at $563.45 = $373,567.36
    🟢 BOUGHT 84 shares of BAJAJ-AUTO at $4431.95 = $372,283.82
Total spent on purchases: $2,983,199.13

📈 DAILY SNAPSHOT: 2023-04-28 00:00:00
Portfolio positions: 20
Portfolio market value: $7,959,680.30
Cash balance: $5,847.77
Total account value: $7,965,528.07
Period realized P&L: $82,881.07
Period unrealized P&L: $645,405.56
Total return: +696.55%

📈 DAILY SNAPSHOT: 2023-05-22 00:00:00
Portfolio positions: 20
Portfolio market value: $8,198,442.42
Cash balance: $5,847.77
Total account value: $8,204,290.20
Total return: +720.43%

🔄 REBALANCING #94: 2023-05-31 00:00:00 (Month-End)
------------------------------------------------------------
💰 Opening Balance: $51,440,292.57
📊 Top 20 stocks for 2023-05-31 00:00:00:
   ticker       Close  v61
JINDALSAW  121.599998    1
AURIONPRO  381.174988    2
      ITC  445.500000    3
  RKFORGE  388.250000    4
   ANURAS 1166.000000    5
  CGPOWER  392.850006    6
  APTECHT  405.821442    7
 CHOLAFIN 1050.900024    8
      ABB 4125.899902    9
   ZENTEC  372.399994   10
... and 10 more stocks

💰 SELL PHASE
Current holdings: 20
Stocks to sell: 15
    🔴 SOLD 2,961 shares of PFC at $145.92 = $432,069.11 (P&L: $72,603.71)
    🔴 SOLD 1,116 shares of JBMA at $403.90 = $450,752.39 (P&L: $91,400.39)
    🔴 SOLD 104 shares of OFSS at $3633.60 = $377,894.41 (P&L: $7,462.00)
    🔴 SOLD 197 shares of KEI at $1997.15 = $393,438.55 (P&L: $20,113.70)
    🔴 SOLD 189 shares of SIEMENS at $2084.82 = $394,030.35 (P&L: $33,843.11)
    🔴 SOLD 2,234 shares of ABCAPITAL at $170.30 = $380,450.21 (P&L: $6,925.41)
    🔴 SOLD 3,388 shares of NCC at $119.25 = $404,019.00 (P&L: $44,552.21)
    🔴 SOLD 18 shares of BOSCHLTD at $18568.40 = $334,231.21 (P&L: $-14,427.00)
    🔴 SOLD 1,871 shares of SURYAROSNI at $195.15 = $365,125.64 (P&L: $-8,489.67)
    🔴 SOLD 2,332 shares of SAKSOFT at $189.96 = $442,986.74 (P&L: $69,400.34)
    🔴 SOLD 663 shares of GLENMARK at $597.75 = $396,308.25 (P&L: $22,740.89)
    🔴 SOLD 84 shares of BAJAJ-AUTO at $4567.15 = $383,640.59 (P&L: $11,356.78)
    🔴 SOLD 157 shares of APARINDS at $2779.35 = $436,357.97 (P&L: $75,305.07)
    🔴 SOLD 230 shares of CUMMINSIND at $1759.90 = $404,777.01 (P&L: $43,654.01)
    🔴 SOLD 512 shares of FINCABLES at $800.95 = $410,086.41 (P&L: $48,768.00)
Total proceeds from sales: $6,006,167.83

🛒 BUY PHASE
Stocks already held: 5
New stocks to buy: 15
Available cash: $6,012,015.60
Allocation per new stock: $400,801.04
    🟢 BOUGHT 1,051 shares of AURIONPRO at $381.17 = $400,614.91
    🟢 BOUGHT 393 shares of NUCLEUS at $1017.45 = $399,857.85
    🟢 BOUGHT 1,076 shares of ZENTEC at $372.40 = $400,702.39
    🟢 BOUGHT 1,032 shares of RKFORGE at $388.25 = $400,674.00
    🟢 BOUGHT 3,340 shares of RVNL at $120.00 = $400,800.00
    🟢 BOUGHT 343 shares of ANURAS at $1166.00 = $399,938.00
    🟢 BOUGHT 987 shares of APTECHT at $405.82 = $400,545.76
    🟢 BOUGHT 252 shares of POWERMECH at $1588.85 = $400,390.19
    🟢 BOUGHT 1,028 shares of INDHOTEL at $389.70 = $400,611.61
    🟢 BOUGHT 97 shares of ABB at $4125.90 = $400,212.29
    🟢 BOUGHT 1,020 shares of CGPOWER at $392.85 = $400,707.01
    🟢 BOUGHT 700 shares of AGI at $572.00 = $400,400.00
    🟢 BOUGHT 2,453 shares of ITDCEM at $163.35 = $400,697.56
    🟢 BOUGHT 381 shares of CHOLAFIN at $1050.90 = $400,392.91
    🟢 BOUGHT 5,593 shares of IDFCFIRSTB at $71.65 = $400,738.46
Total spent on purchases: $6,007,282.96

📈 DAILY SNAPSHOT: 2023-05-31 00:00:00
Portfolio positions: 20
Portfolio market value: $8,530,484.91
Cash balance: $4,732.64
Total account value: $8,535,217.55
Period realized P&L: $525,208.95
Period unrealized P&L: $689,886.09
Total return: +753.52%

🔄 REBALANCING #95: 2023-06-30 00:00:00 (Month-End)
------------------------------------------------------------
💰 Opening Balance: $53,044,792.06
📊 Top 20 stocks for 2023-06-30 00:00:00:
    ticker       Close  v61
      JBMA  668.625000    1
IDFCFIRSTB   79.400002    2
       LTF  127.699997    3
   SAKSOFT  246.720001    4
  ANANTRAJ  177.350006    5
  CHOLAFIN 1142.000000    6
 JINDALSAW  127.949997    7
       ITC  451.600006    8
  MANINFRA  114.000000    9
       JWL  173.800003   10
... and 10 more stocks

💰 SELL PHASE
Current holdings: 20
Stocks to sell: 14
    🔴 SOLD 1,051 shares of AURIONPRO at $487.75 = $512,625.25 (P&L: $112,010.34)
    🔴 SOLD 995 shares of SONATSOFTW at $504.73 = $502,201.38 (P&L: $140,867.14)
    🔴 SOLD 316 shares of CYIENT at $1500.70 = $474,221.18 (P&L: $101,357.00)
    🔴 SOLD 393 shares of NUCLEUS at $1073.40 = $421,846.21 (P&L: $21,988.35)
    🔴 SOLD 1,076 shares of ZENTEC at $417.90 = $449,660.39 (P&L: $48,958.00)
    🔴 SOLD 3,340 shares of RVNL at $121.90 = $407,146.01 (P&L: $6,346.01)
    🔴 SOLD 343 shares of ANURAS at $1030.00 = $353,290.00 (P&L: $-46,648.00)
    🔴 SOLD 1,389 shares of VBL at $321.02 = $445,896.76 (P&L: $84,548.42)
    🔴 SOLD 987 shares of APTECHT at $357.93 = $353,275.49 (P&L: $-47,270.28)
    🔴 SOLD 252 shares of POWERMECH at $1682.82 = $424,071.89 (P&L: $23,681.69)
    🔴 SOLD 1,028 shares of INDHOTEL at $392.50 = $403,490.00 (P&L: $2,878.39)
    🔴 SOLD 1,020 shares of CGPOWER at $378.50 = $386,070.00 (P&L: $-14,637.01)
    🔴 SOLD 700 shares of AGI at $577.30 = $404,109.99 (P&L: $3,709.99)
    🔴 SOLD 2,453 shares of ITDCEM at $163.20 = $400,329.59 (P&L: $-367.97)
Total proceeds from sales: $5,938,234.15

🛒 BUY PHASE
Stocks already held: 6
New stocks to buy: 14
Available cash: $5,942,966.79
Allocation per new stock: $424,497.63
    🟢 BOUGHT 681 shares of MAZDOCK at $623.20 = $424,399.21
    🟢 BOUGHT 2,457 shares of PFC at $172.72 = $424,373.04
    🟢 BOUGHT 634 shares of JBMA at $668.62 = $423,908.25
    🟢 BOUGHT 223 shares of HAL at $1896.25 = $422,863.75
    🟢 BOUGHT 7,092 shares of ELECTCAST at $59.85 = $424,456.19
    🟢 BOUGHT 1,720 shares of SAKSOFT at $246.72 = $424,358.40
    🟢 BOUGHT 2,393 shares of ANANTRAJ at $177.35 = $424,398.56
    🟢 BOUGHT 2,442 shares of JWL at $173.80 = $424,419.61
    🟢 BOUGHT 627 shares of GLENMARK at $676.00 = $423,852.00
    🟢 BOUGHT 2,578 shares of RECLTD at $164.65 = $424,467.68
    🟢 BOUGHT 712 shares of TATAMOTORS at $595.55 = $424,031.59
    🟢 BOUGHT 3,723 shares of MANINFRA at $114.00 = $424,422.00
    🟢 BOUGHT 3,324 shares of LTF at $127.70 = $424,474.79
    🟢 BOUGHT 546 shares of CANFINHOME at $777.35 = $424,433.09
Total spent on purchases: $5,938,858.17

📈 DAILY SNAPSHOT: 2023-06-30 00:00:00
Portfolio positions: 20
Portfolio market value: $8,908,965.33
Cash balance: $4,108.62
Total account value: $8,913,073.95
Period realized P&L: $437,422.08
Period unrealized P&L: $630,320.41
Total return: +791.31%

📈 DAILY SNAPSHOT: 2023-07-04 00:00:00
Portfolio positions: 20
Portfolio market value: $9,093,024.21
Cash balance: $4,108.62
Total account value: $9,097,132.83
Total return: +809.71%

🔄 REBALANCING #96: 2023-07-31 00:00:00 (Month-End)
------------------------------------------------------------
💰 Opening Balance: $55,167,801.61
📊 Top 20 stocks for 2023-07-31 00:00:00:
    ticker       Close  v61
      SDBL  133.559998    1
   MAZDOCK  948.500000    2
THANGAMAYL 1270.099976    3
 POWERMECH 2307.324951    4
   RKFORGE  562.849976    5
    ZENTEC  617.650024    6
       PFC  209.119995    7
       ACE  721.549988    8
   POLYCAB 4816.799805    9
  GLENMARK  787.849976   10
... and 10 more stocks

💰 SELL PHASE
Current holdings: 20
Stocks to sell: 11
    🔴 SOLD 959 shares of ITC at $465.70 = $446,606.31 (P&L: $85,351.00)
    🔴 SOLD 223 shares of HAL at $1980.75 = $441,707.25 (P&L: $18,843.50)
    🔴 SOLD 7,092 shares of ELECTCAST at $58.70 = $416,300.41 (P&L: $-8,155.78)
    🔴 SOLD 1,720 shares of SAKSOFT at $246.36 = $423,739.20 (P&L: $-619.20)
    🔴 SOLD 2,393 shares of ANANTRAJ at $201.65 = $482,548.44 (P&L: $58,149.87)
    🔴 SOLD 2,442 shares of JWL at $205.40 = $501,586.79 (P&L: $77,167.18)
    🔴 SOLD 97 shares of ABB at $4552.80 = $441,621.58 (P&L: $41,409.29)
    🔴 SOLD 712 shares of TATAMOTORS at $644.30 = $458,741.59 (P&L: $34,710.00)
    🔴 SOLD 381 shares of CHOLAFIN at $1132.10 = $431,330.09 (P&L: $30,937.18)
    🔴 SOLD 3,324 shares of LTF at $131.90 = $438,435.58 (P&L: $13,960.79)
    🔴 SOLD 546 shares of CANFINHOME at $751.40 = $410,264.41 (P&L: $-14,168.67)
Total proceeds from sales: $4,892,881.64

🛒 BUY PHASE
Stocks already held: 9
New stocks to buy: 11
Available cash: $4,896,990.27
Allocation per new stock: $445,180.93
    🟢 BOUGHT 2,203 shares of PREMEXPLN at $202.05 = $445,116.16
    🟢 BOUGHT 1,319 shares of USHAMART at $337.50 = $445,162.50
    🟢 BOUGHT 9,236 shares of UJJIVANSFB at $48.20 = $445,175.21
    🟢 BOUGHT 3,333 shares of SDBL at $133.56 = $445,155.47
    🟢 BOUGHT 720 shares of ZENTEC at $617.65 = $444,708.02
    🟢 BOUGHT 192 shares of POWERMECH at $2307.32 = $443,006.39
    🟢 BOUGHT 616 shares of ACE at $721.55 = $444,474.79
    🟢 BOUGHT 895 shares of ZENSARTECH at $497.40 = $445,172.99
    🟢 BOUGHT 765 shares of ANANDRATHI at $581.70 = $445,000.51
    🟢 BOUGHT 92 shares of POLYCAB at $4816.80 = $443,145.58
    🟢 BOUGHT 350 shares of THANGAMAYL at $1270.10 = $444,534.99
Total spent on purchases: $4,890,652.61

📈 DAILY SNAPSHOT: 2023-07-31 00:00:00
Portfolio positions: 20
Portfolio market value: $10,037,288.37
Cash balance: $6,337.65
Total account value: $10,043,626.02
Period realized P&L: $337,585.15
Period unrealized P&L: $1,423,287.33
Total return: +904.36%

📈 DAILY SNAPSHOT: 2023-08-16 00:00:00
Portfolio positions: 20
Portfolio market value: $10,519,848.37
Cash balance: $6,337.65
Total account value: $10,526,186.02
Total return: +952.62%

🔄 REBALANCING #97: 2023-08-31 00:00:00 (Month-End)
------------------------------------------------------------
💰 Opening Balance: $57,596,800.63
📊 Top 20 stocks for 2023-08-31 00:00:00:
    ticker       Close  v61
 JAIBALAJI   54.070000    1
       JWL  343.350006    2
   RKFORGE  713.299988    3
SKMEGGPROD  484.149994    4
   TEXRAIL  145.800003    5
    RECLTD  238.649994    6
      HSCL  224.449997    7
GENUSPOWER  258.600006    8
  APARINDS 5008.450195    9
    ZENTEC  840.500000   10
... and 10 more stocks

💰 SELL PHASE
Current holdings: 20
Stocks to sell: 12
    🔴 SOLD 2,203 shares of PREMEXPLN at $230.14 = $506,998.42 (P&L: $61,882.26)
    🔴 SOLD 9,236 shares of UJJIVANSFB at $49.00 = $452,564.00 (P&L: $7,388.79)
    🔴 SOLD 3,333 shares of SDBL at $125.90 = $419,624.71 (P&L: $-25,530.77)
    🔴 SOLD 634 shares of JBMA at $758.03 = $480,587.87 (P&L: $56,679.62)
    🔴 SOLD 6,017 shares of JINDALSAW at $175.10 = $1,053,576.74 (P&L: $677,062.96)
    🔴 SOLD 192 shares of POWERMECH at $2112.80 = $405,657.61 (P&L: $-37,348.78)
    🔴 SOLD 627 shares of GLENMARK at $766.85 = $480,814.93 (P&L: $56,962.93)
    🔴 SOLD 895 shares of ZENSARTECH at $526.95 = $471,620.26 (P&L: $26,447.27)
    🔴 SOLD 765 shares of ANANDRATHI at $713.25 = $545,636.25 (P&L: $100,635.74)
    🔴 SOLD 3,723 shares of MANINFRA at $145.80 = $542,813.41 (P&L: $118,391.41)
    🔴 SOLD 5,593 shares of IDFCFIRSTB at $93.35 = $522,106.54 (P&L: $121,368.08)
    🔴 SOLD 350 shares of THANGAMAYL at $1237.60 = $433,159.99 (P&L: $-11,375.00)
Total proceeds from sales: $6,315,160.73

🛒 BUY PHASE
Stocks already held: 8
New stocks to buy: 12
Available cash: $6,321,498.38
Allocation per new stock: $526,791.53
    🟢 BOUGHT 1,487 shares of BSE at $354.25 = $526,769.75
    🟢 BOUGHT 3,613 shares of TEXRAIL at $145.80 = $526,775.41
    🟢 BOUGHT 2,092 shares of KALYANKJIL at $251.80 = $526,765.61
    🟢 BOUGHT 4,588 shares of PRAKASH at $114.80 = $526,702.41
    🟢 BOUGHT 1,534 shares of JWL at $343.35 = $526,698.91
    🟢 BOUGHT 2,399 shares of ANANTRAJ at $219.50 = $526,580.50
    🟢 BOUGHT 2,347 shares of HSCL at $224.45 = $526,784.14
    🟢 BOUGHT 118 shares of SUPREMEIND at $4457.70 = $526,008.62
    🟢 BOUGHT 1,088 shares of SKMEGGPROD at $484.15 = $526,755.19
    🟢 BOUGHT 105 shares of APARINDS at $5008.45 = $525,887.27
    🟢 BOUGHT 9,742 shares of JAIBALAJI at $54.07 = $526,749.94
    🟢 BOUGHT 2,037 shares of GENUSPOWER at $258.60 = $526,768.21
Total spent on purchases: $6,319,245.97

📈 DAILY SNAPSHOT: 2023-08-31 00:00:00
Portfolio positions: 20
Portfolio market value: $10,827,655.00
Cash balance: $2,252.41
Total account value: $10,829,907.40
Period realized P&L: $1,152,564.52
Period unrealized P&L: $1,057,004.20
Total return: +982.99%

📈 DAILY SNAPSHOT: 2023-09-28 00:00:00
Portfolio positions: 20
Portfolio market value: $11,385,909.87
Cash balance: $2,252.41
Total account value: $11,388,162.28
Total return: +1038.82%

🔄 REBALANCING #98: 2023-09-29 00:00:00 (Month-End)
------------------------------------------------------------
💰 Opening Balance: $60,364,624.22
📊 Top 20 stocks for 2023-09-29 00:00:00:
   ticker       Close  v61
JAIBALAJI   87.260002    1
      BSE  432.649994    2
   RECLTD  287.399994    3
      JWL  327.250000    4
RESPONIND  351.149994    5
  PRAKASH  142.699997    6
  MAZDOCK 1096.099976    7
     IRFC   76.550003    8
  POLYCAB 5343.049805    9
      PFC  251.899994   10
... and 10 more stocks

💰 SELL PHASE
Current holdings: 20
Stocks to sell: 8
    🔴 SOLD 1,319 shares of USHAMART at $343.80 = $453,472.18 (P&L: $8,309.68)
    🔴 SOLD 3,613 shares of TEXRAIL at $128.75 = $465,173.75 (P&L: $-61,601.66)
    🔴 SOLD 720 shares of ZENTEC at $764.55 = $550,475.99 (P&L: $105,767.97)
    🔴 SOLD 2,092 shares of KALYANKJIL at $227.55 = $476,034.61 (P&L: $-50,731.00)
    🔴 SOLD 2,399 shares of ANANTRAJ at $219.60 = $526,820.41 (P&L: $239.91)
    🔴 SOLD 616 shares of ACE at $688.50 = $424,116.00 (P&L: $-20,358.79)
    🔴 SOLD 118 shares of SUPREMEIND at $4121.50 = $486,337.00 (P&L: $-39,671.62)
    🔴 SOLD 1,088 shares of SKMEGGPROD at $457.40 = $497,651.19 (P&L: $-29,104.00)
Total proceeds from sales: $3,880,081.14

🛒 BUY PHASE
Stocks already held: 12
New stocks to buy: 8
Available cash: $3,882,333.55
Allocation per new stock: $485,291.69
    🟢 BOUGHT 1,670 shares of ASHAPURMIN at $290.50 = $485,135.00
    🟢 BOUGHT 8,970 shares of UJJIVANSFB at $54.10 = $485,276.99
    🟢 BOUGHT 1,382 shares of RESPONIND at $351.15 = $485,289.29
    🟢 BOUGHT 18,809 shares of SUZLON at $25.80 = $485,272.19
    🟢 BOUGHT 418 shares of CHOLAHLDNG at $1160.45 = $485,068.08
    🟢 BOUGHT 247 shares of SAFARI at $1957.95 = $483,613.64
    🟢 BOUGHT 6,339 shares of IRFC at $76.55 = $485,250.47
    🟢 BOUGHT 533 shares of GRAVITA at $910.15 = $485,109.96
Total spent on purchases: $3,880,015.61

📈 DAILY SNAPSHOT: 2023-09-29 00:00:00
Portfolio positions: 20
Portfolio market value: $11,459,310.19
Cash balance: $2,317.93
Total account value: $11,461,628.12
Period realized P&L: $-87,149.50
Period unrealized P&L: $1,775,874.42
Total return: +1046.16%

🔄 REBALANCING #99: 2023-10-31 00:00:00 (Month-End)
------------------------------------------------------------
💰 Opening Balance: $62,533,805.08
📊 Top 20 stocks for 2023-10-31 00:00:00:
    ticker      Close  v61
 JAIBALAJI 113.629997    1
       BSE 621.000000    2
ANANDRATHI 954.549988    3
    RECLTD 287.600006    4
    SUZLON  30.600000    5
   PRAKASH 158.300003    6
KALYANKJIL 288.700012    7
       JWL 312.600006    8
      EMIL 190.250000    9
    APOLLO  91.400002   10
... and 10 more stocks

💰 SELL PHASE
Current holdings: 20
Stocks to sell: 10
    🔴 SOLD 1,670 shares of ASHAPURMIN at $301.15 = $502,920.49 (P&L: $17,785.49)
    🔴 SOLD 681 shares of MAZDOCK at $983.40 = $669,695.42 (P&L: $245,296.21)
    🔴 SOLD 8,970 shares of UJJIVANSFB at $52.10 = $467,336.99 (P&L: $-17,940.00)
    🔴 SOLD 1,382 shares of RESPONIND at $313.45 = $433,187.92 (P&L: $-52,101.37)
    🔴 SOLD 1,032 shares of RKFORGE at $640.15 = $660,634.83 (P&L: $259,960.83)
    🔴 SOLD 105 shares of APARINDS at $5179.45 = $543,842.27 (P&L: $17,955.00)
    🔴 SOLD 247 shares of SAFARI at $2067.05 = $510,561.36 (P&L: $26,947.72)
    🔴 SOLD 2,037 shares of GENUSPOWER at $246.40 = $501,916.79 (P&L: $-24,851.42)
    🔴 SOLD 92 shares of POLYCAB at $4922.10 = $452,833.21 (P&L: $9,687.63)
    🔴 SOLD 533 shares of GRAVITA at $995.15 = $530,414.96 (P&L: $45,305.00)
Total proceeds from sales: $5,273,344.23

🛒 BUY PHASE
Stocks already held: 10
New stocks to buy: 10
Available cash: $5,275,662.16
Allocation per new stock: $527,566.22
    🟢 BOUGHT 618 shares of WONDERLA at $853.20 = $527,277.61
    🟢 BOUGHT 1,827 shares of KALYANKJIL at $288.70 = $527,454.92
    🟢 BOUGHT 95 shares of SOLARINDS at $5500.50 = $522,547.50
    🟢 BOUGHT 1,575 shares of GABRIEL at $334.80 = $527,309.98
    🟢 BOUGHT 5,772 shares of APOLLO at $91.40 = $527,560.81
    🟢 BOUGHT 2,382 shares of JINDALSAW at $221.45 = $527,493.89
    🟢 BOUGHT 1,954 shares of ITI at $269.90 = $527,384.59
    🟢 BOUGHT 2,773 shares of EMIL at $190.25 = $527,563.25
    🟢 BOUGHT 552 shares of ANANDRATHI at $954.55 = $526,911.59
    🟢 BOUGHT 16,790 shares of CUPID at $31.42 = $527,541.80
Total spent on purchases: $5,269,045.94

📈 DAILY SNAPSHOT: 2023-10-31 00:00:00
Portfolio positions: 20
Portfolio market value: $11,924,474.86
Cash balance: $6,616.22
Total account value: $11,931,091.08
Period realized P&L: $528,045.07
Period unrealized P&L: $1,717,292.30
Total return: +1093.11%

📈 DAILY SNAPSHOT: 2023-11-13 00:00:00
Portfolio positions: 20
Portfolio market value: $13,374,045.81
Cash balance: $6,616.22
Total account value: $13,380,662.02
Total return: +1238.07%

🔄 REBALANCING #100: 2023-11-30 00:00:00 (Month-End)
------------------------------------------------------------
💰 Opening Balance: $66,653,188.94
📊 Top 20 stocks for 2023-11-30 00:00:00:
  ticker       Close  v61
     BSE  825.650024    1
  RECLTD  348.700012    2
  SUZLON   40.750000    3
     PFC  334.899994    4
TVSMOTOR 1864.500000    5
   TRENT 2787.000000    6
     MCX 3195.350098    7
   CUPID   42.382500    8
  APOLLO  124.849998    9
PRESTIGE 1002.900024   10
... and 10 more stocks

💰 SELL PHASE
Current holdings: 20
Stocks to sell: 12
    🔴 SOLD 618 shares of WONDERLA at $983.85 = $608,019.28 (P&L: $80,741.68)
    🔴 SOLD 95 shares of SOLARINDS at $6288.90 = $597,445.49 (P&L: $74,897.99)
    🔴 SOLD 4,588 shares of PRAKASH at $151.15 = $693,476.17 (P&L: $166,773.76)
    🔴 SOLD 1,575 shares of GABRIEL at $423.35 = $666,776.26 (P&L: $139,466.28)
    🔴 SOLD 2,382 shares of JINDALSAW at $232.32 = $553,398.14 (P&L: $25,904.25)
    🔴 SOLD 1,954 shares of ITI at $268.30 = $524,258.18 (P&L: $-3,126.41)
    🔴 SOLD 1,534 shares of JWL at $347.85 = $533,601.91 (P&L: $6,903.00)
    🔴 SOLD 2,347 shares of HSCL at $273.70 = $642,373.93 (P&L: $115,589.79)
    🔴 SOLD 418 shares of CHOLAHLDNG at $981.85 = $410,413.29 (P&L: $-74,654.79)
    🔴 SOLD 552 shares of ANANDRATHI at $1297.75 = $716,358.00 (P&L: $189,446.41)
    🔴 SOLD 9,742 shares of JAIBALAJI at $118.43 = $1,153,745.06 (P&L: $626,995.13)
    🔴 SOLD 6,339 shares of IRFC at $74.65 = $473,206.36 (P&L: $-12,044.11)
Total proceeds from sales: $7,573,072.08

🛒 BUY PHASE
Stocks already held: 8
New stocks to buy: 12
Available cash: $7,579,688.29
Allocation per new stock: $631,640.69
    🟢 BOUGHT 659 shares of MEDANTA at $957.35 = $630,893.63
    🟢 BOUGHT 3,797 shares of MARKSANS at $166.35 = $631,630.97
    🟢 BOUGHT 338 shares of TVSMOTOR at $1864.50 = $630,201.00
    🟢 BOUGHT 226 shares of TRENT at $2787.00 = $629,862.00
    🟢 BOUGHT 606 shares of AUROPHARMA at $1041.55 = $631,179.33
    🟢 BOUGHT 205 shares of ANGELONE at $3067.25 = $628,786.25
    🟢 BOUGHT 5,366 shares of ELECTCAST at $117.70 = $631,578.18
    🟢 BOUGHT 667 shares of CDSL at $946.90 = $631,582.32
    🟢 BOUGHT 197 shares of MCX at $3195.35 = $629,483.97
    🟢 BOUGHT 629 shares of PRESTIGE at $1002.90 = $630,824.12
    🟢 BOUGHT 2,475 shares of NIACL at $255.20 = $631,619.99
    🟢 BOUGHT 1,190 shares of WELCORP at $530.35 = $631,116.47
Total spent on purchases: $7,568,758.23

📈 DAILY SNAPSHOT: 2023-11-30 00:00:00
Portfolio positions: 20
Portfolio market value: $13,935,438.15
Cash balance: $10,930.06
Total account value: $13,946,368.21
Period realized P&L: $1,336,892.96
Period unrealized P&L: $2,395,676.47
Total return: +1294.64%

📈 DAILY SNAPSHOT: 2023-12-28 00:00:00
Portfolio positions: 20
Portfolio market value: $14,264,898.55
Cash balance: $10,930.06
Total account value: $14,275,828.61
Total return: +1327.58%

🔄 REBALANCING #101: 2023-12-29 00:00:00 (Month-End)
------------------------------------------------------------
💰 Opening Balance: $70,715,218.77
📊 Top 20 stocks for 2023-12-29 00:00:00:
   ticker       Close  v61
MANGLMCEM  746.150024    1
 INOXWIND  124.937500    2
      BSE  740.400024    3
   RECLTD  412.850006    4
    TRENT 3054.949951    5
 TVSMOTOR 2025.800049    6
      PFC  382.600006    7
 NLCINDIA  253.449997    8
     NTPC  311.149994    9
    ALKEM 5202.600098   10
... and 10 more stocks

💰 SELL PHASE
Current holdings: 20
Stocks to sell: 11
    🔴 SOLD 659 shares of MEDANTA at $959.15 = $632,079.87 (P&L: $1,186.23)
    🔴 SOLD 3,797 shares of MARKSANS at $161.10 = $611,696.72 (P&L: $-19,934.25)
    🔴 SOLD 606 shares of AUROPHARMA at $1084.00 = $656,904.00 (P&L: $25,724.67)
    🔴 SOLD 5,772 shares of APOLLO at $113.95 = $657,719.38 (P&L: $130,158.57)
    🔴 SOLD 5,366 shares of ELECTCAST at $110.70 = $594,016.18 (P&L: $-37,562.00)
    🔴 SOLD 2,773 shares of EMIL at $204.40 = $566,801.18 (P&L: $39,237.93)
    🔴 SOLD 667 shares of CDSL at $912.20 = $608,437.41 (P&L: $-23,144.91)
    🔴 SOLD 197 shares of MCX at $3199.85 = $630,370.47 (P&L: $886.50)
    🔴 SOLD 16,790 shares of CUPID at $56.02 = $940,575.81 (P&L: $413,034.01)
    🔴 SOLD 2,475 shares of NIACL at $210.35 = $520,616.27 (P&L: $-111,003.73)
    🔴 SOLD 1,190 shares of WELCORP at $548.15 = $652,298.53 (P&L: $21,182.06)
Total proceeds from sales: $7,071,515.82

🛒 BUY PHASE
Stocks already held: 9
New stocks to buy: 11
Available cash: $7,082,445.88
Allocation per new stock: $643,858.72
    🟢 BOUGHT 3,580 shares of GALLANTT at $179.80 = $643,684.01
    🟢 BOUGHT 229 shares of HAL at $2804.00 = $642,116.00
    🟢 BOUGHT 123 shares of ALKEM at $5202.60 = $639,919.81
    🟢 BOUGHT 9,213 shares of NMDC at $69.88 = $643,835.13
    🟢 BOUGHT 4,744 shares of TARC at $135.70 = $643,760.79
    🟢 BOUGHT 886 shares of DLF at $726.40 = $643,590.42
    🟢 BOUGHT 2,540 shares of NLCINDIA at $253.45 = $643,762.99
    🟢 BOUGHT 862 shares of MANGLMCEM at $746.15 = $643,181.32
    🟢 BOUGHT 94 shares of BAJAJ-AUTO at $6797.25 = $638,941.50
    🟢 BOUGHT 5,153 shares of INOXWIND at $124.94 = $643,802.94
    🟢 BOUGHT 2,069 shares of NTPC at $311.15 = $643,769.34
Total spent on purchases: $7,070,364.25

📈 DAILY SNAPSHOT: 2023-12-29 00:00:00
Portfolio positions: 20
Portfolio market value: $14,372,825.37
Cash balance: $12,081.63
Total account value: $14,384,907.00
Period realized P&L: $439,765.09
Period unrealized P&L: $2,394,450.17
Total return: +1338.49%

🔄 REBALANCING #102: 2024-01-31 00:00:00 (Month-End)
------------------------------------------------------------
💰 Opening Balance: $74,178,507.03
📊 Top 20 stocks for 2024-01-31 00:00:00:
    ticker       Close  v61
   UNITECH   16.350000    1
ANANDRATHI 1529.125000    2
 ELECTCAST  175.100006    3
    RECLTD  499.049988    4
     TRENT 3086.949951    5
      IRFC  175.149994    6
BAJAJ-AUTO 7667.549805    7
       PFC  443.250000    8
WEBELSOLAR  369.750000    9
   MANINDS  437.100006   10
... and 10 more stocks

💰 SELL PHASE
Current holdings: 20
Stocks to sell: 14
    🔴 SOLD 1,487 shares of BSE at $774.53 = $1,151,731.05 (P&L: $624,961.30)
    🔴 SOLD 338 shares of TVSMOTOR at $2001.35 = $676,456.29 (P&L: $46,255.29)
    🔴 SOLD 3,580 shares of GALLANTT at $191.80 = $686,644.01 (P&L: $42,960.00)
    🔴 SOLD 1,827 shares of KALYANKJIL at $350.20 = $639,815.42 (P&L: $112,360.50)
    🔴 SOLD 123 shares of ALKEM at $4996.05 = $614,514.13 (P&L: $-25,405.69)
    🔴 SOLD 205 shares of ANGELONE at $3285.35 = $673,496.77 (P&L: $44,710.52)
    🔴 SOLD 9,213 shares of NMDC at $73.28 = $675,159.35 (P&L: $31,324.21)
    🔴 SOLD 4,744 shares of TARC at $161.15 = $764,495.57 (P&L: $120,734.79)
    🔴 SOLD 18,809 shares of SUZLON at $45.95 = $864,273.56 (P&L: $379,001.38)
    🔴 SOLD 2,540 shares of NLCINDIA at $259.30 = $658,621.97 (P&L: $14,858.98)
    🔴 SOLD 629 shares of PRESTIGE at $1265.40 = $795,936.62 (P&L: $165,112.50)
    🔴 SOLD 862 shares of MANGLMCEM at $665.25 = $573,445.50 (P&L: $-69,735.82)
    🔴 SOLD 5,153 shares of INOXWIND at $119.50 = $615,783.50 (P&L: $-28,019.44)
    🔴 SOLD 2,069 shares of NTPC at $317.50 = $656,907.50 (P&L: $13,138.16)
Total proceeds from sales: $10,047,281.24

🛒 BUY PHASE
Stocks already held: 6
New stocks to buy: 14
Available cash: $10,059,362.87
Allocation per new stock: $718,525.92
    🟢 BOUGHT 625 shares of MEDANTA at $1148.30 = $717,687.53
    🟢 BOUGHT 319 shares of GLAXO at $2249.90 = $717,718.07
    🟢 BOUGHT 43,946 shares of UNITECH at $16.35 = $718,517.12
    🟢 BOUGHT 4,103 shares of ELECTCAST at $175.10 = $718,435.33
    🟢 BOUGHT 172 shares of PERSISTENT at $4176.58 = $718,370.93
    🟢 BOUGHT 3,147 shares of BHEL at $228.25 = $718,302.75
    🟢 BOUGHT 11,769 shares of IFCI at $61.05 = $718,497.44
    🟢 BOUGHT 2,281 shares of ARVIND at $315.00 = $718,515.00
    🟢 BOUGHT 812 shares of TATAMOTORS at $884.20 = $717,970.41
    🟢 BOUGHT 469 shares of ANANDRATHI at $1529.12 = $717,159.62
    🟢 BOUGHT 8,325 shares of NBCC at $86.30 = $718,447.53
    🟢 BOUGHT 1,943 shares of WEBELSOLAR at $369.75 = $718,424.25
    🟢 BOUGHT 1,643 shares of MANINDS at $437.10 = $718,155.31
    🟢 BOUGHT 4,102 shares of IRFC at $175.15 = $718,465.27
Total spent on purchases: $10,054,666.56

📈 DAILY SNAPSHOT: 2024-01-31 00:00:00
Portfolio positions: 20
Portfolio market value: $15,246,649.21
Cash balance: $4,696.31
Total account value: $15,251,345.51
Period realized P&L: $1,472,256.69
Period unrealized P&L: $1,788,632.00
Total return: +1425.13%

📈 DAILY SNAPSHOT: 2024-02-12 00:00:00
Portfolio positions: 20
Portfolio market value: $15,210,026.55
Cash balance: $4,696.31
Total account value: $15,214,722.86
Total return: +1421.47%

🔄 REBALANCING #103: 2024-02-29 00:00:00 (Month-End)
------------------------------------------------------------
💰 Opening Balance: $77,163,360.62
📊 Top 20 stocks for 2024-02-29 00:00:00:
    ticker       Close  v61
ANANDRATHI 1828.400024    1
SARVESHWAR   13.400000    2
       DLF  901.200012    3
  INOXWIND  150.699997    4
  KPIGREEN  580.049988    5
 SUNPHARMA 1577.949951    6
TATAMOTORS  950.200012    7
   MEDANTA 1364.199951    8
 KIRLOSENG  913.299988    9
BAJAJ-AUTO 7909.350098   10
... and 10 more stocks

💰 SELL PHASE
Current holdings: 20
Stocks to sell: 13
    🔴 SOLD 2,457 shares of PFC at $400.70 = $984,519.93 (P&L: $560,146.89)
    🔴 SOLD 319 shares of GLAXO at $2173.65 = $693,394.32 (P&L: $-24,323.75)
    🔴 SOLD 43,946 shares of UNITECH at $13.25 = $582,284.50 (P&L: $-136,232.62)
    🔴 SOLD 229 shares of HAL at $3084.05 = $706,247.46 (P&L: $64,131.46)
    🔴 SOLD 4,103 shares of ELECTCAST at $159.90 = $656,069.67 (P&L: $-62,365.65)
    🔴 SOLD 172 shares of PERSISTENT at $4315.17 = $742,210.07 (P&L: $23,839.13)
    🔴 SOLD 3,147 shares of BHEL at $227.55 = $716,099.86 (P&L: $-2,202.89)
    🔴 SOLD 11,769 shares of IFCI at $45.90 = $540,197.12 (P&L: $-178,300.32)
    🔴 SOLD 2,281 shares of ARVIND at $280.00 = $638,680.00 (P&L: $-79,835.00)
    🔴 SOLD 2,578 shares of RECLTD at $442.05 = $1,139,604.87 (P&L: $715,137.18)
    🔴 SOLD 1,643 shares of MANINDS at $392.55 = $644,959.63 (P&L: $-73,195.68)
    🔴 SOLD 8,325 shares of NBCC at $90.17 = $750,637.48 (P&L: $32,189.95)
    🔴 SOLD 4,102 shares of IRFC at $146.75 = $601,968.50 (P&L: $-116,496.77)
Total proceeds from sales: $9,396,873.41

🛒 BUY PHASE
Stocks already held: 7
New stocks to buy: 13
Available cash: $9,401,569.71
Allocation per new stock: $723,197.67
    🟢 BOUGHT 1,134 shares of SCHNEIDER at $637.20 = $722,584.81
    🟢 BOUGHT 4,798 shares of INOXWIND at $150.70 = $723,058.59
    🟢 BOUGHT 25 shares of BOSCHLTD at $28590.85 = $714,771.24
    🟢 BOUGHT 4,371 shares of ETERNAL at $165.45 = $723,181.94
    🟢 BOUGHT 53,969 shares of SARVESHWAR at $13.40 = $723,184.58
    🟢 BOUGHT 2,066 shares of ANANTRAJ at $350.00 = $723,100.00
    🟢 BOUGHT 607 shares of TATACONSUM at $1190.05 = $722,360.38
    🟢 BOUGHT 458 shares of SUNPHARMA at $1577.95 = $722,701.08
    🟢 BOUGHT 970 shares of SWANENERGY at $745.20 = $722,844.01
    🟢 BOUGHT 1,246 shares of KPIGREEN at $580.05 = $722,742.28
    🟢 BOUGHT 3,526 shares of BEL at $205.10 = $723,182.62
    🟢 BOUGHT 791 shares of KIRLOSENG at $913.30 = $722,420.29
    🟢 BOUGHT 993 shares of TATAINVEST at $728.09 = $722,988.43
Total spent on purchases: $9,389,120.25

📈 DAILY SNAPSHOT: 2024-02-29 00:00:00
Portfolio positions: 20
Portfolio market value: $15,050,934.98
Cash balance: $12,449.46
Total account value: $15,063,384.45
Period realized P&L: $722,491.93
Period unrealized P&L: $878,179.00
Total return: +1406.34%

📈 DAILY SNAPSHOT: 2024-03-27 00:00:00
Portfolio positions: 20
Portfolio market value: $14,703,629.65
Cash balance: $12,449.46
Total account value: $14,716,079.11
Total return: +1371.61%

🔄 REBALANCING #104: 2024-03-28 00:00:00 (Month-End)
------------------------------------------------------------
💰 Opening Balance: $78,416,726.22
📊 Top 20 stocks for 2024-03-28 00:00:00:
    ticker        Close  v61
ANANDRATHI  1847.175049    1
BAJAJ-AUTO  9148.150391    2
TATAMOTORS   992.799988    3
 SUNPHARMA  1620.550049    4
  BOSCHLTD 30031.300781    5
 ELECTCAST   178.199997    6
CUMMINSIND  3006.250000    7
  KPIGREEN   507.666656    8
   MEDANTA  1321.150024    9
   ETERNAL   182.100006   10
... and 10 more stocks

💰 SELL PHASE
Current holdings: 20
Stocks to sell: 10
    🔴 SOLD 1,134 shares of SCHNEIDER at $741.05 = $840,350.69 (P&L: $117,765.87)
    🔴 SOLD 4,798 shares of INOXWIND at $130.40 = $625,659.17 (P&L: $-97,399.41)
    🔴 SOLD 993 shares of TATAINVEST at $624.40 = $620,024.25 (P&L: $-102,964.17)
    🔴 SOLD 53,969 shares of SARVESHWAR at $9.45 = $510,007.04 (P&L: $-213,177.54)
    🔴 SOLD 2,066 shares of ANANTRAJ at $311.35 = $643,249.11 (P&L: $-79,850.89)
    🔴 SOLD 607 shares of TATACONSUM at $1096.20 = $665,393.37 (P&L: $-56,967.01)
    🔴 SOLD 970 shares of SWANENERGY at $669.95 = $649,851.51 (P&L: $-72,992.50)
    🔴 SOLD 3,526 shares of BEL at $201.50 = $710,489.00 (P&L: $-12,693.62)
    🔴 SOLD 791 shares of KIRLOSENG at $859.45 = $679,824.96 (P&L: $-42,595.33)
    🔴 SOLD 1,943 shares of WEBELSOLAR at $485.30 = $942,937.88 (P&L: $224,513.63)
Total proceeds from sales: $6,887,786.98

🛒 BUY PHASE
Stocks already held: 10
New stocks to buy: 10
Available cash: $6,900,236.45
Allocation per new stock: $690,023.64
    🟢 BOUGHT 1,724 shares of OIL at $400.17 = $689,887.32
    🟢 BOUGHT 78 shares of OFSS at $8774.10 = $684,379.77
    🟢 BOUGHT 561 shares of BHARTIARTL at $1228.60 = $689,244.59
    🟢 BOUGHT 781 shares of CHALET at $883.30 = $689,857.29
    🟢 BOUGHT 5,937 shares of CANBK at $116.21 = $689,938.76
    🟢 BOUGHT 3,872 shares of ELECTCAST at $178.20 = $689,990.39
    🟢 BOUGHT 1,167 shares of INDHOTEL at $591.15 = $689,872.08
    🟢 BOUGHT 1,535 shares of EIHOTEL at $449.50 = $689,982.50
    🟢 BOUGHT 229 shares of CUMMINSIND at $3006.25 = $688,431.25
    🟢 BOUGHT 508 shares of TORNTPOWER at $1357.95 = $689,838.58
Total spent on purchases: $6,891,422.52

📈 DAILY SNAPSHOT: 2024-03-28 00:00:00
Portfolio positions: 20
Portfolio market value: $14,858,042.33
Cash balance: $8,813.93
Total account value: $14,866,856.26
Period realized P&L: $-336,360.98
Period unrealized P&L: $1,018,011.79
Total return: +1386.69%

🔄 REBALANCING #105: 2024-04-30 00:00:00 (Month-End)
------------------------------------------------------------
💰 Opening Balance: $79,685,831.55
📊 Top 20 stocks for 2024-04-30 00:00:00:
    ticker       Close  v61
WEBELSOLAR  681.049988    1
CUMMINSIND 3275.449951    2
     TARIL  313.549988    3
ANANDRATHI 1999.125000    4
       HAL 3939.350098    5
   SIEMENS 3429.074951    6
     TRENT 4409.899902    7
  KPIGREEN  602.799988    8
BAJAJ-AUTO 8903.650391    9
   ETERNAL  193.149994   10
... and 10 more stocks

💰 SELL PHASE
Current holdings: 20
Stocks to sell: 9
    🔴 SOLD 1,724 shares of OIL at $413.43 = $712,759.04 (P&L: $22,871.73)
    🔴 SOLD 78 shares of OFSS at $7598.65 = $592,694.69 (P&L: $-91,685.08)
    🔴 SOLD 561 shares of BHARTIARTL at $1322.30 = $741,810.33 (P&L: $52,565.74)
    🔴 SOLD 781 shares of CHALET at $864.90 = $675,486.92 (P&L: $-14,370.37)
    🔴 SOLD 3,872 shares of ELECTCAST at $192.00 = $743,424.00 (P&L: $53,433.61)
    🔴 SOLD 1,167 shares of INDHOTEL at $576.75 = $673,067.25 (P&L: $-16,804.83)
    🔴 SOLD 886 shares of DLF at $891.85 = $790,179.08 (P&L: $146,588.66)
    🔴 SOLD 458 shares of SUNPHARMA at $1502.10 = $687,961.79 (P&L: $-34,739.29)
    🔴 SOLD 1,535 shares of EIHOTEL at $478.35 = $734,267.26 (P&L: $44,284.76)
Total proceeds from sales: $6,351,650.36

🛒 BUY PHASE
Stocks already held: 11
New stocks to buy: 9
Available cash: $6,360,464.28
Allocation per new stock: $706,718.25
    🟢 BOUGHT 84 shares of DIXON at $8341.75 = $700,707.00
    🟢 BOUGHT 179 shares of HAL at $3939.35 = $705,143.67
    🟢 BOUGHT 206 shares of SIEMENS at $3429.07 = $706,389.44
    🟢 BOUGHT 3,023 shares of BEL at $233.75 = $706,626.25
    🟢 BOUGHT 4,504 shares of INOXWIND at $156.90 = $706,677.57
    🟢 BOUGHT 2,253 shares of TARIL at $313.55 = $706,428.12
    🟢 BOUGHT 2,508 shares of BHEL at $281.70 = $706,503.63
    🟢 BOUGHT 73 shares of POWERINDIA at $9578.75 = $699,248.75
    🟢 BOUGHT 1,037 shares of WEBELSOLAR at $681.05 = $706,248.84
Total spent on purchases: $6,343,973.27

📈 DAILY SNAPSHOT: 2024-04-30 00:00:00
Portfolio positions: 20
Portfolio market value: $15,417,197.13
Cash balance: $16,491.01
Total account value: $15,433,688.14
Period realized P&L: $162,144.93
Period unrealized P&L: $1,422,698.74
Total return: +1443.37%

📈 DAILY SNAPSHOT: 2024-05-14 00:00:00
Portfolio positions: 20
Portfolio market value: $15,388,564.68
Cash balance: $16,491.01
Total account value: $15,405,055.70
Total return: +1440.51%

🔄 REBALANCING #106: 2024-05-31 00:00:00 (Month-End)
------------------------------------------------------------
💰 Opening Balance: $81,630,478.87
📊 Top 20 stocks for 2024-05-31 00:00:00:
    ticker       Close  v61
       HAL 4973.850098    1
   SIEMENS 4090.183105    2
     TARIL  350.000000    3
       BEL  295.950012    4
COCHINSHIP 1947.650024    5
CUMMINSIND 3551.300049    6
  RTNPOWER   19.150000    7
       BDL 1557.349976    8
 KIRLOSENG 1246.099976    9
     DIXON 9396.349609   10
... and 10 more stocks

💰 SELL PHASE
Current holdings: 20
Stocks to sell: 11
    🔴 SOLD 625 shares of MEDANTA at $1191.85 = $744,906.23 (P&L: $27,218.70)
    🔴 SOLD 5,937 shares of CANBK at $118.00 = $700,566.00 (P&L: $10,627.24)
    🔴 SOLD 25 shares of BOSCHLTD at $30393.75 = $759,843.75 (P&L: $45,072.51)
    🔴 SOLD 4,371 shares of ETERNAL at $179.15 = $783,064.62 (P&L: $59,882.69)
    🔴 SOLD 812 shares of TATAMOTORS at $923.00 = $749,476.00 (P&L: $31,505.59)
    🔴 SOLD 469 shares of ANANDRATHI at $2097.70 = $983,821.28 (P&L: $266,661.65)
    🔴 SOLD 1,037 shares of WEBELSOLAR at $556.00 = $576,572.00 (P&L: $-129,676.84)
    🔴 SOLD 94 shares of BAJAJ-AUTO at $9084.75 = $853,966.50 (P&L: $215,025.00)
    🔴 SOLD 1,246 shares of KPIGREEN at $607.48 = $756,924.24 (P&L: $34,181.95)
    🔴 SOLD 4,504 shares of INOXWIND at $148.95 = $670,870.79 (P&L: $-35,806.79)
    🔴 SOLD 508 shares of TORNTPOWER at $1501.80 = $762,914.42 (P&L: $73,075.85)
Total proceeds from sales: $8,342,925.83

🛒 BUY PHASE
Stocks already held: 9
New stocks to buy: 11
Available cash: $8,359,416.85
Allocation per new stock: $759,946.99
    🟢 BOUGHT 303 shares of M&M at $2506.25 = $759,393.75
    🟢 BOUGHT 398 shares of HAVELLS at $1907.30 = $759,105.42
    🟢 BOUGHT 7,536 shares of MOTHERSON at $100.83 = $759,880.02
    🟢 BOUGHT 553 shares of BHARTIARTL at $1372.75 = $759,130.75
    🟢 BOUGHT 487 shares of BDL at $1557.35 = $758,429.44
    🟢 BOUGHT 91 shares of ABB at $8317.95 = $756,933.47
    🟢 BOUGHT 1,836 shares of SHAKTIPUMP at $413.83 = $759,782.72
    🟢 BOUGHT 390 shares of COCHINSHIP at $1947.65 = $759,583.51
    🟢 BOUGHT 2,775 shares of HUDCO at $273.80 = $759,794.97
    🟢 BOUGHT 609 shares of KIRLOSENG at $1246.10 = $758,874.89
    🟢 BOUGHT 39,683 shares of RTNPOWER at $19.15 = $759,929.43
Total spent on purchases: $8,350,838.36

📈 DAILY SNAPSHOT: 2024-05-31 00:00:00
Portfolio positions: 20
Portfolio market value: $15,935,494.26
Cash balance: $8,578.49
Total account value: $15,944,072.74
Period realized P&L: $597,767.56
Period unrealized P&L: $1,335,315.78
Total return: +1494.41%

📈 DAILY SNAPSHOT: 2024-06-27 00:00:00
Portfolio positions: 20
Portfolio market value: $17,646,654.14
Cash balance: $8,578.49
Total account value: $17,655,232.63
Total return: +1665.52%

🔄 REBALANCING #107: 2024-06-28 00:00:00 (Month-End)
------------------------------------------------------------
💰 Opening Balance: $85,274,722.09
📊 Top 20 stocks for 2024-06-28 00:00:00:
    ticker        Close  v61
SHAKTIPUMP   610.783325    1
     TARIL   361.424988    2
 MOTHERSON   126.873337    3
COCHINSHIP  2215.149902    4
 KIRLOSENG  1393.250000    5
     TRENT  5479.850098    6
     DIXON 11971.299805    7
 PREMEXPLN   746.549988    8
       M&M  2866.649902    9
SHARDAMOTR  2202.199951   10
... and 10 more stocks

💰 SELL PHASE
Current holdings: 20
Stocks to sell: 7
    🔴 SOLD 398 shares of HAVELLS at $1822.40 = $725,315.21 (P&L: $-33,790.21)
    🔴 SOLD 553 shares of BHARTIARTL at $1444.05 = $798,559.68 (P&L: $39,428.93)
    🔴 SOLD 487 shares of BDL at $1596.60 = $777,544.19 (P&L: $19,114.75)
    🔴 SOLD 2,508 shares of BHEL at $300.85 = $754,531.82 (P&L: $48,028.18)
    🔴 SOLD 91 shares of ABB at $8490.90 = $772,671.94 (P&L: $15,738.47)
    🔴 SOLD 3,023 shares of BEL at $305.90 = $924,735.68 (P&L: $218,109.43)
    🔴 SOLD 2,775 shares of HUDCO at $281.20 = $780,330.03 (P&L: $20,535.07)
Total proceeds from sales: $5,533,688.54

🛒 BUY PHASE
Stocks already held: 13
New stocks to buy: 7
Available cash: $5,542,267.03
Allocation per new stock: $791,752.43
    🟢 BOUGHT 1,060 shares of PREMEXPLN at $746.55 = $791,342.99
    🟢 BOUGHT 345 shares of VEEDOL at $2291.25 = $790,481.25
    🟢 BOUGHT 359 shares of SHARDAMOTR at $2202.20 = $790,589.78
    🟢 BOUGHT 1,402 shares of EXIDEIND at $564.50 = $791,429.00
    🟢 BOUGHT 484 shares of BLUESTARCO at $1634.55 = $791,122.22
    🟢 BOUGHT 1,148 shares of JWL at $689.25 = $791,259.00
    🟢 BOUGHT 1,506 shares of ITDCEM at $525.65 = $791,628.94
Total spent on purchases: $5,537,853.18

📈 DAILY SNAPSHOT: 2024-06-28 00:00:00
Portfolio positions: 20
Portfolio market value: $17,686,737.25
Cash balance: $4,413.85
Total account value: $17,691,151.10
Period realized P&L: $327,164.62
Period unrealized P&L: $2,755,229.52
Total return: +1669.12%

🔄 REBALANCING #108: 2024-07-31 00:00:00 (Month-End)
------------------------------------------------------------
💰 Opening Balance: $88,503,872.66
📊 Top 20 stocks for 2024-07-31 00:00:00:
    ticker        Close  v61
SHAKTIPUMP   712.825012    1
     GVT&D  1585.050049    2
    MARINE   261.109985    3
     TRENT  5839.000000    4
WALCHANNAG   418.890015    5
COCHINSHIP  2620.149902    6
 MOTHERSON   131.046661    7
     DIXON 12106.450195    8
    SUZLON    69.379997    9
  GLENMARK  1468.750000   10
... and 10 more stocks

💰 SELL PHASE
Current holdings: 20
Stocks to sell: 12
    🔴 SOLD 1,060 shares of PREMEXPLN at $661.05 = $700,712.99 (P&L: $-90,630.00)
    🔴 SOLD 179 shares of HAL at $4922.85 = $881,190.17 (P&L: $176,046.50)
    🔴 SOLD 206 shares of SIEMENS at $4187.01 = $862,523.81 (P&L: $156,134.37)
    🔴 SOLD 359 shares of SHARDAMOTR at $2440.35 = $876,085.69 (P&L: $85,495.90)
    🔴 SOLD 1,402 shares of EXIDEIND at $523.30 = $733,666.58 (P&L: $-57,762.42)
    🔴 SOLD 484 shares of BLUESTARCO at $1723.70 = $834,270.78 (P&L: $43,148.55)
    🔴 SOLD 2,253 shares of TARIL at $372.23 = $838,622.94 (P&L: $132,194.82)
    🔴 SOLD 1,148 shares of JWL at $609.30 = $699,476.39 (P&L: $-91,782.61)
    🔴 SOLD 1,506 shares of ITDCEM at $512.75 = $772,201.50 (P&L: $-19,427.44)
    🔴 SOLD 229 shares of CUMMINSIND at $3852.35 = $882,188.17 (P&L: $193,756.92)
    🔴 SOLD 73 shares of POWERINDIA at $11607.10 = $847,318.27 (P&L: $148,069.52)
    🔴 SOLD 609 shares of KIRLOSENG at $1234.20 = $751,627.77 (P&L: $-7,247.11)
Total proceeds from sales: $9,679,885.05

🛒 BUY PHASE
Stocks already held: 8
New stocks to buy: 12
Available cash: $9,684,298.90
Allocation per new stock: $807,024.91
    🟢 BOUGHT 1,815 shares of PGEL at $444.50 = $806,767.50
    🟢 BOUGHT 1,397 shares of OIL at $577.55 = $806,837.33
    🟢 BOUGHT 73 shares of OFSS at $11044.85 = $806,274.02
    🟢 BOUGHT 509 shares of GVT&D at $1585.05 = $806,790.47
    🟢 BOUGHT 1,926 shares of WALCHANNAG at $418.89 = $806,782.17
    🟢 BOUGHT 473 shares of ZENTEC at $1705.15 = $806,535.96
    🟢 BOUGHT 1,392 shares of KALYANKJIL at $579.40 = $806,524.83
    🟢 BOUGHT 3,090 shares of MARINE at $261.11 = $806,829.85
    🟢 BOUGHT 549 shares of GLENMARK at $1468.75 = $806,343.75
    🟢 BOUGHT 11,631 shares of SUZLON at $69.38 = $806,958.75
    🟢 BOUGHT 1,764 shares of NAVA at $457.45 = $806,941.82
    🟢 BOUGHT 331 shares of KIRLOSBROS at $2437.00 = $806,647.00
Total spent on purchases: $9,680,233.47

📈 DAILY SNAPSHOT: 2024-07-31 00:00:00
Portfolio positions: 20
Portfolio market value: $17,851,122.15
Cash balance: $4,065.43
Total account value: $17,855,187.58
Period realized P&L: $667,997.00
Period unrealized P&L: $2,251,269.00
Total return: +1685.52%

📈 DAILY SNAPSHOT: 2024-08-09 00:00:00
Portfolio positions: 20
Portfolio market value: $17,657,350.88
Cash balance: $4,065.43
Total account value: $17,661,416.30
Total return: +1666.14%

🔄 REBALANCING #109: 2024-08-30 00:00:00 (Month-End)
------------------------------------------------------------
💰 Opening Balance: $91,701,557.78
📊 Top 20 stocks for 2024-08-30 00:00:00:
    ticker       Close  v61
  GLENMARK 1731.750000    1
SHAKTIPUMP  745.275024    2
   GMRP&UI  137.910004    3
     TRENT 7158.750000    4
      STAR 1340.050049    5
PCJEWELLER   11.087000    6
WEBELSOLAR  948.299988    7
    COLPAL 3640.350098    8
  GRANULES  718.099976    9
      ERIS 1388.199951   10
... and 10 more stocks

💰 SELL PHASE
Current holdings: 20
Stocks to sell: 11
    🔴 SOLD 73 shares of OFSS at $10988.70 = $802,175.11 (P&L: $-4,098.91)
    🔴 SOLD 345 shares of VEEDOL at $2609.40 = $900,242.97 (P&L: $109,761.72)
    🔴 SOLD 7,536 shares of MOTHERSON at $130.19 = $981,086.68 (P&L: $221,206.66)
    🔴 SOLD 1,926 shares of WALCHANNAG at $339.60 = $654,069.61 (P&L: $-152,712.56)
    🔴 SOLD 473 shares of ZENTEC at $1696.65 = $802,515.46 (P&L: $-4,020.50)
    🔴 SOLD 3,090 shares of MARINE at $261.65 = $808,498.48 (P&L: $1,668.63)
    🔴 SOLD 1,764 shares of NAVA at $476.23 = $840,060.91 (P&L: $33,119.09)
    🔴 SOLD 390 shares of COCHINSHIP at $1886.65 = $735,793.51 (P&L: $-23,790.00)
    🔴 SOLD 331 shares of KIRLOSBROS at $1805.60 = $597,653.59 (P&L: $-208,993.41)
    🔴 SOLD 303 shares of M&M at $2805.40 = $850,036.17 (P&L: $90,642.42)
    🔴 SOLD 39,683 shares of RTNPOWER at $16.20 = $642,864.63 (P&L: $-117,064.80)
Total proceeds from sales: $8,614,997.12

🛒 BUY PHASE
Stocks already held: 9
New stocks to buy: 11
Available cash: $8,619,062.55
Allocation per new stock: $783,551.14
    🟢 BOUGHT 405 shares of AURIONPRO at $1932.50 = $782,662.50
    🟢 BOUGHT 1,602 shares of PCBL at $488.90 = $783,217.79
    🟢 BOUGHT 70,672 shares of PCJEWELLER at $11.09 = $783,540.46
    🟢 BOUGHT 1,091 shares of GRANULES at $718.10 = $783,447.07
    🟢 BOUGHT 215 shares of COLPAL at $3640.35 = $782,675.27
    🟢 BOUGHT 826 shares of WEBELSOLAR at $948.30 = $783,295.79
    🟢 BOUGHT 564 shares of ERIS at $1388.20 = $782,944.77
    🟢 BOUGHT 584 shares of STAR at $1340.05 = $782,589.23
    🟢 BOUGHT 5,681 shares of GMRP&UI at $137.91 = $783,466.73
    🟢 BOUGHT 743 shares of SHAILY at $1054.55 = $783,530.69
    🟢 BOUGHT 745 shares of WOCKPHARMA at $1050.60 = $782,696.98
Total spent on purchases: $8,614,067.28

📈 DAILY SNAPSHOT: 2024-08-30 00:00:00
Portfolio positions: 20
Portfolio market value: $18,256,360.39
Cash balance: $4,995.27
Total account value: $18,261,355.66
Period realized P&L: $-54,281.67
Period unrealized P&L: $2,711,718.75
Total return: +1726.14%

📈 DAILY SNAPSHOT: 2024-09-23 00:00:00
Portfolio positions: 20
Portfolio market value: $18,524,447.88
Cash balance: $4,995.27
Total account value: $18,529,443.15
Total return: +1752.94%

🔄 REBALANCING #110: 2024-09-30 00:00:00 (Month-End)
------------------------------------------------------------
💰 Opening Balance: $95,093,434.02
📊 Top 20 stocks for 2024-09-30 00:00:00:
    ticker        Close  v61
PCJEWELLER    17.816999    1
   GMRP&UI   159.699997    2
      PCBL   577.599976    3
WEBELSOLAR  1090.849976    4
    COLPAL  3804.500000    5
     TRENT  7574.649902    6
      PGEL   643.099976    7
      HSCL   661.650024    8
BAJAJ-AUTO 12345.950195    9
  ANANTRAJ   704.400024   10
... and 10 more stocks

💰 SELL PHASE
Current holdings: 20
Stocks to sell: 9
    🔴 SOLD 405 shares of AURIONPRO at $1637.20 = $663,065.98 (P&L: $-119,596.52)
    🔴 SOLD 1,397 shares of OIL at $580.65 = $811,168.08 (P&L: $4,330.75)
    🔴 SOLD 509 shares of GVT&D at $1681.00 = $855,629.00 (P&L: $48,838.53)
    🔴 SOLD 1,091 shares of GRANULES at $558.60 = $609,432.57 (P&L: $-174,014.50)
    🔴 SOLD 84 shares of DIXON at $13802.95 = $1,159,447.82 (P&L: $458,740.82)
    🔴 SOLD 743 shares of SHAILY at $1009.85 = $750,318.53 (P&L: $-33,212.15)
    🔴 SOLD 564 shares of ERIS at $1332.70 = $751,642.77 (P&L: $-31,302.00)
    🔴 SOLD 1,836 shares of SHAKTIPUMP at $711.78 = $1,306,818.94 (P&L: $547,036.22)
    🔴 SOLD 745 shares of WOCKPHARMA at $978.35 = $728,870.73 (P&L: $-53,826.25)
Total proceeds from sales: $7,636,394.44

🛒 BUY PHASE
Stocks already held: 11
New stocks to buy: 9
Available cash: $7,641,389.71
Allocation per new stock: $849,043.30
    🟢 BOUGHT 3,707 shares of PPLPHARMA at $229.01 = $848,940.05
    🟢 BOUGHT 1,916 shares of SARDAEN at $443.00 = $848,788.00
    🟢 BOUGHT 1,041 shares of OPTIEMUS at $815.35 = $848,779.32
    🟢 BOUGHT 870 shares of POCL at $975.12 = $848,358.75
    🟢 BOUGHT 1,205 shares of ANANTRAJ at $704.40 = $848,802.03
    🟢 BOUGHT 1,283 shares of HSCL at $661.65 = $848,896.98
    🟢 BOUGHT 440 shares of SUNPHARMA at $1926.70 = $847,747.98
    🟢 BOUGHT 149 shares of MCX at $5660.30 = $843,384.67
    🟢 BOUGHT 68 shares of BAJAJ-AUTO at $12345.95 = $839,524.61
Total spent on purchases: $7,623,222.40

📈 DAILY SNAPSHOT: 2024-09-30 00:00:00
Portfolio positions: 20
Portfolio market value: $18,996,400.22
Cash balance: $18,167.31
Total account value: $19,014,567.53
Period realized P&L: $646,994.89
Period unrealized P&L: $2,817,935.73
Total return: +1801.46%

🔄 REBALANCING #111: 2024-10-31 00:00:00 (Month-End)
------------------------------------------------------------
💰 Opening Balance: $97,422,231.80
📊 Top 20 stocks for 2024-10-31 00:00:00:
    ticker       Close  v61
WEBELSOLAR 1421.750000    1
PCJEWELLER   15.631000    2
      STAR 1555.500000    3
      ANUP 3481.600098    4
     KITEX  194.699997    5
   POLYMED 2874.300049    6
       MCX 6515.899902    7
     TRENT 7128.350098    8
WOCKPHARMA 1208.349976    9
  GLENMARK 1694.550049   10
... and 10 more stocks

💰 SELL PHASE
Current holdings: 20
Stocks to sell: 10
    🔴 SOLD 1,602 shares of PCBL at $410.95 = $658,341.92 (P&L: $-124,875.87)
    🔴 SOLD 1,392 shares of KALYANKJIL at $657.15 = $914,752.83 (P&L: $108,228.00)
    🔴 SOLD 1,041 shares of OPTIEMUS at $672.40 = $699,968.43 (P&L: $-148,810.90)
    🔴 SOLD 870 shares of POCL at $979.80 = $852,425.99 (P&L: $4,067.24)
    🔴 SOLD 11,631 shares of SUZLON at $66.95 = $778,695.41 (P&L: $-28,263.33)
    🔴 SOLD 1,283 shares of HSCL at $573.05 = $735,223.13 (P&L: $-113,673.85)
    🔴 SOLD 215 shares of COLPAL at $3062.50 = $658,437.50 (P&L: $-124,237.77)
    🔴 SOLD 440 shares of SUNPHARMA at $1848.90 = $813,516.01 (P&L: $-34,231.97)
    🔴 SOLD 68 shares of BAJAJ-AUTO at $9836.30 = $668,868.39 (P&L: $-170,656.23)
    🔴 SOLD 5,681 shares of GMRP&UI at $117.78 = $669,108.17 (P&L: $-114,358.56)
Total proceeds from sales: $7,449,337.79

🛒 BUY PHASE
Stocks already held: 10
New stocks to buy: 10
Available cash: $7,467,505.10
Allocation per new stock: $746,750.51
    🟢 BOUGHT 420 shares of WABAG at $1777.95 = $746,738.98
    🟢 BOUGHT 126 shares of DIVISLAB at $5889.65 = $742,095.89
    🟢 BOUGHT 840 shares of TIPSMUSIC at $888.65 = $746,466.02
    🟢 BOUGHT 214 shares of ANUP at $3481.60 = $745,062.42
    🟢 BOUGHT 3,835 shares of KITEX at $194.70 = $746,674.49
    🟢 BOUGHT 182 shares of GRWRHITECH at $4086.20 = $743,688.39
    🟢 BOUGHT 259 shares of POLYMED at $2874.30 = $744,443.71
    🟢 BOUGHT 51 shares of NEULANDLAB at $14606.60 = $744,936.58
    🟢 BOUGHT 617 shares of WOCKPHARMA at $1208.35 = $745,551.93
    🟢 BOUGHT 616 shares of JUBLPHARMA at $1211.75 = $746,438.00
Total spent on purchases: $7,452,096.42

📈 DAILY SNAPSHOT: 2024-10-31 00:00:00
Portfolio positions: 20
Portfolio market value: $18,066,016.60
Cash balance: $15,408.68
Total account value: $18,081,425.28
Period realized P&L: $-746,813.23
Period unrealized P&L: $2,631,606.71
Total return: +1708.14%

📈 DAILY SNAPSHOT: 2024-11-05 00:00:00
Portfolio positions: 20
Portfolio market value: $18,250,324.22
Cash balance: $15,408.68
Total account value: $18,265,732.90
Total return: +1726.57%

🔄 REBALANCING #112: 2024-11-29 00:00:00 (Month-End)
------------------------------------------------------------
💰 Opening Balance: $99,314,361.14
📊 Top 20 stocks for 2024-11-29 00:00:00:
    ticker       Close  v61
       E2E 4437.899902    1
PCJEWELLER   16.378000    2
WINDMACHIN  342.640015    3
     KITEX  247.483337    4
WOCKPHARMA 1404.250000    5
      STAR 1635.349976    6
WEBELSOLAR 1268.750000    7
      PGEL  723.000000    8
GRWRHITECH 4937.049805    9
   COFORGE 1737.170044   10
... and 10 more stocks

💰 SELL PHASE
Current holdings: 20
Stocks to sell: 9
    🔴 SOLD 3,707 shares of PPLPHARMA at $268.75 = $996,256.25 (P&L: $147,316.20)
    🔴 SOLD 840 shares of TIPSMUSIC at $859.05 = $721,601.99 (P&L: $-24,864.03)
    🔴 SOLD 1,916 shares of SARDAEN at $447.00 = $856,452.00 (P&L: $7,664.00)
    🔴 SOLD 226 shares of TRENT at $6795.40 = $1,535,760.38 (P&L: $905,898.38)
    🔴 SOLD 1,205 shares of ANANTRAJ at $673.45 = $811,507.26 (P&L: $-37,294.76)
    🔴 SOLD 549 shares of GLENMARK at $1528.65 = $839,228.86 (P&L: $32,885.11)
    🔴 SOLD 149 shares of MCX at $6185.35 = $921,617.16 (P&L: $78,232.49)
    🔴 SOLD 259 shares of POLYMED at $2782.60 = $720,693.43 (P&L: $-23,750.29)
    🔴 SOLD 616 shares of JUBLPHARMA at $1234.25 = $760,298.00 (P&L: $13,860.00)
Total proceeds from sales: $8,163,415.34

🛒 BUY PHASE
Stocks already held: 11
New stocks to buy: 9
Available cash: $8,178,824.02
Allocation per new stock: $908,758.22
    🟢 BOUGHT 57 shares of DIXON at $15807.40 = $901,021.82
    🟢 BOUGHT 1,444 shares of BBOX at $628.95 = $908,203.82
    🟢 BOUGHT 204 shares of E2E at $4437.90 = $905,331.58
    🟢 BOUGHT 1,127 shares of SHARDACROP at $805.85 = $908,192.92
    🟢 BOUGHT 2,652 shares of WINDMACHIN at $342.64 = $908,681.32
    🟢 BOUGHT 941 shares of AVALON at $964.90 = $907,970.92
    🟢 BOUGHT 523 shares of COFORGE at $1737.17 = $908,539.93
    🟢 BOUGHT 700 shares of SHAILY at $1297.35 = $908,144.98
    🟢 BOUGHT 357 shares of PIXTRANS at $2545.45 = $908,725.63
Total spent on purchases: $8,164,812.93

📈 DAILY SNAPSHOT: 2024-11-29 00:00:00
Portfolio positions: 20
Portfolio market value: $18,517,614.42
Cash balance: $14,011.08
Total account value: $18,531,625.50
Period realized P&L: $1,099,947.10
Period unrealized P&L: $1,981,859.83
Total return: +1753.16%

📈 DAILY SNAPSHOT: 2024-12-19 00:00:00
Portfolio positions: 20
Portfolio market value: $19,316,159.71
Cash balance: $14,011.08
Total account value: $19,330,170.80
Total return: +1833.02%

🔄 REBALANCING #113: 2024-12-31 00:00:00 (Month-End)
------------------------------------------------------------
💰 Opening Balance: $102,527,865.62
📊 Top 20 stocks for 2024-12-31 00:00:00:
    ticker       Close  v61
WEBELSOLAR 1656.849976    1
    KERNEX 1345.800049    2
SHAKTIPUMP 1067.599976    3
    ZENTEC 2445.649902    4
   63MOONS  904.400024    5
      PGEL  980.599976    6
   COFORGE 1932.589966    7
  KFINTECH 1537.250000    8
WOCKPHARMA 1416.849976    9
    SHAILY 1439.599976   10
... and 10 more stocks

💰 SELL PHASE
Current holdings: 20
Stocks to sell: 12
    🔴 SOLD 420 shares of WABAG at $1643.10 = $690,101.99 (P&L: $-56,636.99)
    🔴 SOLD 126 shares of DIVISLAB at $6098.80 = $768,448.78 (P&L: $26,352.89)
    🔴 SOLD 70,672 shares of PCJEWELLER at $15.87 = $1,121,564.63 (P&L: $338,024.18)
    🔴 SOLD 214 shares of ANUP at $3498.65 = $748,711.08 (P&L: $3,648.66)
    🔴 SOLD 204 shares of E2E at $4047.85 = $825,761.42 (P&L: $-79,570.16)
    🔴 SOLD 3,835 shares of KITEX at $222.40 = $852,903.98 (P&L: $106,229.49)
    🔴 SOLD 1,127 shares of SHARDACROP at $796.10 = $897,204.67 (P&L: $-10,988.25)
    🔴 SOLD 2,652 shares of WINDMACHIN at $356.25 = $944,775.00 (P&L: $36,093.68)
    🔴 SOLD 941 shares of AVALON at $964.00 = $907,124.00 (P&L: $-846.92)
    🔴 SOLD 584 shares of STAR at $659.40 = $385,089.61 (P&L: $-397,499.61)
    🔴 SOLD 51 shares of NEULANDLAB at $13723.80 = $699,913.79 (P&L: $-45,022.79)
    🔴 SOLD 357 shares of PIXTRANS at $2508.00 = $895,356.00 (P&L: $-13,369.63)
Total proceeds from sales: $9,736,954.95

🛒 BUY PHASE
Stocks already held: 8
New stocks to buy: 12
Available cash: $9,750,966.03
Allocation per new stock: $812,580.50
    🟢 BOUGHT 391 shares of GVT&D at $2075.90 = $811,676.86
    🟢 BOUGHT 332 shares of ZENTEC at $2445.65 = $811,955.77
    🟢 BOUGHT 898 shares of 63MOONS at $904.40 = $812,151.22
    🟢 BOUGHT 949 shares of ANANTRAJ at $855.35 = $811,727.13
    🟢 BOUGHT 925 shares of INDHOTEL at $877.55 = $811,733.74
    🟢 BOUGHT 546 shares of CARTRADE at $1485.70 = $811,192.17
    🟢 BOUGHT 528 shares of KFINTECH at $1537.25 = $811,668.00
    🟢 BOUGHT 659 shares of LLOYDSME at $1231.85 = $811,789.13
    🟢 BOUGHT 798 shares of PAYTM at $1017.85 = $812,244.28
    🟢 BOUGHT 603 shares of KERNEX at $1345.80 = $811,517.43
    🟢 BOUGHT 385 shares of POLICYBZR at $2108.85 = $811,907.29
    🟢 BOUGHT 761 shares of SHAKTIPUMP at $1067.60 = $812,443.58
Total spent on purchases: $9,742,006.60

📈 DAILY SNAPSHOT: 2024-12-31 00:00:00
Portfolio positions: 20
Portfolio market value: $18,653,625.69
Cash balance: $8,959.43
Total account value: $18,662,585.12
Period realized P&L: $-93,585.47
Period unrealized P&L: $2,206,404.91
Total return: +1766.26%

🔄 REBALANCING #114: 2025-01-31 00:00:00 (Month-End)
------------------------------------------------------------
💰 Opening Balance: $101,437,897.62
📊 Top 20 stocks for 2025-01-31 00:00:00:
    ticker       Close  v61
  CARTRADE 1651.400024    1
   BLUEJET  750.450012    2
  LLOYDSME 1239.099976    3
      PGIL 1414.000000    4
WOCKPHARMA 1416.900024    5
       BSE 1768.650024    6
   POKARNA 1302.349976    7
MUTHOOTFIN 2258.800049    8
BAJAJHCARE  638.500000    9
GANESHHOUC 1354.699951   10
... and 10 more stocks

💰 SELL PHASE
Current holdings: 20
Stocks to sell: 15
    🔴 SOLD 1,815 shares of PGEL at $782.50 = $1,420,237.50 (P&L: $613,470.00)
    🔴 SOLD 391 shares of GVT&D at $1787.50 = $698,912.50 (P&L: $-112,764.36)
    🔴 SOLD 332 shares of ZENTEC at $1741.10 = $578,045.19 (P&L: $-233,910.58)
    🔴 SOLD 1,444 shares of BBOX at $515.20 = $743,948.82 (P&L: $-164,255.00)
    🔴 SOLD 898 shares of 63MOONS at $752.75 = $675,969.50 (P&L: $-136,181.72)
    🔴 SOLD 949 shares of ANANTRAJ at $598.30 = $567,786.69 (P&L: $-243,940.44)
    🔴 SOLD 700 shares of SHAILY at $1537.85 = $1,076,494.98 (P&L: $168,350.00)
    🔴 SOLD 182 shares of GRWRHITECH at $3631.65 = $660,960.28 (P&L: $-82,728.11)
    🔴 SOLD 528 shares of KFINTECH at $1090.25 = $575,652.00 (P&L: $-236,016.00)
    🔴 SOLD 603 shares of KERNEX at $1300.70 = $784,322.07 (P&L: $-27,195.36)
    🔴 SOLD 798 shares of PAYTM at $775.75 = $619,048.50 (P&L: $-193,195.78)
    🔴 SOLD 385 shares of POLICYBZR at $1726.80 = $664,818.02 (P&L: $-147,089.27)
    🔴 SOLD 523 shares of COFORGE at $1652.77 = $864,398.72 (P&L: $-44,141.21)
    🔴 SOLD 761 shares of SHAKTIPUMP at $941.60 = $716,557.58 (P&L: $-95,886.00)
    🔴 SOLD 826 shares of WEBELSOLAR at $1346.90 = $1,112,539.42 (P&L: $329,243.63)
Total proceeds from sales: $11,759,691.77

🛒 BUY PHASE
Stocks already held: 5
New stocks to buy: 15
Available cash: $11,768,651.20
Allocation per new stock: $784,576.75
    🟢 BOUGHT 1,045 shares of BLUEJET at $750.45 = $784,220.26
    🟢 BOUGHT 2,134 shares of TI at $367.50 = $784,245.00
    🟢 BOUGHT 443 shares of BSE at $1768.65 = $783,511.96
    🟢 BOUGHT 1,658 shares of SARDAEN at $473.20 = $784,565.62
    🟢 BOUGHT 579 shares of GANESHHOUC at $1354.70 = $784,371.27
    🟢 BOUGHT 1,114 shares of JUBLFOOD at $703.90 = $784,144.63
    🟢 BOUGHT 1,228 shares of BAJAJHCARE at $638.50 = $784,078.00
    🟢 BOUGHT 2,950 shares of GREAVESCOT at $265.95 = $784,552.54
    🟢 BOUGHT 1,343 shares of LAURUSLABS at $584.05 = $784,379.13
    🟢 BOUGHT 602 shares of POKARNA at $1302.35 = $784,014.69
    🟢 BOUGHT 554 shares of PGIL at $1414.00 = $783,356.00
    🟢 BOUGHT 3,233 shares of AEROFLEX at $242.65 = $784,487.43
    🟢 BOUGHT 55 shares of NEULANDLAB at $14123.35 = $776,784.23
    🟢 BOUGHT 864 shares of JINDRILL at $907.75 = $784,296.00
    🟢 BOUGHT 347 shares of MUTHOOTFIN at $2258.80 = $783,803.62
Total spent on purchases: $11,754,810.37

📈 DAILY SNAPSHOT: 2025-01-31 00:00:00
Portfolio positions: 20
Portfolio market value: $15,908,815.66
Cash balance: $13,840.83
Total account value: $15,922,656.49
Period realized P&L: $-606,240.20
Period unrealized P&L: $72,716.48
Total return: +1492.27%

🔄 REBALANCING #115: 2025-02-28 00:00:00 (Month-End)
------------------------------------------------------------
💰 Opening Balance: $99,197,318.09
📊 Top 20 stocks for 2025-02-28 00:00:00:
    ticker       Close  v61
   BLUEJET  754.000000    1
      PGEL  794.799988    2
  CARTRADE 1528.550049    3
BAJFINANCE  853.030029    4
BAJAJHCARE  603.500000    5
       BSE 1544.566650    6
MUTHOOTFIN 2132.800049    7
   SBICARD  838.799988    8
      PGIL 1342.050049    9
CAMLINFINE  142.809998   10
... and 10 more stocks

💰 SELL PHASE
Current holdings: 20
Stocks to sell: 13
    🔴 SOLD 2,134 shares of TI at $221.70 = $473,107.79 (P&L: $-311,137.21)
    🔴 SOLD 1,658 shares of SARDAEN at $453.55 = $751,985.88 (P&L: $-32,579.74)
    🔴 SOLD 579 shares of GANESHHOUC at $1082.65 = $626,854.36 (P&L: $-157,516.91)
    🔴 SOLD 57 shares of DIXON at $13935.85 = $794,343.43 (P&L: $-106,678.39)
    🔴 SOLD 1,114 shares of JUBLFOOD at $626.10 = $697,475.37 (P&L: $-86,669.25)
    🔴 SOLD 2,950 shares of GREAVESCOT at $228.65 = $674,517.48 (P&L: $-110,035.05)
    🔴 SOLD 602 shares of POKARNA at $1104.25 = $664,758.50 (P&L: $-119,256.19)
    🔴 SOLD 925 shares of INDHOTEL at $716.10 = $662,392.48 (P&L: $-149,341.26)
    🔴 SOLD 617 shares of WOCKPHARMA at $1155.50 = $712,943.50 (P&L: $-32,608.43)
    🔴 SOLD 659 shares of LLOYDSME at $1021.10 = $672,904.88 (P&L: $-138,884.25)
    🔴 SOLD 3,233 shares of AEROFLEX at $171.75 = $555,267.75 (P&L: $-229,219.68)
    🔴 SOLD 55 shares of NEULANDLAB at $10611.00 = $583,605.00 (P&L: $-193,179.23)
    🔴 SOLD 864 shares of JINDRILL at $781.80 = $675,475.19 (P&L: $-108,820.81)
Total proceeds from sales: $8,545,631.62

🛒 BUY PHASE
Stocks already held: 7
New stocks to buy: 13
Available cash: $8,559,472.45
Allocation per new stock: $658,420.96
    🟢 BOUGHT 828 shares of PGEL at $794.80 = $658,094.39
    🟢 BOUGHT 56 shares of BAJAJHLDNG at $11574.35 = $648,163.58
    🟢 BOUGHT 1,233 shares of CHAMBLFERT at $533.70 = $658,052.12
    🟢 BOUGHT 175 shares of NAVINFLUOR at $3762.25 = $658,393.75
    🟢 BOUGHT 784 shares of SBICARD at $838.80 = $657,619.19
    🟢 BOUGHT 343 shares of BLUESTARCO at $1917.65 = $657,753.96
    🟢 BOUGHT 4,610 shares of CAMLINFINE at $142.81 = $658,354.09
    🟢 BOUGHT 1,902 shares of FSL at $346.00 = $658,092.00
    🟢 BOUGHT 950 shares of AVANTIFEED at $692.65 = $658,017.52
    🟢 BOUGHT 346 shares of KOTAKBANK at $1902.95 = $658,420.68
    🟢 BOUGHT 771 shares of BAJFINANCE at $853.03 = $657,686.15
    🟢 BOUGHT 7,961 shares of JINDWORLD at $82.70 = $658,374.68
    🟢 BOUGHT 235 shares of SRF at $2795.40 = $656,918.98
Total spent on purchases: $8,543,941.08

📈 DAILY SNAPSHOT: 2025-02-28 00:00:00
Portfolio positions: 20
Portfolio market value: $13,783,407.40
Cash balance: $15,531.37
Total account value: $13,798,938.76
Period realized P&L: $-1,775,926.41
Period unrealized P&L: $-275,074.83
Total return: +1279.89%

📈 DAILY SNAPSHOT: 2025-03-17 00:00:00
Portfolio positions: 20
Portfolio market value: $14,346,894.42
Cash balance: $15,531.37
Total account value: $14,362,425.79
Total return: +1336.24%

🔄 REBALANCING #116: 2025-03-28 00:00:00 (Month-End)
------------------------------------------------------------
💰 Opening Balance: $98,550,427.19
📊 Top 20 stocks for 2025-03-28 00:00:00:
    ticker        Close  v61
     JSWHL 22985.849609    1
   BLUEJET   884.849976    2
AVANTIFEED   913.650024    3
   SBICARD   881.099976    4
  CARTRADE  1644.949951    5
   NACLIND   101.779999    6
BAJFINANCE   894.559998    7
CAMLINFINE   167.750000    8
NAVINFLUOR  4210.850098    9
MUTHOOTFIN  2382.899902   10
... and 10 more stocks

💰 SELL PHASE
Current holdings: 20
Stocks to sell: 9
    🔴 SOLD 828 shares of PGEL at $916.60 = $758,944.78 (P&L: $100,850.39)
    🔴 SOLD 443 shares of BSE at $1826.60 = $809,183.79 (P&L: $25,671.83)
    🔴 SOLD 56 shares of BAJAJHLDNG at $12473.05 = $698,490.79 (P&L: $50,327.21)
    🔴 SOLD 1,343 shares of LAURUSLABS at $613.40 = $823,796.23 (P&L: $39,417.10)
    🔴 SOLD 343 shares of BLUESTARCO at $2136.40 = $732,785.17 (P&L: $75,031.21)
    🔴 SOLD 1,902 shares of FSL at $340.25 = $647,155.50 (P&L: $-10,936.50)
    🔴 SOLD 554 shares of PGIL at $1318.25 = $730,310.50 (P&L: $-53,045.50)
    🔴 SOLD 7,961 shares of JINDWORLD at $71.37 = $568,176.59 (P&L: $-90,198.08)
    🔴 SOLD 235 shares of SRF at $2939.15 = $690,700.23 (P&L: $33,781.25)
Total proceeds from sales: $6,459,543.58

🛒 BUY PHASE
Stocks already held: 11
New stocks to buy: 9
Available cash: $6,475,074.95
Allocation per new stock: $719,452.77
    🟢 BOUGHT 272 shares of MAZDOCK at $2643.80 = $719,113.61
    🟢 BOUGHT 1,399 shares of SARDAEN at $513.90 = $718,946.13
    🟢 BOUGHT 23 shares of SHREECEM at $30502.95 = $701,567.83
    🟢 BOUGHT 676 shares of JSWSTEEL at $1063.20 = $718,723.17
    🟢 BOUGHT 7,068 shares of NACLIND at $101.78 = $719,381.03
    🟢 BOUGHT 31 shares of JSWHL at $22985.85 = $712,561.34
    🟢 BOUGHT 558 shares of LLOYDSME at $1287.25 = $718,285.50
    🟢 BOUGHT 1,130 shares of UPL at $636.25 = $718,962.50
    🟢 BOUGHT 505 shares of WOCKPHARMA at $1424.40 = $719,322.01
Total spent on purchases: $6,446,863.13

📈 DAILY SNAPSHOT: 2025-03-28 00:00:00
Portfolio positions: 20
Portfolio market value: $15,200,765.90
Cash balance: $28,211.82
Total account value: $15,228,977.72
Period realized P&L: $170,898.90
Period unrealized P&L: $984,065.22
Total return: +1422.90%

🔄 REBALANCING #117: 2025-04-30 00:00:00 (Month-End)
------------------------------------------------------------
💰 Opening Balance: $99,991,315.29
📊 Top 20 stocks for 2025-04-30 00:00:00:
    ticker       Close  v61
   NACLIND  187.839996    1
COROMANDEL 2214.199951    2
CHAMBLFERT  692.650024    3
VADILALIND 6325.799805    4
INDIASHLTR  866.750000    5
  CARTRADE 1704.300049    6
 ICICIBANK 1427.000000    7
   MAZDOCK 3057.600098    8
 KOTAKBANK 2208.100098    9
NAVINFLUOR 4521.600098   10
... and 10 more stocks

💰 SELL PHASE
Current holdings: 20
Stocks to sell: 9
    🔴 SOLD 1,045 shares of BLUEJET at $711.15 = $743,151.78 (P&L: $-41,068.49)
    🔴 SOLD 1,399 shares of SARDAEN at $452.00 = $632,348.00 (P&L: $-86,598.13)
    🔴 SOLD 676 shares of JSWSTEEL at $1029.80 = $696,144.83 (P&L: $-22,578.33)
    🔴 SOLD 784 shares of SBICARD at $873.55 = $684,863.19 (P&L: $27,244.00)
    🔴 SOLD 1,228 shares of BAJAJHCARE at $521.10 = $639,910.77 (P&L: $-144,167.23)
    🔴 SOLD 31 shares of JSWHL at $23280.00 = $721,680.00 (P&L: $9,118.66)
    🔴 SOLD 558 shares of LLOYDSME at $1203.20 = $671,385.57 (P&L: $-46,899.93)
    🔴 SOLD 505 shares of WOCKPHARMA at $1296.70 = $654,833.48 (P&L: $-64,488.54)
    🔴 SOLD 347 shares of MUTHOOTFIN at $2169.90 = $752,955.27 (P&L: $-30,848.35)
Total proceeds from sales: $6,197,272.88

🛒 BUY PHASE
Stocks already held: 11
New stocks to buy: 9
Available cash: $6,225,484.70
Allocation per new stock: $691,720.52
    🟢 BOUGHT 79 shares of ASTRAZEN at $8681.00 = $685,799.00
    🟢 BOUGHT 370 shares of BHARTIARTL at $1864.50 = $689,865.00
    🟢 BOUGHT 484 shares of ICICIBANK at $1427.00 = $690,668.00
    🟢 BOUGHT 2,996 shares of MANAPPURAM at $230.85 = $691,626.62
    🟢 BOUGHT 798 shares of INDIASHLTR at $866.75 = $691,666.50
    🟢 BOUGHT 409 shares of BHARTIHEXA at $1689.10 = $690,841.89
    🟢 BOUGHT 312 shares of COROMANDEL at $2214.20 = $690,830.38
    🟢 BOUGHT 1,384 shares of VIMTALABS at $499.45 = $691,238.82
    🟢 BOUGHT 109 shares of VADILALIND at $6325.80 = $689,512.18
Total spent on purchases: $6,212,048.39

📈 DAILY SNAPSHOT: 2025-04-30 00:00:00
Portfolio positions: 20
Portfolio market value: $15,397,483.76
Cash balance: $13,436.31
Total account value: $15,410,920.07
Period realized P&L: $-400,286.34
Period unrealized P&L: $1,566,293.91
Total return: +1441.09%

📈 DAILY SNAPSHOT: 2025-05-05 00:00:00
Portfolio positions: 20
Portfolio market value: $15,383,055.46
Cash balance: $13,436.31
Total account value: $15,396,491.77
Total return: +1439.65%

🔄 REBALANCING #118: 2025-05-30 00:00:00 (Month-End)
------------------------------------------------------------
💰 Opening Balance: $101,310,581.36
📊 Top 20 stocks for 2025-05-30 00:00:00:
    ticker        Close  v61
 SOLARINDS 16104.000000    1
MANGCHEFER   264.559998    2
      MFSL  1502.699951    3
  PARADEEP   172.279999    4
       BDL  2015.500000    5
INDIAGLYCO   946.250000    6
    SHAILY  2016.800049    7
COROMANDEL  2289.399902    8
      AIIL  2379.199951    9
    ANURAS  1004.750000   10
... and 10 more stocks

💰 SELL PHASE
Current holdings: 20
Stocks to sell: 16
    🔴 SOLD 1,233 shares of CHAMBLFERT at $551.00 = $679,383.00 (P&L: $21,330.88)
    🔴 SOLD 79 shares of ASTRAZEN at $7972.00 = $629,788.00 (P&L: $-56,011.00)
    🔴 SOLD 175 shares of NAVINFLUOR at $4261.20 = $745,710.03 (P&L: $87,316.28)
    🔴 SOLD 370 shares of BHARTIARTL at $1856.20 = $686,793.98 (P&L: $-3,071.02)
    🔴 SOLD 23 shares of SHREECEM at $29595.00 = $680,685.00 (P&L: $-20,882.83)
    🔴 SOLD 2,996 shares of MANAPPURAM at $238.66 = $715,025.37 (P&L: $23,398.75)
    🔴 SOLD 7,068 shares of NACLIND at $176.68 = $1,248,774.19 (P&L: $529,393.16)
    🔴 SOLD 484 shares of ICICIBANK at $1445.80 = $699,767.22 (P&L: $9,099.22)
    🔴 SOLD 798 shares of INDIASHLTR at $873.35 = $696,933.28 (P&L: $5,266.78)
    🔴 SOLD 546 shares of CARTRADE at $1553.00 = $847,938.00 (P&L: $36,745.83)
    🔴 SOLD 950 shares of AVANTIFEED at $844.00 = $801,800.00 (P&L: $143,782.48)
    🔴 SOLD 346 shares of KOTAKBANK at $2074.70 = $717,846.18 (P&L: $59,425.50)
    🔴 SOLD 771 shares of BAJFINANCE at $918.05 = $707,816.54 (P&L: $50,130.39)
    🔴 SOLD 1,130 shares of UPL at $627.90 = $709,527.03 (P&L: $-9,435.47)
    🔴 SOLD 1,384 shares of VIMTALABS at $489.30 = $677,191.18 (P&L: $-14,047.63)
    🔴 SOLD 109 shares of VADILALIND at $5338.00 = $581,842.00 (P&L: $-107,670.18)
Total proceeds from sales: $11,826,821.01

🛒 BUY PHASE
Stocks already held: 4
New stocks to buy: 16
Available cash: $11,840,257.33
Allocation per new stock: $740,016.08
    🟢 BOUGHT 2,797 shares of MANGCHEFER at $264.56 = $739,974.31
    🟢 BOUGHT 492 shares of MFSL at $1502.70 = $739,328.38
    🟢 BOUGHT 276 shares of BSE at $2674.00 = $738,024.00
    🟢 BOUGHT 1,323 shares of ASTERDM at $559.30 = $739,953.88
    🟢 BOUGHT 1,035 shares of ITDCEM at $714.85 = $739,869.72
    🟢 BOUGHT 4,295 shares of PARADEEP at $172.28 = $739,942.59
    🟢 BOUGHT 311 shares of AIIL at $2379.20 = $739,931.18
    🟢 BOUGHT 45 shares of SOLARINDS at $16104.00 = $724,680.00
    🟢 BOUGHT 3,917 shares of APOLLO at $188.92 = $739,999.63
    🟢 BOUGHT 736 shares of ANURAS at $1004.75 = $739,496.00
    🟢 BOUGHT 367 shares of BDL at $2015.50 = $739,688.50
    🟢 BOUGHT 2,483 shares of KITEX at $297.96 = $739,834.66
    🟢 BOUGHT 38 shares of POWERINDIA at $19298.00 = $733,324.00
    🟢 BOUGHT 782 shares of INDIAGLYCO at $946.25 = $739,967.50
    🟢 BOUGHT 1,924 shares of BEL at $384.60 = $739,970.41
    🟢 BOUGHT 366 shares of SHAILY at $2016.80 = $738,148.82
Total spent on purchases: $11,812,133.60

📈 DAILY SNAPSHOT: 2025-05-30 00:00:00
Portfolio positions: 20
Portfolio market value: $15,292,617.01
Cash balance: $28,123.73
Total account value: $15,320,740.73
Period realized P&L: $754,771.14
Period unrealized P&L: $721,343.43
Total return: +1432.07%

📈 DAILY SNAPSHOT: 2025-06-16 00:00:00
Portfolio positions: 20
Portfolio market value: $15,700,171.73
Cash balance: $28,123.73
Total account value: $15,728,295.46
Total return: +1472.83%

🔄 REBALANCING #119: 2025-06-30 00:00:00 (Month-End)
------------------------------------------------------------
💰 Opening Balance: $103,692,222.41
📊 Top 20 stocks for 2025-06-30 00:00:00:
    ticker        Close  v61
      MFSL  1647.099976    1
 SOLARINDS 17598.000000    2
INDIAGLYCO  1031.550049    3
 LUMAXTECH  1176.099976    4
 AXISCADES  1480.900024    5
    ANURAS  1141.699951    6
CAMLINFINE   313.799988    7
    ITDCEM   934.500000    8
       BSE  2770.100098    9
DEEPAKFERT  1707.400024   10
... and 10 more stocks

💰 SELL PHASE
Current holdings: 20
Stocks to sell: 10
    🔴 SOLD 2,797 shares of MANGCHEFER at $272.95 = $763,441.18 (P&L: $23,466.87)
    🔴 SOLD 272 shares of MAZDOCK at $3244.30 = $882,449.61 (P&L: $163,336.00)
    🔴 SOLD 3,917 shares of APOLLO at $192.36 = $753,474.12 (P&L: $13,474.49)
    🔴 SOLD 367 shares of BDL at $1943.20 = $713,154.38 (P&L: $-26,534.12)
    🔴 SOLD 2,483 shares of KITEX at $281.35 = $698,592.07 (P&L: $-41,242.59)
    🔴 SOLD 409 shares of BHARTIHEXA at $1952.70 = $798,654.28 (P&L: $107,812.39)
    🔴 SOLD 312 shares of COROMANDEL at $2505.20 = $781,622.38 (P&L: $90,792.00)
    🔴 SOLD 4,295 shares of PARADEEP at $159.98 = $687,114.08 (P&L: $-52,828.51)
    🔴 SOLD 38 shares of POWERINDIA at $20007.00 = $760,266.00 (P&L: $26,942.00)
    🔴 SOLD 366 shares of SHAILY at $1663.50 = $608,841.00 (P&L: $-129,307.82)
Total proceeds from sales: $7,447,609.11

🛒 BUY PHASE
Stocks already held: 10
New stocks to buy: 10
Available cash: $7,475,732.84
Allocation per new stock: $747,573.28
    🟢 BOUGHT 504 shares of AXISCADES at $1480.90 = $746,373.61
    🟢 BOUGHT 647 shares of NDRAUTO at $1154.15 = $746,735.07
    🟢 BOUGHT 121 shares of JKCEMENT at $6150.00 = $744,150.00
    🟢 BOUGHT 10,635 shares of RPOWER at $70.29 = $747,534.16
    🟢 BOUGHT 372 shares of BHARTIARTL at $2009.60 = $747,571.19
    🟢 BOUGHT 2,061 shares of GRMOVER at $362.60 = $747,318.61
    🟢 BOUGHT 635 shares of LUMAXTECH at $1176.10 = $746,823.48
    🟢 BOUGHT 418 shares of CARERATING at $1788.20 = $747,467.58
    🟢 BOUGHT 918 shares of HDFCLIFE at $814.30 = $747,527.39
    🟢 BOUGHT 437 shares of DEEPAKFERT at $1707.40 = $746,133.81
Total spent on purchases: $7,467,634.90

📈 DAILY SNAPSHOT: 2025-06-30 00:00:00
Portfolio positions: 20
Portfolio market value: $16,312,942.28
Cash balance: $8,097.94
Total account value: $16,321,040.22
Period realized P&L: $175,910.71
Period unrealized P&L: $1,545,732.21
Total return: +1532.10%

📈 DAILY SNAPSHOT: 2025-07-28 00:00:00
Portfolio positions: 20
Portfolio market value: $14,691,710.24
Cash balance: $8,097.94
Total account value: $14,699,808.18
Total return: +1369.98%

🔄 REBALANCING #120: 2025-07-31 00:00:00 (Month-End)
------------------------------------------------------------
💰 Opening Balance: $104,055,530.70
📊 Top 20 stocks for 2025-07-31 00:00:00:
    ticker       Close  v61
MANGCHEFER  353.850006    1
  GALLANTT  766.200012    2
     CUPID  150.889999    3
LAURUSLABS  874.349976    4
   GABRIEL 1037.250000    5
  SMLISUZU 3306.000000    6
     GVT&D 2726.800049    7
SHARDACROP 1137.550049    8
  EIDPARRY 1233.500000    9
  PARADEEP  215.440002   10
... and 10 more stocks

💰 SELL PHASE
Current holdings: 20
Stocks to sell: 18
    🔴 SOLD 504 shares of AXISCADES at $1325.40 = $668,001.61 (P&L: $-78,372.00)
    🔴 SOLD 647 shares of NDRAUTO at $987.40 = $638,847.82 (P&L: $-107,887.25)
    🔴 SOLD 492 shares of MFSL at $1501.40 = $738,688.81 (P&L: $-639.56)
    🔴 SOLD 276 shares of BSE at $2427.40 = $669,962.37 (P&L: $-68,061.63)
    🔴 SOLD 10,635 shares of RPOWER at $52.73 = $560,783.55 (P&L: $-186,750.61)
    🔴 SOLD 45 shares of SOLARINDS at $14220.00 = $639,900.00 (P&L: $-84,780.00)
    🔴 SOLD 1,323 shares of ASTERDM at $604.90 = $800,282.73 (P&L: $60,328.85)
    🔴 SOLD 372 shares of BHARTIARTL at $1914.30 = $712,119.62 (P&L: $-35,451.57)
    🔴 SOLD 736 shares of ANURAS at $1133.40 = $834,182.42 (P&L: $94,686.42)
    🔴 SOLD 1,924 shares of BEL at $383.10 = $737,084.41 (P&L: $-2,886.00)
    🔴 SOLD 2,061 shares of GRMOVER at $371.40 = $765,455.39 (P&L: $18,136.77)
    🔴 SOLD 4,610 shares of CAMLINFINE at $267.45 = $1,232,944.56 (P&L: $574,590.47)
    🔴 SOLD 635 shares of LUMAXTECH at $1101.90 = $699,706.52 (P&L: $-47,116.97)
    🔴 SOLD 418 shares of CARERATING at $1696.70 = $709,220.58 (P&L: $-38,247.00)
    🔴 SOLD 1,035 shares of ITDCEM at $777.70 = $804,919.51 (P&L: $65,049.79)
    🔴 SOLD 918 shares of HDFCLIFE at $755.50 = $693,549.00 (P&L: $-53,978.39)
    🔴 SOLD 782 shares of INDIAGLYCO at $856.10 = $669,470.18 (P&L: $-70,497.32)
    🔴 SOLD 437 shares of DEEPAKFERT at $1598.80 = $698,675.62 (P&L: $-47,458.19)
Total proceeds from sales: $13,273,794.69

🛒 BUY PHASE
Stocks already held: 2
New stocks to buy: 18
Available cash: $13,281,892.63
Allocation per new stock: $737,882.92
    🟢 BOUGHT 556 shares of THYROCARE at $1325.90 = $737,200.41
    🟢 BOUGHT 2,085 shares of MANGCHEFER at $353.85 = $737,777.26
    🟢 BOUGHT 860 shares of FORTIS at $857.45 = $737,407.01
    🟢 BOUGHT 270 shares of GVT&D at $2726.80 = $736,236.01
    🟢 BOUGHT 12,538 shares of TFCILTD at $58.85 = $737,836.22
    🟢 BOUGHT 711 shares of GABRIEL at $1037.25 = $737,484.75
    🟢 BOUGHT 648 shares of SHARDACROP at $1137.55 = $737,132.43
    🟢 BOUGHT 345 shares of GLENMARK at $2134.10 = $736,264.53
    🟢 BOUGHT 535 shares of NESCO at $1378.60 = $737,550.99
    🟢 BOUGHT 223 shares of SMLISUZU at $3306.00 = $737,238.00
    🟢 BOUGHT 3,425 shares of PARADEEP at $215.44 = $737,882.01
    🟢 BOUGHT 130 shares of HDFCAMC at $5650.00 = $734,500.00
    🟢 BOUGHT 963 shares of GALLANTT at $766.20 = $737,850.61
    🟢 BOUGHT 843 shares of LAURUSLABS at $874.35 = $737,077.03
    🟢 BOUGHT 278 shares of ANANDRATHI at $2645.60 = $735,476.83
    🟢 BOUGHT 4,890 shares of CUPID at $150.89 = $737,852.10
    🟢 BOUGHT 598 shares of EIDPARRY at $1233.50 = $737,633.00
    🟢 BOUGHT 634 shares of SHANKARA at $1162.40 = $736,961.62
Total spent on purchases: $13,267,360.81

📈 DAILY SNAPSHOT: 2025-07-31 00:00:00
Portfolio positions: 20
Portfolio market value: $14,936,497.99
Cash balance: $14,531.82
Total account value: $14,951,029.81
Period realized P&L: $-9,334.20
Period unrealized P&L: $185,056.00
Total return: +1395.10%

🔄 REBALANCING #121: 2025-08-29 00:00:00 (Month-End)
------------------------------------------------------------
💰 Opening Balance: $104,281,326.26
📊 Top 20 stocks for 2025-08-29 00:00:00:
    ticker       Close  v61
  SMLISUZU 4197.399902    1
     CUPID  172.289993    2
LAURUSLABS  856.900024    3
    FORTIS  911.500000    4
  PARADEEP  217.419998    5
   GABRIEL 1152.400024    6
      AIIL 3232.899902    7
  JKCEMENT 6946.500000    8
     PAYTM 1207.000000    9
  CARTRADE 2398.000000   10
... and 10 more stocks

💰 SELL PHASE
Current holdings: 20
Stocks to sell: 10
    🔴 SOLD 556 shares of THYROCARE at $1265.30 = $703,506.83 (P&L: $-33,693.59)
    🔴 SOLD 2,085 shares of MANGCHEFER at $345.55 = $720,471.72 (P&L: $-17,305.54)
    🔴 SOLD 634 shares of SHANKARA at $925.20 = $586,576.81 (P&L: $-150,384.81)
    🔴 SOLD 963 shares of GALLANTT at $574.95 = $553,676.86 (P&L: $-184,173.75)
    🔴 SOLD 648 shares of SHARDACROP at $949.10 = $615,016.78 (P&L: $-122,115.65)
    🔴 SOLD 345 shares of GLENMARK at $1923.90 = $663,745.51 (P&L: $-72,519.03)
    🔴 SOLD 535 shares of NESCO at $1404.60 = $751,460.99 (P&L: $13,910.00)
    🔴 SOLD 278 shares of ANANDRATHI at $2793.90 = $776,704.17 (P&L: $41,227.35)
    🔴 SOLD 598 shares of EIDPARRY at $1125.80 = $673,228.43 (P&L: $-64,404.57)
    🔴 SOLD 130 shares of HDFCAMC at $5463.00 = $710,190.00 (P&L: $-24,310.00)
Total proceeds from sales: $6,754,578.10

🛒 BUY PHASE
Stocks already held: 10
New stocks to buy: 10
Available cash: $6,769,109.92
Allocation per new stock: $676,910.99
    🟢 BOUGHT 422 shares of MFSL at $1602.20 = $676,128.38
    🟢 BOUGHT 2,575 shares of APOLLO at $262.79 = $676,684.27
    🟢 BOUGHT 2,503 shares of IXIGO at $270.38 = $676,761.15
    🟢 BOUGHT 898 shares of SYRMA at $753.25 = $676,418.50
    🟢 BOUGHT 16 shares of BOSCHLTD at $39960.00 = $639,360.00
    🟢 BOUGHT 973 shares of YATHARTH at $695.05 = $676,283.64
    🟢 BOUGHT 282 shares of CARTRADE at $2398.00 = $676,236.00
    🟢 BOUGHT 576 shares of LUMAXTECH at $1174.70 = $676,627.17
    🟢 BOUGHT 560 shares of PAYTM at $1207.00 = $675,920.00
    🟢 BOUGHT 3,117 shares of LTF at $217.16 = $676,887.73
Total spent on purchases: $6,727,306.85

📈 DAILY SNAPSHOT: 2025-08-29 00:00:00
Portfolio positions: 20
Portfolio market value: $14,927,357.05
Cash balance: $41,803.08
Total account value: $14,969,160.12
Period realized P&L: $-613,769.58
Period unrealized P&L: $816,955.89
Total return: +1396.92%

📈 DAILY SNAPSHOT: 2025-09-10 00:00:00
Portfolio positions: 20
Portfolio market value: $15,448,061.89
Cash balance: $41,803.08
Total account value: $15,489,864.97
Total return: +1448.99%

🔄 REBALANCING #122: 2025-09-30 00:00:00 (Month-End)
------------------------------------------------------------
💰 Opening Balance: $104,936,969.61
📊 Top 20 stocks for 2025-09-30 00:00:00:
    ticker    Close  v61
     CUPID   214.96    1
   TFCILTD    73.35    2
    APOLLO   326.10    3
    FORTIS   969.80    4
      IMFA  1108.05    5
    MARUTI 16029.00    6
    NETWEB  3648.50    7
ASHAPURMIN   651.00    8
     GVT&D  2960.50    9
   FEDFINA   154.42   10
... and 10 more stocks

💰 SELL PHASE
Current holdings: 20
Stocks to sell: 9
    🔴 SOLD 121 shares of JKCEMENT at $6300.00 = $762,300.00 (P&L: $18,150.00)
    🔴 SOLD 422 shares of MFSL at $1575.90 = $665,029.80 (P&L: $-11,098.58)
    🔴 SOLD 843 shares of LAURUSLABS at $841.80 = $709,637.40 (P&L: $-27,439.63)
    🔴 SOLD 898 shares of SYRMA at $767.40 = $689,125.20 (P&L: $12,706.70)
    🔴 SOLD 16 shares of BOSCHLTD at $38145.00 = $610,320.00 (P&L: $-29,040.00)
    🔴 SOLD 282 shares of CARTRADE at $2450.10 = $690,928.20 (P&L: $14,692.20)
    🔴 SOLD 576 shares of LUMAXTECH at $1249.80 = $719,884.80 (P&L: $43,257.63)
    🔴 SOLD 560 shares of PAYTM at $1123.80 = $629,328.00 (P&L: $-46,592.00)
    🔴 SOLD 223 shares of SMLISUZU at $3109.50 = $693,418.50 (P&L: $-43,819.50)
Total proceeds from sales: $6,169,971.90

🛒 BUY PHASE
Stocks already held: 11
New stocks to buy: 9
Available cash: $6,211,774.98
Allocation per new stock: $690,197.22
    🟢 BOUGHT 43 shares of MARUTI at $16029.00 = $689,247.00
    🟢 BOUGHT 1,152 shares of GMDCLTD at $599.05 = $690,105.60
    🟢 BOUGHT 1,060 shares of ASHAPURMIN at $651.00 = $690,060.00
    🟢 BOUGHT 4,469 shares of FEDFINA at $154.42 = $690,102.98
    🟢 BOUGHT 831 shares of BANCOINDIA at $830.40 = $690,062.40
    🟢 BOUGHT 189 shares of NETWEB at $3648.50 = $689,566.50
    🟢 BOUGHT 244 shares of ANANDRATHI at $2826.80 = $689,739.20
    🟢 BOUGHT 668 shares of TATAINVEST at $1033.00 = $690,044.00
    🟢 BOUGHT 622 shares of IMFA at $1108.05 = $689,207.10
Total spent on purchases: $6,208,134.78

📈 DAILY SNAPSHOT: 2025-09-30 00:00:00
Portfolio positions: 20
Portfolio market value: $15,283,919.04
Cash balance: $3,640.20
Total account value: $15,287,559.24
Period realized P&L: $-69,183.18
Period unrealized P&L: $1,204,538.18
Total return: +1428.76%

📈 DAILY SNAPSHOT: 2025-10-24 00:00:00
Portfolio positions: 20
Portfolio market value: $15,254,977.74
Cash balance: $3,640.20
Total account value: $15,258,617.94
Total return: +1425.86%

🔄 REBALANCING #123: 2025-10-31 00:00:00 (Month-End)
------------------------------------------------------------
💰 Opening Balance: $106,046,195.97
📊 Top 20 stocks for 2025-10-31 00:00:00:
    ticker    Close  v61
     CUPID   233.59    1
   INDIANB   858.70    2
       LTF   270.49    3
      ABDL   662.05    4
   TFCILTD    69.01    5
    MARUTI 16186.00    6
CUMMINSIND  4344.10    7
  MTARTECH  2548.10    8
    APOLLO   276.80    9
    NETWEB  4037.80   10
... and 10 more stocks

💰 SELL PHASE
Current holdings: 20
Stocks to sell: 11
    🔴 SOLD 1,060 shares of ASHAPURMIN at $664.50 = $704,370.00 (P&L: $14,310.00)
    🔴 SOLD 1,152 shares of GMDCLTD at $594.30 = $684,633.60 (P&L: $-5,472.00)
    🔴 SOLD 2,503 shares of IXIGO at $269.65 = $674,933.95 (P&L: $-1,827.20)
    🔴 SOLD 4,469 shares of FEDFINA at $141.67 = $633,123.23 (P&L: $-56,979.75)
    🔴 SOLD 973 shares of YATHARTH at $796.25 = $774,751.25 (P&L: $98,467.61)
    🔴 SOLD 831 shares of BANCOINDIA at $709.50 = $589,594.50 (P&L: $-100,467.90)
    🔴 SOLD 244 shares of ANANDRATHI at $3088.40 = $753,569.60 (P&L: $63,830.40)
    🔴 SOLD 3,425 shares of PARADEEP at $166.40 = $569,920.00 (P&L: $-167,962.01)
    🔴 SOLD 311 shares of AIIL at $2908.10 = $904,419.10 (P&L: $164,487.92)
    🔴 SOLD 668 shares of TATAINVEST at $799.00 = $533,732.00 (P&L: $-156,312.00)
    🔴 SOLD 622 shares of IMFA at $1202.60 = $748,017.20 (P&L: $58,810.10)
Total proceeds from sales: $7,571,064.43

🛒 BUY PHASE
Stocks already held: 9
New stocks to buy: 11
Available cash: $7,574,704.63
Allocation per new stock: $688,609.51
    🟢 BOUGHT 196 shares of TVSMOTOR at $3508.70 = $687,705.20
    🟢 BOUGHT 888 shares of TDPOWERSYS at $774.90 = $688,111.20
    🟢 BOUGHT 2,124 shares of ABCAPITAL at $324.20 = $688,600.80
    🟢 BOUGHT 1,040 shares of ABDL at $662.05 = $688,532.00
    🟢 BOUGHT 5,026 shares of CANBK at $136.99 = $688,511.74
    🟢 BOUGHT 2,110 shares of RBLBANK at $326.35 = $688,598.50
    🟢 BOUGHT 801 shares of INDIANB at $858.70 = $687,818.70
    🟢 BOUGHT 228 shares of CARTRADE at $3019.50 = $688,446.00
    🟢 BOUGHT 2,426 shares of GPIL at $283.74 = $688,353.24
    🟢 BOUGHT 270 shares of MTARTECH at $2548.10 = $687,987.00
    🟢 BOUGHT 158 shares of CUMMINSIND at $4344.10 = $686,367.80
Total spent on purchases: $7,569,032.18

📈 DAILY SNAPSHOT: 2025-10-31 00:00:00
Portfolio positions: 20
Portfolio market value: $15,197,218.09
Cash balance: $5,672.45
Total account value: $15,202,890.54
Period realized P&L: $-89,114.83
Period unrealized P&L: $1,208,984.32
Total return: +1420.29%

🎯 STRATEGY RESULTS SUMMARY
================================================================================
✅ Buy transactions saved: 1226 transactions
✅ Sell transactions saved: 1206 transactions
Total realized P&L: $12,993,906.22
✅ Daily portfolio history saved: daily_portfolio_history_with_all_data.csv
   Total snapshots: 51318
   📁 File contains 119 columns including all original data

📊 FINAL PERFORMANCE
Initial Capital: $1,000,000
Final Value: $15,158,586.98
Total Return: +1415.86%
Absolute Gain/Loss: $+14,158,586.98
Number of rebalancing events: 123

📋 FINAL PORTFOLIO (20 positions):
    ticker  shares_qty  current_price  current_value  unrealized_pnl  v61
    FORTIS         860         929.10      799026.00        61618.99   90
     GVT&D         270        2995.10      808677.00        72440.99   44
   TFCILTD       12538          62.30      781117.40        43281.18   47
   GABRIEL         711        1037.10      737378.10         -106.65   98
     CUPID        4890         338.46     1655069.40       917217.30    1
    APOLLO        2575         262.70      676452.50         -231.77   23
       LTF        3117         292.65      912190.05       235302.32    3
    MARUTI          43       16035.00      689505.00          258.00   14
    NETWEB         189        3256.50      615478.50       -74088.00   50
  TVSMOTOR         196        3456.70      677513.20       -10192.00   53
TDPOWERSYS         888         753.55      669152.40       -18958.80   24
 ABCAPITAL        2124         332.90      707079.60        18478.80   16
      ABDL        1040         649.05      675012.00       -13520.00   12
     CANBK        5026         147.98      743747.48        55235.74    5
   RBLBANK        2110         313.25      660957.50       -27641.00   11
   INDIANB         801         860.00      688860.00         1041.30    4
  CARTRADE         228        3026.30      689996.40         1550.40   26
      GPIL        2426         237.40      575932.40      -112420.84  131
  MTARTECH         270        2586.70      698409.00        10422.00   17
CUMMINSIND         158        4375.70      691360.60         4992.80   13
================================================================================

📈 Downloading NIFTY 50 index data...
✅ NIFTY 50: 2701 records
<class 'pandas.core.frame.DataFrame'>
DatetimeIndex: 2701 entries, 2015-01-01 00:00:00+05:30 to 2025-11-25 00:00:00+05:30
Data columns (total 1 columns):
 #   Column  Non-Null Count  Dtype  
---  ------  --------------  -----  
 0   Close   2701 non-null   float64
dtypes: float64(1)
memory usage: 42.2 KB
None
================================================================================
📥 Kite NSE 750 Incremental Updater (Git LFS Version)
================================================================================
📅 Target date: 2025-11-25
🌐 Running on: GitHub Actions
📦 Data file: data/nse750_complete_data.pkl

📋 Loading stock list from CSV files...
✅ Loaded 753 stocks from CSV files

📂 Loading NSE 750 historical data from data/nse750_complete_data.pkl...
   File size: 265.59 MB

✅ Loaded historical data:
   Shape: (2698, 12865)
   Date Range: 2015-01-01 → 2025-11-24
   Symbols: 2145

🔐 Authenticating with Kite...
✅ Logged in as: Phani Kumar Chitturi

🔍 Fetching instrument list...
📊 Analyzing 753 symbols from provided stock list...
📥 Need to update/add 0/753 symbols
   - Updates: 0
   - New additions: 0
✅ All data already up to date!

⚠️  No updates downloaded - file unchanged

✅ all_raw_data_1 loaded with shape: (2698, 12865)

================================================================================
✅ SCRIPT COMPLETED SUCCESSFULLY
================================================================================
DEBUGGING ARRIVES
Ticker     LTTS.NS                          ... TMPV.NS                            
Price         Open    High     Low   Close  ...    High     Low   Close      Volume
Date                                        ...                                    
2015-01-01     NaN     NaN     NaN     NaN  ...  499.45  492.25  498.45    934528.0
2015-01-02     NaN     NaN     NaN     NaN  ...  517.40  497.25  511.80   4148596.0
2015-01-05     NaN     NaN     NaN     NaN  ...  526.00  506.70  523.79   6686952.0
2015-01-06     NaN     NaN     NaN     NaN  ...  514.35  499.25  501.40   7894918.0
2015-01-07     NaN     NaN     NaN     NaN  ...  500.40  489.20  493.85   9134678.0
...            ...     ...     ...     ...  ...     ...     ...     ...         ...
2025-11-18  4107.0  4126.0  4086.8  4088.1  ...  374.00  369.15  370.85   7995966.0
2025-11-19  4085.0  4460.0  4085.0  4440.0  ...  371.25  360.35  360.85  17854517.0
2025-11-20  4400.0  4424.0  4280.0  4331.3  ...  364.40  359.25  359.80  15999034.0
2025-11-21  4300.0  4334.5  4252.0  4265.0  ...  364.25  358.00  362.50  10764557.0
2025-11-24  4294.7  4345.0  4261.0  4269.9  ...  362.85  356.80  357.45   2647418.0

[2698 rows x 12865 columns]
📊 Processing 2145 tickers for analysis...
   Tickers processed: 2134/2145

🔄 Step 1: Computing daily features...
   ✓ Processed 500/2145 tickers...
   ✓ Processed 1000/2145 tickers...
   ✓ Processed 1500/2145 tickers...
   ✓ Processed 2000/2145 tickers...
✅ Daily features complete: (4233154, 11)
✅ Final dataframe ready with 2139 tickers
   Index range: 2015-01-01 00:00:00 to 2025-11-24 00:00:00

📊 FINAL RESULTS:
================================================================================
   Final df_1 shape: (4233154, 11)
   Unique tickers: 2139
   Date range: 2015-01-01 00:00:00 to 2025-11-24 00:00:00
================================================================================

            total_account_value  ...  nifty750_filtered_stocks
Date                             ...                          
2015-08-31         1.000000e+06  ...                       NaN
2015-09-01         9.800686e+05  ...                       NaN
2015-09-02         9.945024e+05  ...                       NaN
2015-09-03         1.000680e+06  ...                       NaN
2015-09-04         9.673400e+05  ...                       NaN
...                         ...  ...                       ...
2025-11-18         1.525164e+07  ...                       NaN
2025-11-19         1.536649e+07  ...                       NaN
2025-11-20         1.535585e+07  ...                       NaN
2025-11-21         1.510155e+07  ...                       NaN
2025-11-24         1.515859e+07  ...                       NaN

[2525 rows x 32 columns]

🚀 GENERATING DAILY SIGNALS WITH WEEKLY REBALANCING
Rebalancing every: 5 days
Signal Logic: v2_vol_ma_4 > v2_vol_ma_10 AND cumulative_return > cumulative_return_20MA
Processing 2525 days from 2015-08-31 00:00:00 to 2025-11-24 00:00:00
================================================================================
📅 Signal will be checked on 505 rebalancing dates
Each signal will apply to the next 5 days
================================================================================
❌ No valid signal data for 2015-08-31 00:00:00, keeping previous signal...
❌ No valid signal data for 2015-09-07 00:00:00, keeping previous signal...
❌ No valid signal data for 2015-09-14 00:00:00, keeping previous signal...
❌ No valid signal data for 2015-09-22 00:00:00, keeping previous signal...

✅ Period #5 starts on 2015-09-30 00:00:00
   Signal: 1 (BULLISH (BUY)) - Will apply to next 5 days
   Vol EMA 4: 252.75 > Vol EMA 10: 244.10
   Cum Return: 0.05 > Cum Return 20MA: -0.01

✅ Period #6 starts on 2015-10-08 00:00:00
   Signal: 1 (BULLISH (BUY)) - Will apply to next 5 days
   Vol EMA 4: 293.75 > Vol EMA 10: 270.10
   Cum Return: 0.07 > Cum Return 20MA: 0.01

✅ Period #7 starts on 2015-10-15 00:00:00
   Signal: 1 (BULLISH (BUY)) - Will apply to next 5 days
   Vol EMA 4: 305.00 > Vol EMA 10: 297.20
   Cum Return: 0.07 > Cum Return 20MA: 0.04

❌ Period #8 starts on 2015-10-23 00:00:00
   Signal: 0 (BEARISH (CASH)) - Will apply to next 5 days
   Vol EMA 4: 302.50 <= Vol EMA 10: 305.10
   Cum Return: 0.08 > Cum Return 20MA: 0.06

❌ Period #9 starts on 2015-10-30 00:00:00
   Signal: 0 (BEARISH (CASH)) - Will apply to next 5 days
   Vol EMA 4: 280.00 <= Vol EMA 10: 292.70
   Cum Return: 0.06 <= Cum Return 20MA: 0.07

❌ Period #10 starts on 2015-11-06 00:00:00
   Signal: 0 (BEARISH (CASH)) - Will apply to next 5 days
   Vol EMA 4: 247.00 <= Vol EMA 10: 264.70
   Cum Return: 0.02 <= Cum Return 20MA: 0.07

❌ Period #11 starts on 2015-11-17 00:00:00
   Signal: 0 (BEARISH (CASH)) - Will apply to next 5 days
   Vol EMA 4: 247.00 <= Vol EMA 10: 247.60
   Cum Return: 0.02 <= Cum Return 20MA: 0.06

❌ Period #12 starts on 2015-11-24 00:00:00
   Signal: 0 (BEARISH (CASH)) - Will apply to next 5 days
   Vol EMA 4: 269.75 > Vol EMA 10: 256.10
   Cum Return: 0.04 <= Cum Return 20MA: 0.05

✅ Period #13 starts on 2015-12-02 00:00:00
   Signal: 1 (BULLISH (BUY)) - Will apply to next 5 days
   Vol EMA 4: 301.00 > Vol EMA 10: 282.30
   Cum Return: 0.06 > Cum Return 20MA: 0.04

❌ Period #14 starts on 2015-12-09 00:00:00
   Signal: 0 (BEARISH (CASH)) - Will apply to next 5 days
   Vol EMA 4: 335.75 > Vol EMA 10: 316.10
   Cum Return: 0.01 <= Cum Return 20MA: 0.04

❌ Period #15 starts on 2015-12-16 00:00:00
   Signal: 0 (BEARISH (CASH)) - Will apply to next 5 days
   Vol EMA 4: 358.50 > Vol EMA 10: 344.00
   Cum Return: 0.03 <= Cum Return 20MA: 0.03

✅ Period #16 starts on 2015-12-23 00:00:00
   Signal: 1 (BULLISH (BUY)) - Will apply to next 5 days
   Vol EMA 4: 413.00 > Vol EMA 10: 382.00
   Cum Return: 0.06 > Cum Return 20MA: 0.04

✅ Period #17 starts on 2015-12-31 00:00:00
   Signal: 1 (BULLISH (BUY)) - Will apply to next 5 days
   Vol EMA 4: 457.50 > Vol EMA 10: 431.10
   Cum Return: 0.08 > Cum Return 20MA: 0.05

✅ Period #18 starts on 2016-01-07 00:00:00
   Signal: 1 (BULLISH (BUY)) - Will apply to next 5 days
   Vol EMA 4: 482.25 > Vol EMA 10: 467.30
   Cum Return: 0.06 > Cum Return 20MA: 0.06

❌ Period #19 starts on 2016-01-14 00:00:00
   Signal: 0 (BEARISH (CASH)) - Will apply to next 5 days
   Vol EMA 4: 444.50 <= Vol EMA 10: 467.20
   Cum Return: 0.02 <= Cum Return 20MA: 0.06

❌ Period #20 starts on 2016-01-21 00:00:00
   Signal: 0 (BEARISH (CASH)) - Will apply to next 5 days
   Vol EMA 4: 208.00 <= Vol EMA 10: 342.60
   Cum Return: -0.06 <= Cum Return 20MA: 0.04

❌ Period #21 starts on 2016-01-29 00:00:00
   Signal: 0 (BEARISH (CASH)) - Will apply to next 5 days
   Vol EMA 4: 296.50 > Vol EMA 10: 260.40
   Cum Return: 0.00 <= Cum Return 20MA: 0.02

❌ Period #22 starts on 2016-02-05 00:00:00
   Signal: 0 (BEARISH (CASH)) - Will apply to next 5 days
   Vol EMA 4: 237.25 <= Vol EMA 10: 271.60
   Cum Return: -0.02 <= Cum Return 20MA: -0.01

❌ Period #23 starts on 2016-02-12 00:00:00
   Signal: 0 (BEARISH (CASH)) - Will apply to next 5 days
   Vol EMA 4: 144.25 <= Vol EMA 10: 207.70
   Cum Return: -0.11 <= Cum Return 20MA: -0.04

❌ Period #24 starts on 2016-02-19 00:00:00
   Signal: 0 (BEARISH (CASH)) - Will apply to next 5 days
   Vol EMA 4: 108.75 <= Vol EMA 10: 136.90
   Cum Return: -0.08 <= Cum Return 20MA: -0.04

❌ Period #25 starts on 2016-02-26 00:00:00
   Signal: 0 (BEARISH (CASH)) - Will apply to next 5 days
   Vol EMA 4: 93.25 <= Vol EMA 10: 106.00
   Cum Return: -0.12 <= Cum Return 20MA: -0.07

❌ Period #26 starts on 2016-03-04 00:00:00
   Signal: 0 (BEARISH (CASH)) - Will apply to next 5 days
   Vol EMA 4: 118.00 > Vol EMA 10: 104.70
   Cum Return: -0.10 <= Cum Return 20MA: -0.09

✅ Period #27 starts on 2016-03-14 00:00:00
   Signal: 1 (BULLISH (BUY)) - Will apply to next 5 days
   Vol EMA 4: 138.00 > Vol EMA 10: 124.40
   Cum Return: -0.09 > Cum Return 20MA: -0.10

❌ Period #28 starts on 2016-03-21 00:00:00
   Signal: 0 (BEARISH (CASH)) - Will apply to next 5 days
   Vol EMA 4: 112.25 <= Vol EMA 10: 126.50
   Cum Return: -0.09 > Cum Return 20MA: -0.10

❌ Period #29 starts on 2016-03-30 00:00:00
   Signal: 0 (BEARISH (CASH)) - Will apply to next 5 days
   Vol EMA 4: 93.00 <= Vol EMA 10: 105.30
   Cum Return: -0.09 > Cum Return 20MA: -0.10

✅ Period #30 starts on 2016-04-06 00:00:00
   Signal: 1 (BULLISH (BUY)) - Will apply to next 5 days
   Vol EMA 4: 97.00 > Vol EMA 10: 95.40
   Cum Return: -0.09 > Cum Return 20MA: -0.09

✅ Period #31 starts on 2016-04-13 00:00:00
   Signal: 1 (BULLISH (BUY)) - Will apply to next 5 days
   Vol EMA 4: 107.25 > Vol EMA 10: 100.40
   Cum Return: -0.07 > Cum Return 20MA: -0.09

✅ Period #32 starts on 2016-04-25 00:00:00
   Signal: 1 (BULLISH (BUY)) - Will apply to next 5 days
   Vol EMA 4: 113.25 > Vol EMA 10: 109.40
   Cum Return: -0.08 > Cum Return 20MA: -0.08

✅ Period #33 starts on 2016-05-02 00:00:00
   Signal: 1 (BULLISH (BUY)) - Will apply to next 5 days
   Vol EMA 4: 129.75 > Vol EMA 10: 120.40
   Cum Return: -0.07 > Cum Return 20MA: -0.08

✅ Period #34 starts on 2016-05-09 00:00:00
   Signal: 1 (BULLISH (BUY)) - Will apply to next 5 days
   Vol EMA 4: 158.25 > Vol EMA 10: 141.70
   Cum Return: -0.08 > Cum Return 20MA: -0.08

✅ Period #35 starts on 2016-05-16 00:00:00
   Signal: 1 (BULLISH (BUY)) - Will apply to next 5 days
   Vol EMA 4: 202.25 > Vol EMA 10: 176.40
   Cum Return: -0.07 > Cum Return 20MA: -0.08

❌ Period #36 starts on 2016-05-23 00:00:00
   Signal: 0 (BEARISH (CASH)) - Will apply to next 5 days
   Vol EMA 4: 239.50 > Vol EMA 10: 217.40
   Cum Return: -0.09 <= Cum Return 20MA: -0.08

✅ Period #37 starts on 2016-05-30 00:00:00
   Signal: 1 (BULLISH (BUY)) - Will apply to next 5 days
   Vol EMA 4: 258.75 > Vol EMA 10: 245.90
   Cum Return: -0.05 > Cum Return 20MA: -0.08

✅ Period #38 starts on 2016-06-06 00:00:00
   Signal: 1 (BULLISH (BUY)) - Will apply to next 5 days
   Vol EMA 4: 271.75 > Vol EMA 10: 261.90
   Cum Return: -0.04 > Cum Return 20MA: -0.07

✅ Period #39 starts on 2016-06-13 00:00:00
   Signal: 1 (BULLISH (BUY)) - Will apply to next 5 days
   Vol EMA 4: 300.00 > Vol EMA 10: 283.60
   Cum Return: -0.05 > Cum Return 20MA: -0.06

✅ Period #40 starts on 2016-06-20 00:00:00
   Signal: 1 (BULLISH (BUY)) - Will apply to next 5 days
   Vol EMA 4: 335.25 > Vol EMA 10: 314.20
   Cum Return: -0.04 > Cum Return 20MA: -0.05

❌ Period #41 starts on 2016-06-27 00:00:00
   Signal: 0 (BEARISH (CASH)) - Will apply to next 5 days
   Vol EMA 4: 332.50 <= Vol EMA 10: 332.80
   Cum Return: -0.04 > Cum Return 20MA: -0.04

✅ Period #42 starts on 2016-07-04 00:00:00
   Signal: 1 (BULLISH (BUY)) - Will apply to next 5 days
   Vol EMA 4: 379.50 > Vol EMA 10: 354.60
   Cum Return: 0.02 > Cum Return 20MA: -0.03

✅ Period #43 starts on 2016-07-12 00:00:00
   Signal: 1 (BULLISH (BUY)) - Will apply to next 5 days
   Vol EMA 4: 400.75 > Vol EMA 10: 385.80
   Cum Return: 0.02 > Cum Return 20MA: -0.02

✅ Period #44 starts on 2016-07-19 00:00:00
   Signal: 1 (BULLISH (BUY)) - Will apply to next 5 days
   Vol EMA 4: 429.50 > Vol EMA 10: 411.90
   Cum Return: 0.01 > Cum Return 20MA: -0.00

✅ Period #45 starts on 2016-07-26 00:00:00
   Signal: 1 (BULLISH (BUY)) - Will apply to next 5 days
   Vol EMA 4: 465.50 > Vol EMA 10: 444.20
   Cum Return: 0.06 > Cum Return 20MA: 0.01

✅ Period #46 starts on 2016-08-02 00:00:00
   Signal: 1 (BULLISH (BUY)) - Will apply to next 5 days
   Vol EMA 4: 486.00 > Vol EMA 10: 474.30
   Cum Return: 0.11 > Cum Return 20MA: 0.04

✅ Period #47 starts on 2016-08-09 00:00:00
   Signal: 1 (BULLISH (BUY)) - Will apply to next 5 days
   Vol EMA 4: 503.50 > Vol EMA 10: 492.40
   Cum Return: 0.11 > Cum Return 20MA: 0.06

❌ Period #48 starts on 2016-08-17 00:00:00
   Signal: 0 (BEARISH (CASH)) - Will apply to next 5 days
   Vol EMA 4: 494.25 <= Vol EMA 10: 495.80
   Cum Return: 0.13 > Cum Return 20MA: 0.09

✅ Period #49 starts on 2016-08-24 00:00:00
   Signal: 1 (BULLISH (BUY)) - Will apply to next 5 days
   Vol EMA 4: 542.00 > Vol EMA 10: 515.90
   Cum Return: 0.13 > Cum Return 20MA: 0.11

✅ Period #50 starts on 2016-08-31 00:00:00
   Signal: 1 (BULLISH (BUY)) - Will apply to next 5 days
   Vol EMA 4: 557.00 > Vol EMA 10: 546.90
   Cum Return: 0.16 > Cum Return 20MA: 0.12

✅ Period #51 starts on 2016-09-08 00:00:00
   Signal: 1 (BULLISH (BUY)) - Will apply to next 5 days
   Vol EMA 4: 575.50 > Vol EMA 10: 563.60
   Cum Return: 0.18 > Cum Return 20MA: 0.14

❌ Period #52 starts on 2016-09-16 00:00:00
   Signal: 0 (BEARISH (CASH)) - Will apply to next 5 days
   Vol EMA 4: 586.25 > Vol EMA 10: 579.10
   Cum Return: 0.14 <= Cum Return 20MA: 0.15

✅ Period #53 starts on 2016-09-23 00:00:00
   Signal: 1 (BULLISH (BUY)) - Will apply to next 5 days
   Vol EMA 4: 613.00 > Vol EMA 10: 599.00
   Cum Return: 0.19 > Cum Return 20MA: 0.16

❌ Period #54 starts on 2016-09-30 00:00:00
   Signal: 0 (BEARISH (CASH)) - Will apply to next 5 days
   Vol EMA 4: 587.25 <= Vol EMA 10: 601.70
   Cum Return: 0.16 <= Cum Return 20MA: 0.16

✅ Period #55 starts on 2016-10-07 00:00:00
   Signal: 1 (BULLISH (BUY)) - Will apply to next 5 days
   Vol EMA 4: 622.25 > Vol EMA 10: 605.40
   Cum Return: 0.20 > Cum Return 20MA: 0.17

❌ Period #56 starts on 2016-10-18 00:00:00
   Signal: 0 (BEARISH (CASH)) - Will apply to next 5 days
   Vol EMA 4: 617.50 <= Vol EMA 10: 619.20
   Cum Return: 0.21 > Cum Return 20MA: 0.18

✅ Period #57 starts on 2016-10-25 00:00:00
   Signal: 1 (BULLISH (BUY)) - Will apply to next 5 days
   Vol EMA 4: 635.50 > Vol EMA 10: 626.60
   Cum Return: 0.23 > Cum Return 20MA: 0.20

❌ Period #58 starts on 2016-11-02 00:00:00
   Signal: 0 (BEARISH (CASH)) - Will apply to next 5 days
   Vol EMA 4: 644.75 > Vol EMA 10: 639.10
   Cum Return: 0.19 <= Cum Return 20MA: 0.21

❌ Period #59 starts on 2016-11-09 00:00:00
   Signal: 0 (BEARISH (CASH)) - Will apply to next 5 days
   Vol EMA 4: 602.00 <= Vol EMA 10: 626.80
   Cum Return: 0.11 <= Cum Return 20MA: 0.19

❌ Period #60 starts on 2016-11-17 00:00:00
   Signal: 0 (BEARISH (CASH)) - Will apply to next 5 days
   Vol EMA 4: 407.50 <= Vol EMA 10: 527.90
   Cum Return: 0.02 <= Cum Return 20MA: 0.16

❌ Period #61 starts on 2016-11-24 00:00:00
   Signal: 0 (BEARISH (CASH)) - Will apply to next 5 days
   Vol EMA 4: 298.75 <= Vol EMA 10: 376.50
   Cum Return: 0.02 <= Cum Return 20MA: 0.11

✅ Period #62 starts on 2016-12-01 00:00:00
   Signal: 1 (BULLISH (BUY)) - Will apply to next 5 days
   Vol EMA 4: 427.75 > Vol EMA 10: 362.70
   Cum Return: 0.07 > Cum Return 20MA: 0.06

❌ Period #63 starts on 2016-12-08 00:00:00
   Signal: 0 (BEARISH (CASH)) - Will apply to next 5 days
   Vol EMA 4: 408.25 <= Vol EMA 10: 412.00
   Cum Return: 0.07 > Cum Return 20MA: 0.04

❌ Period #64 starts on 2016-12-15 00:00:00
   Signal: 0 (BEARISH (CASH)) - Will apply to next 5 days
   Vol EMA 4: 409.00 <= Vol EMA 10: 409.00
   Cum Return: 0.05 > Cum Return 20MA: 0.04

❌ Period #65 starts on 2016-12-22 00:00:00
   Signal: 0 (BEARISH (CASH)) - Will apply to next 5 days
   Vol EMA 4: 350.25 <= Vol EMA 10: 386.90
   Cum Return: 0.01 <= Cum Return 20MA: 0.05

❌ Period #66 starts on 2016-12-29 00:00:00
   Signal: 0 (BEARISH (CASH)) - Will apply to next 5 days
   Vol EMA 4: 293.00 <= Vol EMA 10: 329.70
   Cum Return: 0.02 <= Cum Return 20MA: 0.04

✅ Period #67 starts on 2017-01-05 00:00:00
   Signal: 1 (BULLISH (BUY)) - Will apply to next 5 days
   Vol EMA 4: 322.25 > Vol EMA 10: 308.90
   Cum Return: 0.08 > Cum Return 20MA: 0.04

❌ Period #68 starts on 2017-01-12 00:00:00
   Signal: 0 (BEARISH (CASH)) - Will apply to next 5 days
   Vol EMA 4: 303.00 <= Vol EMA 10: 311.80
   Cum Return: 0.09 > Cum Return 20MA: 0.04

❌ Period #69 starts on 2017-01-19 00:00:00
   Signal: 0 (BEARISH (CASH)) - Will apply to next 5 days
   Vol EMA 4: 294.25 <= Vol EMA 10: 299.40
   Cum Return: 0.11 > Cum Return 20MA: 0.06

✅ Period #70 starts on 2017-01-27 00:00:00
   Signal: 1 (BULLISH (BUY)) - Will apply to next 5 days
   Vol EMA 4: 297.25 > Vol EMA 10: 295.10
   Cum Return: 0.15 > Cum Return 20MA: 0.09

✅ Period #71 starts on 2017-02-03 00:00:00
   Signal: 1 (BULLISH (BUY)) - Will apply to next 5 days
   Vol EMA 4: 324.75 > Vol EMA 10: 308.40
   Cum Return: 0.15 > Cum Return 20MA: 0.11

✅ Period #72 starts on 2017-02-10 00:00:00
   Signal: 1 (BULLISH (BUY)) - Will apply to next 5 days
   Vol EMA 4: 373.00 > Vol EMA 10: 345.10
   Cum Return: 0.15 > Cum Return 20MA: 0.13

✅ Period #73 starts on 2017-02-17 00:00:00
   Signal: 1 (BULLISH (BUY)) - Will apply to next 5 days
   Vol EMA 4: 392.00 > Vol EMA 10: 379.30
   Cum Return: 0.15 > Cum Return 20MA: 0.14

❌ Period #74 starts on 2017-02-27 00:00:00
   Signal: 0 (BEARISH (CASH)) - Will apply to next 5 days
   Vol EMA 4: 431.75 > Vol EMA 10: 409.90
   Cum Return: 0.15 <= Cum Return 20MA: 0.15

❌ Period #75 starts on 2017-03-06 00:00:00
   Signal: 0 (BEARISH (CASH)) - Will apply to next 5 days
   Vol EMA 4: 460.75 > Vol EMA 10: 444.40
   Cum Return: 0.14 <= Cum Return 20MA: 0.15

✅ Period #76 starts on 2017-03-14 00:00:00
   Signal: 1 (BULLISH (BUY)) - Will apply to next 5 days
   Vol EMA 4: 485.50 > Vol EMA 10: 471.20
   Cum Return: 0.15 > Cum Return 20MA: 0.14

✅ Period #77 starts on 2017-03-21 00:00:00
   Signal: 1 (BULLISH (BUY)) - Will apply to next 5 days
   Vol EMA 4: 505.00 > Vol EMA 10: 493.50
   Cum Return: 0.15 > Cum Return 20MA: 0.15

❌ Period #78 starts on 2017-03-28 00:00:00
   Signal: 0 (BEARISH (CASH)) - Will apply to next 5 days
   Vol EMA 4: 499.50 <= Vol EMA 10: 500.60
   Cum Return: 0.16 > Cum Return 20MA: 0.14

✅ Period #79 starts on 2017-04-05 00:00:00
   Signal: 1 (BULLISH (BUY)) - Will apply to next 5 days
   Vol EMA 4: 516.00 > Vol EMA 10: 504.80
   Cum Return: 0.20 > Cum Return 20MA: 0.16

✅ Period #80 starts on 2017-04-12 00:00:00
   Signal: 1 (BULLISH (BUY)) - Will apply to next 5 days
   Vol EMA 4: 544.25 > Vol EMA 10: 527.10
   Cum Return: 0.23 > Cum Return 20MA: 0.17

✅ Period #81 starts on 2017-04-20 00:00:00
   Signal: 1 (BULLISH (BUY)) - Will apply to next 5 days
   Vol EMA 4: 567.75 > Vol EMA 10: 553.60
   Cum Return: 0.27 > Cum Return 20MA: 0.20

✅ Period #82 starts on 2017-04-27 00:00:00
   Signal: 1 (BULLISH (BUY)) - Will apply to next 5 days
   Vol EMA 4: 595.00 > Vol EMA 10: 578.80
   Cum Return: 0.29 > Cum Return 20MA: 0.23

✅ Period #83 starts on 2017-05-05 00:00:00
   Signal: 1 (BULLISH (BUY)) - Will apply to next 5 days
   Vol EMA 4: 622.00 > Vol EMA 10: 606.20
   Cum Return: 0.31 > Cum Return 20MA: 0.26

✅ Period #84 starts on 2017-05-12 00:00:00
   Signal: 1 (BULLISH (BUY)) - Will apply to next 5 days
   Vol EMA 4: 666.50 > Vol EMA 10: 640.60
   Cum Return: 0.34 > Cum Return 20MA: 0.30

❌ Period #85 starts on 2017-05-19 00:00:00
   Signal: 0 (BEARISH (CASH)) - Will apply to next 5 days
   Vol EMA 4: 687.50 > Vol EMA 10: 673.80
   Cum Return: 0.31 <= Cum Return 20MA: 0.32

❌ Period #86 starts on 2017-05-26 00:00:00
   Signal: 0 (BEARISH (CASH)) - Will apply to next 5 days
   Vol EMA 4: 626.25 <= Vol EMA 10: 659.40
   Cum Return: 0.30 <= Cum Return 20MA: 0.32

❌ Period #87 starts on 2017-06-02 00:00:00
   Signal: 0 (BEARISH (CASH)) - Will apply to next 5 days
   Vol EMA 4: 625.50 <= Vol EMA 10: 629.10
   Cum Return: 0.32 > Cum Return 20MA: 0.32

✅ Period #88 starts on 2017-06-09 00:00:00
   Signal: 1 (BULLISH (BUY)) - Will apply to next 5 days
   Vol EMA 4: 659.50 > Vol EMA 10: 641.60
   Cum Return: 0.35 > Cum Return 20MA: 0.31

✅ Period #89 starts on 2017-06-16 00:00:00
   Signal: 1 (BULLISH (BUY)) - Will apply to next 5 days
   Vol EMA 4: 665.25 > Vol EMA 10: 660.50
   Cum Return: 0.38 > Cum Return 20MA: 0.32

❌ Period #90 starts on 2017-06-23 00:00:00
   Signal: 0 (BEARISH (CASH)) - Will apply to next 5 days
   Vol EMA 4: 660.00 <= Vol EMA 10: 662.20
   Cum Return: 0.37 > Cum Return 20MA: 0.35

❌ Period #91 starts on 2017-07-03 00:00:00
   Signal: 0 (BEARISH (CASH)) - Will apply to next 5 days
   Vol EMA 4: 623.00 <= Vol EMA 10: 640.40
   Cum Return: 0.37 > Cum Return 20MA: 0.36

✅ Period #92 starts on 2017-07-10 00:00:00
   Signal: 1 (BULLISH (BUY)) - Will apply to next 5 days
   Vol EMA 4: 659.50 > Vol EMA 10: 637.30
   Cum Return: 0.44 > Cum Return 20MA: 0.38

✅ Period #93 starts on 2017-07-17 00:00:00
   Signal: 1 (BULLISH (BUY)) - Will apply to next 5 days
   Vol EMA 4: 657.25 > Vol EMA 10: 656.00
   Cum Return: 0.43 > Cum Return 20MA: 0.40

❌ Period #94 starts on 2017-07-24 00:00:00
   Signal: 0 (BEARISH (CASH)) - Will apply to next 5 days
   Vol EMA 4: 620.25 <= Vol EMA 10: 639.30
   Cum Return: 0.44 > Cum Return 20MA: 0.41

❌ Period #95 starts on 2017-07-31 00:00:00
   Signal: 0 (BEARISH (CASH)) - Will apply to next 5 days
   Vol EMA 4: 583.00 <= Vol EMA 10: 604.80
   Cum Return: 0.43 > Cum Return 20MA: 0.43

❌ Period #96 starts on 2017-08-07 00:00:00
   Signal: 0 (BEARISH (CASH)) - Will apply to next 5 days
   Vol EMA 4: 554.25 <= Vol EMA 10: 573.00
   Cum Return: 0.48 > Cum Return 20MA: 0.44

❌ Period #97 starts on 2017-08-14 00:00:00
   Signal: 0 (BEARISH (CASH)) - Will apply to next 5 days
   Vol EMA 4: 460.50 <= Vol EMA 10: 517.30
   Cum Return: 0.39 <= Cum Return 20MA: 0.43

❌ Period #98 starts on 2017-08-22 00:00:00
   Signal: 0 (BEARISH (CASH)) - Will apply to next 5 days
   Vol EMA 4: 458.50 <= Vol EMA 10: 468.70
   Cum Return: 0.42 <= Cum Return 20MA: 0.43

❌ Period #99 starts on 2017-08-30 00:00:00
   Signal: 0 (BEARISH (CASH)) - Will apply to next 5 days
   Vol EMA 4: 456.75 <= Vol EMA 10: 457.60
   Cum Return: 0.50 > Cum Return 20MA: 0.44

✅ Period #100 starts on 2017-09-06 00:00:00
   Signal: 1 (BULLISH (BUY)) - Will apply to next 5 days
   Vol EMA 4: 469.00 > Vol EMA 10: 461.40
   Cum Return: 0.54 > Cum Return 20MA: 0.46

✅ Period #101 starts on 2017-09-13 00:00:00
   Signal: 1 (BULLISH (BUY)) - Will apply to next 5 days
   Vol EMA 4: 478.50 > Vol EMA 10: 473.50
   Cum Return: 0.60 > Cum Return 20MA: 0.50

✅ Period #102 starts on 2017-09-20 00:00:00
   Signal: 1 (BULLISH (BUY)) - Will apply to next 5 days
   Vol EMA 4: 482.75 > Vol EMA 10: 480.20
   Cum Return: 0.73 > Cum Return 20MA: 0.57

❌ Period #103 starts on 2017-09-27 00:00:00
   Signal: 0 (BEARISH (CASH)) - Will apply to next 5 days
   Vol EMA 4: 450.75 <= Vol EMA 10: 470.60
   Cum Return: 0.60 <= Cum Return 20MA: 0.61

❌ Period #104 starts on 2017-10-05 00:00:00
   Signal: 0 (BEARISH (CASH)) - Will apply to next 5 days
   Vol EMA 4: 442.00 <= Vol EMA 10: 449.60
   Cum Return: 0.77 > Cum Return 20MA: 0.66

✅ Period #105 starts on 2017-10-12 00:00:00
   Signal: 1 (BULLISH (BUY)) - Will apply to next 5 days
   Vol EMA 4: 442.75 > Vol EMA 10: 442.30
   Cum Return: 0.86 > Cum Return 20MA: 0.72

✅ Period #106 starts on 2017-10-19 00:00:00
   Signal: 1 (BULLISH (BUY)) - Will apply to next 5 days
   Vol EMA 4: 449.50 > Vol EMA 10: 446.20
   Cum Return: 0.85 > Cum Return 20MA: 0.76

✅ Period #107 starts on 2017-10-27 00:00:00
   Signal: 1 (BULLISH (BUY)) - Will apply to next 5 days
   Vol EMA 4: 471.25 > Vol EMA 10: 458.50
   Cum Return: 0.85 > Cum Return 20MA: 0.81

✅ Period #108 starts on 2017-11-03 00:00:00
   Signal: 1 (BULLISH (BUY)) - Will apply to next 5 days
   Vol EMA 4: 512.00 > Vol EMA 10: 488.60
   Cum Return: 0.98 > Cum Return 20MA: 0.86

✅ Period #109 starts on 2017-11-10 00:00:00
   Signal: 1 (BULLISH (BUY)) - Will apply to next 5 days
   Vol EMA 4: 534.25 > Vol EMA 10: 521.10
   Cum Return: 1.03 > Cum Return 20MA: 0.91

❌ Period #110 starts on 2017-11-17 00:00:00
   Signal: 0 (BEARISH (CASH)) - Will apply to next 5 days
   Vol EMA 4: 515.00 <= Vol EMA 10: 526.50
   Cum Return: 0.96 > Cum Return 20MA: 0.94

❌ Period #111 starts on 2017-11-24 00:00:00
   Signal: 0 (BEARISH (CASH)) - Will apply to next 5 days
   Vol EMA 4: 543.50 > Vol EMA 10: 529.90
   Cum Return: 0.96 <= Cum Return 20MA: 0.97

❌ Period #112 starts on 2017-12-01 00:00:00
   Signal: 0 (BEARISH (CASH)) - Will apply to next 5 days
   Vol EMA 4: 561.75 > Vol EMA 10: 550.70
   Cum Return: 0.98 <= Cum Return 20MA: 0.99

✅ Period #113 starts on 2017-12-08 00:00:00
   Signal: 1 (BULLISH (BUY)) - Will apply to next 5 days
   Vol EMA 4: 561.75 > Vol EMA 10: 560.30
   Cum Return: 1.01 > Cum Return 20MA: 0.97

✅ Period #114 starts on 2017-12-15 00:00:00
   Signal: 1 (BULLISH (BUY)) - Will apply to next 5 days
   Vol EMA 4: 575.50 > Vol EMA 10: 567.90
   Cum Return: 1.01 > Cum Return 20MA: 0.97

✅ Period #115 starts on 2017-12-22 00:00:00
   Signal: 1 (BULLISH (BUY)) - Will apply to next 5 days
   Vol EMA 4: 592.75 > Vol EMA 10: 582.40
   Cum Return: 1.11 > Cum Return 20MA: 1.00

✅ Period #116 starts on 2018-01-01 00:00:00
   Signal: 1 (BULLISH (BUY)) - Will apply to next 5 days
   Vol EMA 4: 611.00 > Vol EMA 10: 599.70
   Cum Return: 1.17 > Cum Return 20MA: 1.03

✅ Period #117 starts on 2018-01-08 00:00:00
   Signal: 1 (BULLISH (BUY)) - Will apply to next 5 days
   Vol EMA 4: 644.50 > Vol EMA 10: 625.20
   Cum Return: 1.38 > Cum Return 20MA: 1.12

✅ Period #118 starts on 2018-01-15 00:00:00
   Signal: 1 (BULLISH (BUY)) - Will apply to next 5 days
   Vol EMA 4: 668.75 > Vol EMA 10: 653.20
   Cum Return: 1.45 > Cum Return 20MA: 1.23

❌ Period #119 starts on 2018-01-22 00:00:00
   Signal: 0 (BEARISH (CASH)) - Will apply to next 5 days
   Vol EMA 4: 651.50 <= Vol EMA 10: 660.40
   Cum Return: 1.40 > Cum Return 20MA: 1.30

❌ Period #120 starts on 2018-01-30 00:00:00
   Signal: 0 (BEARISH (CASH)) - Will apply to next 5 days
   Vol EMA 4: 610.75 <= Vol EMA 10: 636.60
   Cum Return: 1.31 <= Cum Return 20MA: 1.36

❌ Period #121 starts on 2018-02-06 00:00:00
   Signal: 0 (BEARISH (CASH)) - Will apply to next 5 days
   Vol EMA 4: 435.75 <= Vol EMA 10: 540.20
   Cum Return: 0.97 <= Cum Return 20MA: 1.31

✅ Period #122 starts on 2018-02-14 00:00:00
   Signal: 1 (BULLISH (BUY)) - Will apply to next 5 days
   Vol EMA 4: 501.50 > Vol EMA 10: 472.40
   Cum Return: 1.27 > Cum Return 20MA: 1.26

❌ Period #123 starts on 2018-02-21 00:00:00
   Signal: 0 (BEARISH (CASH)) - Will apply to next 5 days
   Vol EMA 4: 424.00 <= Vol EMA 10: 460.80
   Cum Return: 1.11 <= Cum Return 20MA: 1.20

✅ Period #124 starts on 2018-02-28 00:00:00
   Signal: 1 (BULLISH (BUY)) - Will apply to next 5 days
   Vol EMA 4: 435.75 > Vol EMA 10: 432.70
   Cum Return: 1.17 > Cum Return 20MA: 1.15

❌ Period #125 starts on 2018-03-08 00:00:00
   Signal: 0 (BEARISH (CASH)) - Will apply to next 5 days
   Vol EMA 4: 351.50 <= Vol EMA 10: 396.30
   Cum Return: 1.05 <= Cum Return 20MA: 1.14

❌ Period #126 starts on 2018-03-15 00:00:00
   Signal: 0 (BEARISH (CASH)) - Will apply to next 5 days
   Vol EMA 4: 327.00 <= Vol EMA 10: 344.80
   Cum Return: 1.15 > Cum Return 20MA: 1.12

❌ Period #127 starts on 2018-03-22 00:00:00
   Signal: 0 (BEARISH (CASH)) - Will apply to next 5 days
   Vol EMA 4: 271.50 <= Vol EMA 10: 302.30
   Cum Return: 1.11 <= Cum Return 20MA: 1.11

❌ Period #128 starts on 2018-04-02 00:00:00
   Signal: 0 (BEARISH (CASH)) - Will apply to next 5 days
   Vol EMA 4: 237.25 <= Vol EMA 10: 258.20
   Cum Return: 1.14 > Cum Return 20MA: 1.10

✅ Period #129 starts on 2018-04-09 00:00:00
   Signal: 1 (BULLISH (BUY)) - Will apply to next 5 days
   Vol EMA 4: 238.25 > Vol EMA 10: 237.70
   Cum Return: 1.16 > Cum Return 20MA: 1.11

❌ Period #130 starts on 2018-04-16 00:00:00
   Signal: 0 (BEARISH (CASH)) - Will apply to next 5 days
   Vol EMA 4: 210.00 <= Vol EMA 10: 226.30
   Cum Return: 1.18 > Cum Return 20MA: 1.13

❌ Period #131 starts on 2018-04-23 00:00:00
   Signal: 0 (BEARISH (CASH)) - Will apply to next 5 days
   Vol EMA 4: 208.00 <= Vol EMA 10: 210.30
   Cum Return: 1.24 > Cum Return 20MA: 1.15

❌ Period #132 starts on 2018-04-30 00:00:00
   Signal: 0 (BEARISH (CASH)) - Will apply to next 5 days
   Vol EMA 4: 204.50 <= Vol EMA 10: 207.20
   Cum Return: 1.27 > Cum Return 20MA: 1.19

❌ Period #133 starts on 2018-05-08 00:00:00
   Signal: 0 (BEARISH (CASH)) - Will apply to next 5 days
   Vol EMA 4: 192.75 <= Vol EMA 10: 200.00
   Cum Return: 1.25 > Cum Return 20MA: 1.21

❌ Period #134 starts on 2018-05-15 00:00:00
   Signal: 0 (BEARISH (CASH)) - Will apply to next 5 days
   Vol EMA 4: 180.50 <= Vol EMA 10: 188.00
   Cum Return: 1.26 > Cum Return 20MA: 1.23

❌ Period #135 starts on 2018-05-22 00:00:00
   Signal: 0 (BEARISH (CASH)) - Will apply to next 5 days
   Vol EMA 4: 168.50 <= Vol EMA 10: 175.90
   Cum Return: 1.22 <= Cum Return 20MA: 1.25

✅ Period #136 starts on 2018-05-29 00:00:00
   Signal: 1 (BULLISH (BUY)) - Will apply to next 5 days
   Vol EMA 4: 177.25 > Vol EMA 10: 171.90
   Cum Return: 1.31 > Cum Return 20MA: 1.25

❌ Period #137 starts on 2018-06-05 00:00:00
   Signal: 0 (BEARISH (CASH)) - Will apply to next 5 days
   Vol EMA 4: 170.75 <= Vol EMA 10: 174.70
   Cum Return: 1.19 <= Cum Return 20MA: 1.26

✅ Period #138 starts on 2018-06-12 00:00:00
   Signal: 1 (BULLISH (BUY)) - Will apply to next 5 days
   Vol EMA 4: 183.00 > Vol EMA 10: 176.60
   Cum Return: 1.31 > Cum Return 20MA: 1.27

❌ Period #139 starts on 2018-06-19 00:00:00
   Signal: 0 (BEARISH (CASH)) - Will apply to next 5 days
   Vol EMA 4: 187.00 > Vol EMA 10: 183.40
   Cum Return: 1.25 <= Cum Return 20MA: 1.28

❌ Period #140 starts on 2018-06-26 00:00:00
   Signal: 0 (BEARISH (CASH)) - Will apply to next 5 days
   Vol EMA 4: 166.25 <= Vol EMA 10: 178.00
   Cum Return: 1.27 <= Cum Return 20MA: 1.28

❌ Period #141 starts on 2018-07-03 00:00:00
   Signal: 0 (BEARISH (CASH)) - Will apply to next 5 days
   Vol EMA 4: 133.00 <= Vol EMA 10: 150.40
   Cum Return: 1.32 > Cum Return 20MA: 1.28

✅ Period #142 starts on 2018-07-10 00:00:00
   Signal: 1 (BULLISH (BUY)) - Will apply to next 5 days
   Vol EMA 4: 136.50 > Vol EMA 10: 134.80
   Cum Return: 1.38 > Cum Return 20MA: 1.29

❌ Period #143 starts on 2018-07-17 00:00:00
   Signal: 0 (BEARISH (CASH)) - Will apply to next 5 days
   Vol EMA 4: 134.50 <= Vol EMA 10: 136.30
   Cum Return: 1.38 > Cum Return 20MA: 1.32

❌ Period #144 starts on 2018-07-24 00:00:00
   Signal: 0 (BEARISH (CASH)) - Will apply to next 5 days
   Vol EMA 4: 118.25 <= Vol EMA 10: 127.90
   Cum Return: 1.44 > Cum Return 20MA: 1.35

✅ Period #145 starts on 2018-07-31 00:00:00
   Signal: 1 (BULLISH (BUY)) - Will apply to next 5 days
   Vol EMA 4: 121.50 > Vol EMA 10: 120.60
   Cum Return: 1.53 > Cum Return 20MA: 1.41

✅ Period #146 starts on 2018-08-07 00:00:00
   Signal: 1 (BULLISH (BUY)) - Will apply to next 5 days
   Vol EMA 4: 127.25 > Vol EMA 10: 124.40
   Cum Return: 1.54 > Cum Return 20MA: 1.46

❌ Period #147 starts on 2018-08-14 00:00:00
   Signal: 0 (BEARISH (CASH)) - Will apply to next 5 days
   Vol EMA 4: 124.75 <= Vol EMA 10: 126.30
   Cum Return: 1.63 > Cum Return 20MA: 1.51

✅ Period #148 starts on 2018-08-23 00:00:00
   Signal: 1 (BULLISH (BUY)) - Will apply to next 5 days
   Vol EMA 4: 128.00 > Vol EMA 10: 126.50
   Cum Return: 1.69 > Cum Return 20MA: 1.58

✅ Period #149 starts on 2018-08-30 00:00:00
   Signal: 1 (BULLISH (BUY)) - Will apply to next 5 days
   Vol EMA 4: 130.00 > Vol EMA 10: 128.90
   Cum Return: 1.70 > Cum Return 20MA: 1.63

❌ Period #150 starts on 2018-09-06 00:00:00
   Signal: 0 (BEARISH (CASH)) - Will apply to next 5 days
   Vol EMA 4: 137.00 > Vol EMA 10: 133.40
   Cum Return: 1.61 <= Cum Return 20MA: 1.66

❌ Period #151 starts on 2018-09-14 00:00:00
   Signal: 0 (BEARISH (CASH)) - Will apply to next 5 days
   Vol EMA 4: 136.75 <= Vol EMA 10: 137.20
   Cum Return: 1.58 <= Cum Return 20MA: 1.65

❌ Period #152 starts on 2018-09-24 00:00:00
   Signal: 0 (BEARISH (CASH)) - Will apply to next 5 days
   Vol EMA 4: 131.00 <= Vol EMA 10: 135.00
   Cum Return: 1.41 <= Cum Return 20MA: 1.61

❌ Period #153 starts on 2018-10-01 00:00:00
   Signal: 0 (BEARISH (CASH)) - Will apply to next 5 days
   Vol EMA 4: 101.00 <= Vol EMA 10: 118.70
   Cum Return: 1.22 <= Cum Return 20MA: 1.50

❌ Period #154 starts on 2018-10-09 00:00:00
   Signal: 0 (BEARISH (CASH)) - Will apply to next 5 days
   Vol EMA 4: 65.50 <= Vol EMA 10: 87.30
   Cum Return: 1.05 <= Cum Return 20MA: 1.37

❌ Period #155 starts on 2018-10-16 00:00:00
   Signal: 0 (BEARISH (CASH)) - Will apply to next 5 days
   Vol EMA 4: 85.50 > Vol EMA 10: 77.10
   Cum Return: 1.12 <= Cum Return 20MA: 1.24

❌ Period #156 starts on 2018-10-24 00:00:00
   Signal: 0 (BEARISH (CASH)) - Will apply to next 5 days
   Vol EMA 4: 73.75 <= Vol EMA 10: 80.90
   Cum Return: 1.04 <= Cum Return 20MA: 1.14

✅ Period #157 starts on 2018-10-31 00:00:00
   Signal: 1 (BULLISH (BUY)) - Will apply to next 5 days
   Vol EMA 4: 75.75 > Vol EMA 10: 75.50
   Cum Return: 1.13 > Cum Return 20MA: 1.08

✅ Period #158 starts on 2018-11-07 00:00:00
   Signal: 1 (BULLISH (BUY)) - Will apply to next 5 days
   Vol EMA 4: 78.50 > Vol EMA 10: 76.30
   Cum Return: 1.11 > Cum Return 20MA: 1.08

❌ Period #159 starts on 2018-11-15 00:00:00
   Signal: 0 (BEARISH (CASH)) - Will apply to next 5 days
   Vol EMA 4: 80.00 > Vol EMA 10: 79.10
   Cum Return: 1.08 <= Cum Return 20MA: 1.09

❌ Period #160 starts on 2018-11-22 00:00:00
   Signal: 0 (BEARISH (CASH)) - Will apply to next 5 days
   Vol EMA 4: 76.00 <= Vol EMA 10: 78.30
   Cum Return: 1.03 <= Cum Return 20MA: 1.08

❌ Period #161 starts on 2018-11-30 00:00:00
   Signal: 0 (BEARISH (CASH)) - Will apply to next 5 days
   Vol EMA 4: 68.00 <= Vol EMA 10: 72.50
   Cum Return: 1.08 <= Cum Return 20MA: 1.08

❌ Period #162 starts on 2018-12-07 00:00:00
   Signal: 0 (BEARISH (CASH)) - Will apply to next 5 days
   Vol EMA 4: 61.75 <= Vol EMA 10: 65.20
   Cum Return: 1.05 <= Cum Return 20MA: 1.07

❌ Period #163 starts on 2018-12-14 00:00:00
   Signal: 0 (BEARISH (CASH)) - Will apply to next 5 days
   Vol EMA 4: 56.75 <= Vol EMA 10: 59.30
   Cum Return: 1.08 > Cum Return 20MA: 1.06

✅ Period #164 starts on 2018-12-21 00:00:00
   Signal: 1 (BULLISH (BUY)) - Will apply to next 5 days
   Vol EMA 4: 64.00 > Vol EMA 10: 59.50
   Cum Return: 1.09 > Cum Return 20MA: 1.07

✅ Period #165 starts on 2018-12-31 00:00:00
   Signal: 1 (BULLISH (BUY)) - Will apply to next 5 days
   Vol EMA 4: 69.75 > Vol EMA 10: 66.20
   Cum Return: 1.11 > Cum Return 20MA: 1.08

✅ Period #166 starts on 2019-01-07 00:00:00
   Signal: 1 (BULLISH (BUY)) - Will apply to next 5 days
   Vol EMA 4: 76.25 > Vol EMA 10: 72.40
   Cum Return: 1.09 > Cum Return 20MA: 1.08

✅ Period #167 starts on 2019-01-14 00:00:00
   Signal: 1 (BULLISH (BUY)) - Will apply to next 5 days
   Vol EMA 4: 90.75 > Vol EMA 10: 82.60
   Cum Return: 1.10 > Cum Return 20MA: 1.10

❌ Period #168 starts on 2019-01-21 00:00:00
   Signal: 0 (BEARISH (CASH)) - Will apply to next 5 days
   Vol EMA 4: 99.25 > Vol EMA 10: 94.50
   Cum Return: 1.09 <= Cum Return 20MA: 1.10

❌ Period #169 starts on 2019-01-28 00:00:00
   Signal: 0 (BEARISH (CASH)) - Will apply to next 5 days
   Vol EMA 4: 92.75 <= Vol EMA 10: 96.60
   Cum Return: 1.02 <= Cum Return 20MA: 1.09

❌ Period #170 starts on 2019-02-04 00:00:00
   Signal: 0 (BEARISH (CASH)) - Will apply to next 5 days
   Vol EMA 4: 90.00 <= Vol EMA 10: 91.00
   Cum Return: 1.09 > Cum Return 20MA: 1.09

❌ Period #171 starts on 2019-02-11 00:00:00
   Signal: 0 (BEARISH (CASH)) - Will apply to next 5 days
   Vol EMA 4: 98.25 > Vol EMA 10: 92.60
   Cum Return: 1.06 <= Cum Return 20MA: 1.09

❌ Period #172 starts on 2019-02-19 00:00:00
   Signal: 0 (BEARISH (CASH)) - Will apply to next 5 days
   Vol EMA 4: 84.50 <= Vol EMA 10: 91.70
   Cum Return: 1.01 <= Cum Return 20MA: 1.07

✅ Period #173 starts on 2019-02-26 00:00:00
   Signal: 1 (BULLISH (BUY)) - Will apply to next 5 days
   Vol EMA 4: 94.25 > Vol EMA 10: 89.40
   Cum Return: 1.08 > Cum Return 20MA: 1.06

✅ Period #174 starts on 2019-03-06 00:00:00
   Signal: 1 (BULLISH (BUY)) - Will apply to next 5 days
   Vol EMA 4: 107.00 > Vol EMA 10: 99.00
   Cum Return: 1.13 > Cum Return 20MA: 1.07

✅ Period #175 starts on 2019-03-13 00:00:00
   Signal: 1 (BULLISH (BUY)) - Will apply to next 5 days
   Vol EMA 4: 122.50 > Vol EMA 10: 113.20
   Cum Return: 1.13 > Cum Return 20MA: 1.08

✅ Period #176 starts on 2019-03-20 00:00:00
   Signal: 1 (BULLISH (BUY)) - Will apply to next 5 days
   Vol EMA 4: 132.50 > Vol EMA 10: 125.90
   Cum Return: 1.14 > Cum Return 20MA: 1.11

✅ Period #177 starts on 2019-03-28 00:00:00
   Signal: 1 (BULLISH (BUY)) - Will apply to next 5 days
   Vol EMA 4: 135.75 > Vol EMA 10: 133.70
   Cum Return: 1.17 > Cum Return 20MA: 1.13

✅ Period #178 starts on 2019-04-05 00:00:00
   Signal: 1 (BULLISH (BUY)) - Will apply to next 5 days
   Vol EMA 4: 141.00 > Vol EMA 10: 138.20
   Cum Return: 1.19 > Cum Return 20MA: 1.15

✅ Period #179 starts on 2019-04-12 00:00:00
   Signal: 1 (BULLISH (BUY)) - Will apply to next 5 days
   Vol EMA 4: 149.75 > Vol EMA 10: 144.30
   Cum Return: 1.16 > Cum Return 20MA: 1.16

✅ Period #180 starts on 2019-04-23 00:00:00
   Signal: 1 (BULLISH (BUY)) - Will apply to next 5 days
   Vol EMA 4: 154.00 > Vol EMA 10: 151.90
   Cum Return: 1.17 > Cum Return 20MA: 1.16

❌ Period #181 starts on 2019-05-02 00:00:00
   Signal: 0 (BEARISH (CASH)) - Will apply to next 5 days
   Vol EMA 4: 155.00 <= Vol EMA 10: 155.00
   Cum Return: 1.18 > Cum Return 20MA: 1.17

❌ Period #182 starts on 2019-05-09 00:00:00
   Signal: 0 (BEARISH (CASH)) - Will apply to next 5 days
   Vol EMA 4: 152.25 <= Vol EMA 10: 153.80
   Cum Return: 1.10 <= Cum Return 20MA: 1.16

❌ Period #183 starts on 2019-05-16 00:00:00
   Signal: 0 (BEARISH (CASH)) - Will apply to next 5 days
   Vol EMA 4: 143.00 <= Vol EMA 10: 149.30
   Cum Return: 1.12 <= Cum Return 20MA: 1.15

✅ Period #184 starts on 2019-05-23 00:00:00
   Signal: 1 (BULLISH (BUY)) - Will apply to next 5 days
   Vol EMA 4: 171.25 > Vol EMA 10: 156.30
   Cum Return: 1.20 > Cum Return 20MA: 1.15

✅ Period #185 starts on 2019-05-30 00:00:00
   Signal: 1 (BULLISH (BUY)) - Will apply to next 5 days
   Vol EMA 4: 208.25 > Vol EMA 10: 185.80
   Cum Return: 1.22 > Cum Return 20MA: 1.16

✅ Period #186 starts on 2019-06-07 00:00:00
   Signal: 1 (BULLISH (BUY)) - Will apply to next 5 days
   Vol EMA 4: 213.00 > Vol EMA 10: 209.30
   Cum Return: 1.22 > Cum Return 20MA: 1.18

❌ Period #187 starts on 2019-06-14 00:00:00
   Signal: 0 (BEARISH (CASH)) - Will apply to next 5 days
   Vol EMA 4: 223.50 > Vol EMA 10: 218.30
   Cum Return: 1.20 <= Cum Return 20MA: 1.21

❌ Period #188 starts on 2019-06-21 00:00:00
   Signal: 0 (BEARISH (CASH)) - Will apply to next 5 days
   Vol EMA 4: 205.75 <= Vol EMA 10: 214.90
   Cum Return: 1.18 <= Cum Return 20MA: 1.21

✅ Period #189 starts on 2019-06-28 00:00:00
   Signal: 1 (BULLISH (BUY)) - Will apply to next 5 days
   Vol EMA 4: 222.00 > Vol EMA 10: 213.50
   Cum Return: 1.24 > Cum Return 20MA: 1.21

✅ Period #190 starts on 2019-07-05 00:00:00
   Signal: 1 (BULLISH (BUY)) - Will apply to next 5 days
   Vol EMA 4: 230.25 > Vol EMA 10: 225.10
   Cum Return: 1.22 > Cum Return 20MA: 1.21

❌ Period #191 starts on 2019-07-12 00:00:00
   Signal: 0 (BEARISH (CASH)) - Will apply to next 5 days
   Vol EMA 4: 215.00 <= Vol EMA 10: 222.20
   Cum Return: 1.12 <= Cum Return 20MA: 1.19

❌ Period #192 starts on 2019-07-19 00:00:00
   Signal: 0 (BEARISH (CASH)) - Will apply to next 5 days
   Vol EMA 4: 207.25 <= Vol EMA 10: 211.50
   Cum Return: 1.08 <= Cum Return 20MA: 1.17

❌ Period #193 starts on 2019-07-26 00:00:00
   Signal: 0 (BEARISH (CASH)) - Will apply to next 5 days
   Vol EMA 4: 180.50 <= Vol EMA 10: 195.30
   Cum Return: 1.06 <= Cum Return 20MA: 1.13

❌ Period #194 starts on 2019-08-02 00:00:00
   Signal: 0 (BEARISH (CASH)) - Will apply to next 5 days
   Vol EMA 4: 142.25 <= Vol EMA 10: 164.80
   Cum Return: 1.01 <= Cum Return 20MA: 1.08

❌ Period #195 starts on 2019-08-09 00:00:00
   Signal: 0 (BEARISH (CASH)) - Will apply to next 5 days
   Vol EMA 4: 130.50 <= Vol EMA 10: 137.90
   Cum Return: 1.01 <= Cum Return 20MA: 1.05

❌ Period #196 starts on 2019-08-20 00:00:00
   Signal: 0 (BEARISH (CASH)) - Will apply to next 5 days
   Vol EMA 4: 125.25 <= Vol EMA 10: 127.40
   Cum Return: 1.01 <= Cum Return 20MA: 1.02

❌ Period #197 starts on 2019-08-27 00:00:00
   Signal: 0 (BEARISH (CASH)) - Will apply to next 5 days
   Vol EMA 4: 98.75 <= Vol EMA 10: 113.90
   Cum Return: 1.04 > Cum Return 20MA: 1.01

❌ Period #198 starts on 2019-09-04 00:00:00
   Signal: 0 (BEARISH (CASH)) - Will apply to next 5 days
   Vol EMA 4: 98.25 <= Vol EMA 10: 100.20
   Cum Return: 1.01 > Cum Return 20MA: 1.01

❌ Period #199 starts on 2019-09-12 00:00:00
   Signal: 0 (BEARISH (CASH)) - Will apply to next 5 days
   Vol EMA 4: 100.00 > Vol EMA 10: 99.60
   Cum Return: 1.01 <= Cum Return 20MA: 1.01

❌ Period #200 starts on 2019-09-19 00:00:00
   Signal: 0 (BEARISH (CASH)) - Will apply to next 5 days
   Vol EMA 4: 96.75 <= Vol EMA 10: 99.10
   Cum Return: 0.99 <= Cum Return 20MA: 1.01

❌ Period #201 starts on 2019-09-26 00:00:00
   Signal: 0 (BEARISH (CASH)) - Will apply to next 5 days
   Vol EMA 4: 92.00 <= Vol EMA 10: 95.10
   Cum Return: 1.09 > Cum Return 20MA: 1.03

❌ Period #202 starts on 2019-10-04 00:00:00
   Signal: 0 (BEARISH (CASH)) - Will apply to next 5 days
   Vol EMA 4: 93.50 > Vol EMA 10: 92.50
   Cum Return: 1.03 <= Cum Return 20MA: 1.04

✅ Period #203 starts on 2019-10-14 00:00:00
   Signal: 1 (BULLISH (BUY)) - Will apply to next 5 days
   Vol EMA 4: 102.50 > Vol EMA 10: 97.00
   Cum Return: 1.09 > Cum Return 20MA: 1.05

✅ Period #204 starts on 2019-10-22 00:00:00
   Signal: 1 (BULLISH (BUY)) - Will apply to next 5 days
   Vol EMA 4: 103.50 > Vol EMA 10: 102.30
   Cum Return: 1.18 > Cum Return 20MA: 1.08

✅ Period #205 starts on 2019-10-29 00:00:00
   Signal: 1 (BULLISH (BUY)) - Will apply to next 5 days
   Vol EMA 4: 122.25 > Vol EMA 10: 112.00
   Cum Return: 1.20 > Cum Return 20MA: 1.11

✅ Period #206 starts on 2019-11-05 00:00:00
   Signal: 1 (BULLISH (BUY)) - Will apply to next 5 days
   Vol EMA 4: 140.50 > Vol EMA 10: 130.00
   Cum Return: 1.19 > Cum Return 20MA: 1.15

✅ Period #207 starts on 2019-11-13 00:00:00
   Signal: 1 (BULLISH (BUY)) - Will apply to next 5 days
   Vol EMA 4: 151.50 > Vol EMA 10: 144.90
   Cum Return: 1.24 > Cum Return 20MA: 1.19

✅ Period #208 starts on 2019-11-20 00:00:00
   Signal: 1 (BULLISH (BUY)) - Will apply to next 5 days
   Vol EMA 4: 164.50 > Vol EMA 10: 157.00
   Cum Return: 1.23 > Cum Return 20MA: 1.21

✅ Period #209 starts on 2019-11-27 00:00:00
   Signal: 1 (BULLISH (BUY)) - Will apply to next 5 days
   Vol EMA 4: 170.50 > Vol EMA 10: 166.70
   Cum Return: 1.26 > Cum Return 20MA: 1.23

✅ Period #210 starts on 2019-12-04 00:00:00
   Signal: 1 (BULLISH (BUY)) - Will apply to next 5 days
   Vol EMA 4: 173.75 > Vol EMA 10: 171.90
   Cum Return: 1.25 > Cum Return 20MA: 1.23

❌ Period #211 starts on 2019-12-11 00:00:00
   Signal: 0 (BEARISH (CASH)) - Will apply to next 5 days
   Vol EMA 4: 163.75 <= Vol EMA 10: 169.90
   Cum Return: 1.21 <= Cum Return 20MA: 1.24

✅ Period #212 starts on 2019-12-18 00:00:00
   Signal: 1 (BULLISH (BUY)) - Will apply to next 5 days
   Vol EMA 4: 171.50 > Vol EMA 10: 168.10
   Cum Return: 1.25 > Cum Return 20MA: 1.24

✅ Period #213 starts on 2019-12-26 00:00:00
   Signal: 1 (BULLISH (BUY)) - Will apply to next 5 days
   Vol EMA 4: 179.25 > Vol EMA 10: 174.60
   Cum Return: 1.31 > Cum Return 20MA: 1.25

✅ Period #214 starts on 2020-01-02 00:00:00
   Signal: 1 (BULLISH (BUY)) - Will apply to next 5 days
   Vol EMA 4: 187.00 > Vol EMA 10: 182.40
   Cum Return: 1.35 > Cum Return 20MA: 1.27

✅ Period #215 starts on 2020-01-09 00:00:00
   Signal: 1 (BULLISH (BUY)) - Will apply to next 5 days
   Vol EMA 4: 196.25 > Vol EMA 10: 191.60
   Cum Return: 1.43 > Cum Return 20MA: 1.31

✅ Period #216 starts on 2020-01-16 00:00:00
   Signal: 1 (BULLISH (BUY)) - Will apply to next 5 days
   Vol EMA 4: 227.75 > Vol EMA 10: 210.50
   Cum Return: 1.47 > Cum Return 20MA: 1.36

✅ Period #217 starts on 2020-01-23 00:00:00
   Signal: 1 (BULLISH (BUY)) - Will apply to next 5 days
   Vol EMA 4: 248.25 > Vol EMA 10: 234.90
   Cum Return: 1.50 > Cum Return 20MA: 1.41

✅ Period #218 starts on 2020-01-30 00:00:00
   Signal: 1 (BULLISH (BUY)) - Will apply to next 5 days
   Vol EMA 4: 265.75 > Vol EMA 10: 255.40
   Cum Return: 1.48 > Cum Return 20MA: 1.45

✅ Period #219 starts on 2020-02-06 00:00:00
   Signal: 1 (BULLISH (BUY)) - Will apply to next 5 days
   Vol EMA 4: 267.00 > Vol EMA 10: 266.10
   Cum Return: 1.53 > Cum Return 20MA: 1.48

✅ Period #220 starts on 2020-02-13 00:00:00
   Signal: 1 (BULLISH (BUY)) - Will apply to next 5 days
   Vol EMA 4: 280.25 > Vol EMA 10: 274.20
   Cum Return: 1.54 > Cum Return 20MA: 1.51

❌ Period #221 starts on 2020-02-20 00:00:00
   Signal: 0 (BEARISH (CASH)) - Will apply to next 5 days
   Vol EMA 4: 277.75 <= Vol EMA 10: 280.20
   Cum Return: 1.52 > Cum Return 20MA: 1.52

❌ Period #222 starts on 2020-02-28 00:00:00
   Signal: 0 (BEARISH (CASH)) - Will apply to next 5 days
   Vol EMA 4: 250.00 <= Vol EMA 10: 266.30
   Cum Return: 1.30 <= Cum Return 20MA: 1.49

❌ Period #223 starts on 2020-03-06 00:00:00
   Signal: 0 (BEARISH (CASH)) - Will apply to next 5 days
   Vol EMA 4: 207.00 <= Vol EMA 10: 230.60
   Cum Return: 1.32 <= Cum Return 20MA: 1.45

❌ Period #224 starts on 2020-03-16 00:00:00
   Signal: 0 (BEARISH (CASH)) - Will apply to next 5 days
   Vol EMA 4: 103.50 <= Vol EMA 10: 160.90
   Cum Return: 0.98 <= Cum Return 20MA: 1.34

❌ Period #225 starts on 2020-03-23 00:00:00
   Signal: 0 (BEARISH (CASH)) - Will apply to next 5 days
   Vol EMA 4: 29.00 <= Vol EMA 10: 74.40
   Cum Return: 0.66 <= Cum Return 20MA: 1.16

❌ Period #226 starts on 2020-03-30 00:00:00
   Signal: 0 (BEARISH (CASH)) - Will apply to next 5 days
   Vol EMA 4: 22.50 <= Vol EMA 10: 28.20
   Cum Return: 0.82 <= Cum Return 20MA: 1.01

✅ Period #227 starts on 2020-04-08 00:00:00
   Signal: 1 (BULLISH (BUY)) - Will apply to next 5 days
   Vol EMA 4: 32.75 > Vol EMA 10: 26.20
   Cum Return: 1.01 > Cum Return 20MA: 0.90

✅ Period #228 starts on 2020-04-17 00:00:00
   Signal: 1 (BULLISH (BUY)) - Will apply to next 5 days
   Vol EMA 4: 58.50 > Vol EMA 10: 44.30
   Cum Return: 1.01 > Cum Return 20MA: 0.88

✅ Period #229 starts on 2020-04-24 00:00:00
   Signal: 1 (BULLISH (BUY)) - Will apply to next 5 days
   Vol EMA 4: 59.50 > Vol EMA 10: 59.00
   Cum Return: 1.04 > Cum Return 20MA: 0.93

❌ Period #230 starts on 2020-05-04 00:00:00
   Signal: 0 (BEARISH (CASH)) - Will apply to next 5 days
   Vol EMA 4: 57.00 <= Vol EMA 10: 58.70
   Cum Return: 1.03 > Cum Return 20MA: 0.99

❌ Period #231 starts on 2020-05-11 00:00:00
   Signal: 0 (BEARISH (CASH)) - Will apply to next 5 days
   Vol EMA 4: 45.00 <= Vol EMA 10: 51.40
   Cum Return: 1.02 <= Cum Return 20MA: 1.02

❌ Period #232 starts on 2020-05-18 00:00:00
   Signal: 0 (BEARISH (CASH)) - Will apply to next 5 days
   Vol EMA 4: 36.75 <= Vol EMA 10: 41.30
   Cum Return: 0.99 <= Cum Return 20MA: 1.02

❌ Period #233 starts on 2020-05-26 00:00:00
   Signal: 0 (BEARISH (CASH)) - Will apply to next 5 days
   Vol EMA 4: 36.50 <= Vol EMA 10: 36.50
   Cum Return: 1.04 > Cum Return 20MA: 1.03

✅ Period #234 starts on 2020-06-02 00:00:00
   Signal: 1 (BULLISH (BUY)) - Will apply to next 5 days
   Vol EMA 4: 40.50 > Vol EMA 10: 38.20
   Cum Return: 1.04 > Cum Return 20MA: 1.02

✅ Period #235 starts on 2020-06-09 00:00:00
   Signal: 1 (BULLISH (BUY)) - Will apply to next 5 days
   Vol EMA 4: 51.50 > Vol EMA 10: 45.50
   Cum Return: 1.03 > Cum Return 20MA: 1.03

✅ Period #236 starts on 2020-06-16 00:00:00
   Signal: 1 (BULLISH (BUY)) - Will apply to next 5 days
   Vol EMA 4: 70.75 > Vol EMA 10: 59.70
   Cum Return: 1.06 > Cum Return 20MA: 1.04

✅ Period #237 starts on 2020-06-23 00:00:00
   Signal: 1 (BULLISH (BUY)) - Will apply to next 5 days
   Vol EMA 4: 98.00 > Vol EMA 10: 81.80
   Cum Return: 1.15 > Cum Return 20MA: 1.06

✅ Period #238 starts on 2020-06-30 00:00:00
   Signal: 1 (BULLISH (BUY)) - Will apply to next 5 days
   Vol EMA 4: 115.00 > Vol EMA 10: 104.20
   Cum Return: 1.11 > Cum Return 20MA: 1.08

✅ Period #239 starts on 2020-07-07 00:00:00
   Signal: 1 (BULLISH (BUY)) - Will apply to next 5 days
   Vol EMA 4: 125.50 > Vol EMA 10: 119.00
   Cum Return: 1.15 > Cum Return 20MA: 1.11

✅ Period #240 starts on 2020-07-14 00:00:00
   Signal: 1 (BULLISH (BUY)) - Will apply to next 5 days
   Vol EMA 4: 131.25 > Vol EMA 10: 127.40
   Cum Return: 1.23 > Cum Return 20MA: 1.14

✅ Period #241 starts on 2020-07-21 00:00:00
   Signal: 1 (BULLISH (BUY)) - Will apply to next 5 days
   Vol EMA 4: 133.75 > Vol EMA 10: 131.10
   Cum Return: 1.35 > Cum Return 20MA: 1.19

❌ Period #242 starts on 2020-07-28 00:00:00
   Signal: 0 (BEARISH (CASH)) - Will apply to next 5 days
   Vol EMA 4: 128.25 <= Vol EMA 10: 130.40
   Cum Return: 1.40 > Cum Return 20MA: 1.26

✅ Period #243 starts on 2020-08-04 00:00:00
   Signal: 1 (BULLISH (BUY)) - Will apply to next 5 days
   Vol EMA 4: 134.25 > Vol EMA 10: 131.30
   Cum Return: 1.51 > Cum Return 20MA: 1.34

✅ Period #244 starts on 2020-08-11 00:00:00
   Signal: 1 (BULLISH (BUY)) - Will apply to next 5 days
   Vol EMA 4: 153.00 > Vol EMA 10: 142.50
   Cum Return: 1.65 > Cum Return 20MA: 1.44

✅ Period #245 starts on 2020-08-18 00:00:00
   Signal: 1 (BULLISH (BUY)) - Will apply to next 5 days
   Vol EMA 4: 177.75 > Vol EMA 10: 163.60
   Cum Return: 1.66 > Cum Return 20MA: 1.52

✅ Period #246 starts on 2020-08-25 00:00:00
   Signal: 1 (BULLISH (BUY)) - Will apply to next 5 days
   Vol EMA 4: 227.50 > Vol EMA 10: 199.10
   Cum Return: 1.85 > Cum Return 20MA: 1.62

✅ Period #247 starts on 2020-09-01 00:00:00
   Signal: 1 (BULLISH (BUY)) - Will apply to next 5 days
   Vol EMA 4: 279.25 > Vol EMA 10: 248.90
   Cum Return: 1.73 > Cum Return 20MA: 1.70

✅ Period #248 starts on 2020-09-08 00:00:00
   Signal: 1 (BULLISH (BUY)) - Will apply to next 5 days
   Vol EMA 4: 300.50 > Vol EMA 10: 286.70
   Cum Return: 1.87 > Cum Return 20MA: 1.76

✅ Period #249 starts on 2020-09-15 00:00:00
   Signal: 1 (BULLISH (BUY)) - Will apply to next 5 days
   Vol EMA 4: 322.25 > Vol EMA 10: 307.20
   Cum Return: 2.07 > Cum Return 20MA: 1.84

✅ Period #250 starts on 2020-09-22 00:00:00
   Signal: 1 (BULLISH (BUY)) - Will apply to next 5 days
   Vol EMA 4: 343.75 > Vol EMA 10: 330.40
   Cum Return: 1.92 > Cum Return 20MA: 1.90

✅ Period #251 starts on 2020-09-29 00:00:00
   Signal: 1 (BULLISH (BUY)) - Will apply to next 5 days
   Vol EMA 4: 350.50 > Vol EMA 10: 345.00
   Cum Return: 2.03 > Cum Return 20MA: 1.95

✅ Period #252 starts on 2020-10-07 00:00:00
   Signal: 1 (BULLISH (BUY)) - Will apply to next 5 days
   Vol EMA 4: 416.00 > Vol EMA 10: 378.00
   Cum Return: 2.08 > Cum Return 20MA: 1.99

✅ Period #253 starts on 2020-10-14 00:00:00
   Signal: 1 (BULLISH (BUY)) - Will apply to next 5 days
   Vol EMA 4: 431.25 > Vol EMA 10: 420.80
   Cum Return: 2.11 > Cum Return 20MA: 2.03

❌ Period #254 starts on 2020-10-21 00:00:00
   Signal: 0 (BEARISH (CASH)) - Will apply to next 5 days
   Vol EMA 4: 432.00 > Vol EMA 10: 430.10
   Cum Return: 2.02 <= Cum Return 20MA: 2.03

❌ Period #255 starts on 2020-10-28 00:00:00
   Signal: 0 (BEARISH (CASH)) - Will apply to next 5 days
   Vol EMA 4: 444.00 > Vol EMA 10: 436.90
   Cum Return: 1.98 <= Cum Return 20MA: 2.04

❌ Period #256 starts on 2020-11-04 00:00:00
   Signal: 0 (BEARISH (CASH)) - Will apply to next 5 days
   Vol EMA 4: 412.25 <= Vol EMA 10: 429.40
   Cum Return: 1.99 <= Cum Return 20MA: 2.03

✅ Period #257 starts on 2020-11-11 00:00:00
   Signal: 1 (BULLISH (BUY)) - Will apply to next 5 days
   Vol EMA 4: 430.00 > Vol EMA 10: 422.10
   Cum Return: 2.04 > Cum Return 20MA: 2.01

✅ Period #258 starts on 2020-11-18 00:00:00
   Signal: 1 (BULLISH (BUY)) - Will apply to next 5 days
   Vol EMA 4: 469.25 > Vol EMA 10: 446.80
   Cum Return: 2.20 > Cum Return 20MA: 2.05

✅ Period #259 starts on 2020-11-25 00:00:00
   Signal: 1 (BULLISH (BUY)) - Will apply to next 5 days
   Vol EMA 4: 506.00 > Vol EMA 10: 482.90
   Cum Return: 2.26 > Cum Return 20MA: 2.11

✅ Period #260 starts on 2020-12-03 00:00:00
   Signal: 1 (BULLISH (BUY)) - Will apply to next 5 days
   Vol EMA 4: 539.25 > Vol EMA 10: 518.00
   Cum Return: 2.48 > Cum Return 20MA: 2.21

✅ Period #261 starts on 2020-12-10 00:00:00
   Signal: 1 (BULLISH (BUY)) - Will apply to next 5 days
   Vol EMA 4: 621.50 > Vol EMA 10: 572.80
   Cum Return: 2.43 > Cum Return 20MA: 2.32

✅ Period #262 starts on 2020-12-17 00:00:00
   Signal: 1 (BULLISH (BUY)) - Will apply to next 5 days
   Vol EMA 4: 687.25 > Vol EMA 10: 646.10
   Cum Return: 2.45 > Cum Return 20MA: 2.39

❌ Period #263 starts on 2020-12-24 00:00:00
   Signal: 0 (BEARISH (CASH)) - Will apply to next 5 days
   Vol EMA 4: 659.50 <= Vol EMA 10: 673.00
   Cum Return: 2.45 > Cum Return 20MA: 2.42

✅ Period #264 starts on 2021-01-01 00:00:00
   Signal: 1 (BULLISH (BUY)) - Will apply to next 5 days
   Vol EMA 4: 749.75 > Vol EMA 10: 704.30
   Cum Return: 2.49 > Cum Return 20MA: 2.44

✅ Period #265 starts on 2021-01-08 00:00:00
   Signal: 1 (BULLISH (BUY)) - Will apply to next 5 days
   Vol EMA 4: 841.50 > Vol EMA 10: 788.20
   Cum Return: 2.61 > Cum Return 20MA: 2.48

✅ Period #266 starts on 2021-01-15 00:00:00
   Signal: 1 (BULLISH (BUY)) - Will apply to next 5 days
   Vol EMA 4: 864.50 > Vol EMA 10: 848.70
   Cum Return: 2.54 > Cum Return 20MA: 2.51

❌ Period #267 starts on 2021-01-22 00:00:00
   Signal: 0 (BEARISH (CASH)) - Will apply to next 5 days
   Vol EMA 4: 842.75 <= Vol EMA 10: 851.40
   Cum Return: 2.47 <= Cum Return 20MA: 2.54

❌ Period #268 starts on 2021-02-01 00:00:00
   Signal: 0 (BEARISH (CASH)) - Will apply to next 5 days
   Vol EMA 4: 773.50 <= Vol EMA 10: 808.30
   Cum Return: 2.50 <= Cum Return 20MA: 2.53

✅ Period #269 starts on 2021-02-08 00:00:00
   Signal: 1 (BULLISH (BUY)) - Will apply to next 5 days
   Vol EMA 4: 841.00 > Vol EMA 10: 806.80
   Cum Return: 2.72 > Cum Return 20MA: 2.54

✅ Period #270 starts on 2021-02-15 00:00:00
   Signal: 1 (BULLISH (BUY)) - Will apply to next 5 days
   Vol EMA 4: 835.75 > Vol EMA 10: 835.30
   Cum Return: 2.87 > Cum Return 20MA: 2.60

❌ Period #271 starts on 2021-02-22 00:00:00
   Signal: 0 (BEARISH (CASH)) - Will apply to next 5 days
   Vol EMA 4: 830.75 <= Vol EMA 10: 832.30
   Cum Return: 2.90 > Cum Return 20MA: 2.71

✅ Period #272 starts on 2021-03-01 00:00:00
   Signal: 1 (BULLISH (BUY)) - Will apply to next 5 days
   Vol EMA 4: 848.50 > Vol EMA 10: 836.10
   Cum Return: 3.05 > Cum Return 20MA: 2.84

✅ Period #273 starts on 2021-03-08 00:00:00
   Signal: 1 (BULLISH (BUY)) - Will apply to next 5 days
   Vol EMA 4: 894.50 > Vol EMA 10: 865.90
   Cum Return: 3.28 > Cum Return 20MA: 2.99

❌ Period #274 starts on 2021-03-16 00:00:00
   Signal: 0 (BEARISH (CASH)) - Will apply to next 5 days
   Vol EMA 4: 879.25 <= Vol EMA 10: 885.20
   Cum Return: 3.36 > Cum Return 20MA: 3.12

❌ Period #275 starts on 2021-03-23 00:00:00
   Signal: 0 (BEARISH (CASH)) - Will apply to next 5 days
   Vol EMA 4: 789.25 <= Vol EMA 10: 839.20
   Cum Return: 3.47 > Cum Return 20MA: 3.21

❌ Period #276 starts on 2021-03-31 00:00:00
   Signal: 0 (BEARISH (CASH)) - Will apply to next 5 days
   Vol EMA 4: 699.00 <= Vol EMA 10: 754.10
   Cum Return: 3.43 > Cum Return 20MA: 3.31

✅ Period #277 starts on 2021-04-08 00:00:00
   Signal: 1 (BULLISH (BUY)) - Will apply to next 5 days
   Vol EMA 4: 722.25 > Vol EMA 10: 718.10
   Cum Return: 3.69 > Cum Return 20MA: 3.41

❌ Period #278 starts on 2021-04-16 00:00:00
   Signal: 0 (BEARISH (CASH)) - Will apply to next 5 days
   Vol EMA 4: 649.00 <= Vol EMA 10: 695.50
   Cum Return: 3.61 > Cum Return 20MA: 3.47

❌ Period #279 starts on 2021-04-26 00:00:00
   Signal: 0 (BEARISH (CASH)) - Will apply to next 5 days
   Vol EMA 4: 607.50 <= Vol EMA 10: 634.40
   Cum Return: 3.65 > Cum Return 20MA: 3.54

✅ Period #280 starts on 2021-05-03 00:00:00
   Signal: 1 (BULLISH (BUY)) - Will apply to next 5 days
   Vol EMA 4: 631.50 > Vol EMA 10: 617.80
   Cum Return: 3.92 > Cum Return 20MA: 3.66

✅ Period #281 starts on 2021-05-10 00:00:00
   Signal: 1 (BULLISH (BUY)) - Will apply to next 5 days
   Vol EMA 4: 643.25 > Vol EMA 10: 636.30
   Cum Return: 4.10 > Cum Return 20MA: 3.74

✅ Period #282 starts on 2021-05-18 00:00:00
   Signal: 1 (BULLISH (BUY)) - Will apply to next 5 days
   Vol EMA 4: 675.00 > Vol EMA 10: 657.50
   Cum Return: 4.02 > Cum Return 20MA: 3.84

✅ Period #283 starts on 2021-05-25 00:00:00
   Signal: 1 (BULLISH (BUY)) - Will apply to next 5 days
   Vol EMA 4: 679.50 > Vol EMA 10: 677.80
   Cum Return: 4.00 > Cum Return 20MA: 3.94

✅ Period #284 starts on 2021-06-01 00:00:00
   Signal: 1 (BULLISH (BUY)) - Will apply to next 5 days
   Vol EMA 4: 690.75 > Vol EMA 10: 686.10
   Cum Return: 4.08 > Cum Return 20MA: 4.00

✅ Period #285 starts on 2021-06-08 00:00:00
   Signal: 1 (BULLISH (BUY)) - Will apply to next 5 days
   Vol EMA 4: 739.50 > Vol EMA 10: 712.10
   Cum Return: 4.56 > Cum Return 20MA: 4.11

✅ Period #286 starts on 2021-06-15 00:00:00
   Signal: 1 (BULLISH (BUY)) - Will apply to next 5 days
   Vol EMA 4: 816.25 > Vol EMA 10: 770.30
   Cum Return: 4.63 > Cum Return 20MA: 4.26

✅ Period #287 starts on 2021-06-22 00:00:00
   Signal: 1 (BULLISH (BUY)) - Will apply to next 5 days
   Vol EMA 4: 851.00 > Vol EMA 10: 829.00
   Cum Return: 4.54 > Cum Return 20MA: 4.37

❌ Period #288 starts on 2021-06-29 00:00:00
   Signal: 0 (BEARISH (CASH)) - Will apply to next 5 days
   Vol EMA 4: 892.75 > Vol EMA 10: 869.70
   Cum Return: 4.41 <= Cum Return 20MA: 4.47

❌ Period #289 starts on 2021-07-06 00:00:00
   Signal: 0 (BEARISH (CASH)) - Will apply to next 5 days
   Vol EMA 4: 923.00 > Vol EMA 10: 904.30
   Cum Return: 4.46 <= Cum Return 20MA: 4.48

✅ Period #290 starts on 2021-07-13 00:00:00
   Signal: 1 (BULLISH (BUY)) - Will apply to next 5 days
   Vol EMA 4: 951.25 > Vol EMA 10: 934.00
   Cum Return: 4.52 > Cum Return 20MA: 4.45

✅ Period #291 starts on 2021-07-20 00:00:00
   Signal: 1 (BULLISH (BUY)) - Will apply to next 5 days
   Vol EMA 4: 962.25 > Vol EMA 10: 955.80
   Cum Return: 4.55 > Cum Return 20MA: 4.47

❌ Period #292 starts on 2021-07-28 00:00:00
   Signal: 0 (BEARISH (CASH)) - Will apply to next 5 days
   Vol EMA 4: 950.75 <= Vol EMA 10: 958.50
   Cum Return: 4.63 > Cum Return 20MA: 4.52

❌ Period #293 starts on 2021-08-04 00:00:00
   Signal: 0 (BEARISH (CASH)) - Will apply to next 5 days
   Vol EMA 4: 944.50 <= Vol EMA 10: 948.80
   Cum Return: 4.75 > Cum Return 20MA: 4.59

❌ Period #294 starts on 2021-08-11 00:00:00
   Signal: 0 (BEARISH (CASH)) - Will apply to next 5 days
   Vol EMA 4: 866.50 <= Vol EMA 10: 909.70
   Cum Return: 4.54 <= Cum Return 20MA: 4.64

❌ Period #295 starts on 2021-08-18 00:00:00
   Signal: 0 (BEARISH (CASH)) - Will apply to next 5 days
   Vol EMA 4: 795.25 <= Vol EMA 10: 842.00
   Cum Return: 4.71 > Cum Return 20MA: 4.68

❌ Period #296 starts on 2021-08-26 00:00:00
   Signal: 0 (BEARISH (CASH)) - Will apply to next 5 days
   Vol EMA 4: 639.25 <= Vol EMA 10: 727.90
   Cum Return: 4.56 <= Cum Return 20MA: 4.65

✅ Period #297 starts on 2021-09-02 00:00:00
   Signal: 1 (BULLISH (BUY)) - Will apply to next 5 days
   Vol EMA 4: 724.25 > Vol EMA 10: 681.90
   Cum Return: 4.79 > Cum Return 20MA: 4.66

✅ Period #298 starts on 2021-09-09 00:00:00
   Signal: 1 (BULLISH (BUY)) - Will apply to next 5 days
   Vol EMA 4: 740.75 > Vol EMA 10: 729.30
   Cum Return: 4.88 > Cum Return 20MA: 4.70

✅ Period #299 starts on 2021-09-17 00:00:00
   Signal: 1 (BULLISH (BUY)) - Will apply to next 5 days
   Vol EMA 4: 759.00 > Vol EMA 10: 749.70
   Cum Return: 5.10 > Cum Return 20MA: 4.81

❌ Period #300 starts on 2021-09-24 00:00:00
   Signal: 0 (BEARISH (CASH)) - Will apply to next 5 days
   Vol EMA 4: 691.25 <= Vol EMA 10: 723.80
   Cum Return: 5.12 > Cum Return 20MA: 4.95

❌ Period #301 starts on 2021-10-01 00:00:00
   Signal: 0 (BEARISH (CASH)) - Will apply to next 5 days
   Vol EMA 4: 664.00 <= Vol EMA 10: 678.40
   Cum Return: 5.02 > Cum Return 20MA: 5.02

✅ Period #302 starts on 2021-10-08 00:00:00
   Signal: 1 (BULLISH (BUY)) - Will apply to next 5 days
   Vol EMA 4: 679.25 > Vol EMA 10: 672.80
   Cum Return: 5.30 > Cum Return 20MA: 5.11

❌ Period #303 starts on 2021-10-18 00:00:00
   Signal: 0 (BEARISH (CASH)) - Will apply to next 5 days
   Vol EMA 4: 657.25 <= Vol EMA 10: 670.00
   Cum Return: 5.58 > Cum Return 20MA: 5.20

❌ Period #304 starts on 2021-10-25 00:00:00
   Signal: 0 (BEARISH (CASH)) - Will apply to next 5 days
   Vol EMA 4: 568.50 <= Vol EMA 10: 620.40
   Cum Return: 5.03 <= Cum Return 20MA: 5.24

❌ Period #305 starts on 2021-11-01 00:00:00
   Signal: 0 (BEARISH (CASH)) - Will apply to next 5 days
   Vol EMA 4: 542.75 <= Vol EMA 10: 563.40
   Cum Return: 5.07 <= Cum Return 20MA: 5.26

✅ Period #306 starts on 2021-11-09 00:00:00
   Signal: 1 (BULLISH (BUY)) - Will apply to next 5 days
   Vol EMA 4: 584.25 > Vol EMA 10: 563.30
   Cum Return: 5.30 > Cum Return 20MA: 5.25

✅ Period #307 starts on 2021-11-16 00:00:00
   Signal: 1 (BULLISH (BUY)) - Will apply to next 5 days
   Vol EMA 4: 592.25 > Vol EMA 10: 586.70
   Cum Return: 5.48 > Cum Return 20MA: 5.23

❌ Period #308 starts on 2021-11-24 00:00:00
   Signal: 0 (BEARISH (CASH)) - Will apply to next 5 days
   Vol EMA 4: 527.75 <= Vol EMA 10: 565.10
   Cum Return: 5.64 > Cum Return 20MA: 5.30

❌ Period #309 starts on 2021-12-01 00:00:00
   Signal: 0 (BEARISH (CASH)) - Will apply to next 5 days
   Vol EMA 4: 471.75 <= Vol EMA 10: 511.30
   Cum Return: 5.62 > Cum Return 20MA: 5.44

✅ Period #310 starts on 2021-12-08 00:00:00
   Signal: 1 (BULLISH (BUY)) - Will apply to next 5 days
   Vol EMA 4: 512.00 > Vol EMA 10: 497.80
   Cum Return: 5.96 > Cum Return 20MA: 5.58

✅ Period #311 starts on 2021-12-15 00:00:00
   Signal: 1 (BULLISH (BUY)) - Will apply to next 5 days
   Vol EMA 4: 559.00 > Vol EMA 10: 533.50
   Cum Return: 6.44 > Cum Return 20MA: 5.80

❌ Period #312 starts on 2021-12-22 00:00:00
   Signal: 0 (BEARISH (CASH)) - Will apply to next 5 days
   Vol EMA 4: 459.00 <= Vol EMA 10: 516.90
   Cum Return: 6.34 > Cum Return 20MA: 6.00

✅ Period #313 starts on 2021-12-29 00:00:00
   Signal: 1 (BULLISH (BUY)) - Will apply to next 5 days
   Vol EMA 4: 483.50 > Vol EMA 10: 480.50
   Cum Return: 6.46 > Cum Return 20MA: 6.18

✅ Period #314 starts on 2022-01-05 00:00:00
   Signal: 1 (BULLISH (BUY)) - Will apply to next 5 days
   Vol EMA 4: 508.00 > Vol EMA 10: 493.70
   Cum Return: 6.79 > Cum Return 20MA: 6.42

✅ Period #315 starts on 2022-01-12 00:00:00
   Signal: 1 (BULLISH (BUY)) - Will apply to next 5 days
   Vol EMA 4: 535.75 > Vol EMA 10: 518.80
   Cum Return: 7.32 > Cum Return 20MA: 6.66

❌ Period #316 starts on 2022-01-19 00:00:00
   Signal: 0 (BEARISH (CASH)) - Will apply to next 5 days
   Vol EMA 4: 533.00 <= Vol EMA 10: 534.60
   Cum Return: 7.00 > Cum Return 20MA: 6.88

❌ Period #317 starts on 2022-01-27 00:00:00
   Signal: 0 (BEARISH (CASH)) - Will apply to next 5 days
   Vol EMA 4: 465.00 <= Vol EMA 10: 505.00
   Cum Return: 6.34 <= Cum Return 20MA: 6.95

❌ Period #318 starts on 2022-02-03 00:00:00
   Signal: 0 (BEARISH (CASH)) - Will apply to next 5 days
   Vol EMA 4: 462.25 <= Vol EMA 10: 467.90
   Cum Return: 6.60 <= Cum Return 20MA: 6.89

❌ Period #319 starts on 2022-02-10 00:00:00
   Signal: 0 (BEARISH (CASH)) - Will apply to next 5 days
   Vol EMA 4: 453.00 <= Vol EMA 10: 458.10
   Cum Return: 6.18 <= Cum Return 20MA: 6.68

❌ Period #320 starts on 2022-02-17 00:00:00
   Signal: 0 (BEARISH (CASH)) - Will apply to next 5 days
   Vol EMA 4: 373.50 <= Vol EMA 10: 420.20
   Cum Return: 5.91 <= Cum Return 20MA: 6.35

❌ Period #321 starts on 2022-02-24 00:00:00
   Signal: 0 (BEARISH (CASH)) - Will apply to next 5 days
   Vol EMA 4: 255.25 <= Vol EMA 10: 330.20
   Cum Return: 5.29 <= Cum Return 20MA: 6.11

❌ Period #322 starts on 2022-03-04 00:00:00
   Signal: 0 (BEARISH (CASH)) - Will apply to next 5 days
   Vol EMA 4: 261.00 <= Vol EMA 10: 266.20
   Cum Return: 5.67 <= Cum Return 20MA: 5.89

✅ Period #323 starts on 2022-03-11 00:00:00
   Signal: 1 (BULLISH (BUY)) - Will apply to next 5 days
   Vol EMA 4: 283.00 > Vol EMA 10: 263.20
   Cum Return: 5.84 > Cum Return 20MA: 5.71

✅ Period #324 starts on 2022-03-21 00:00:00
   Signal: 1 (BULLISH (BUY)) - Will apply to next 5 days
   Vol EMA 4: 312.75 > Vol EMA 10: 291.30
   Cum Return: 6.15 > Cum Return 20MA: 5.74

❌ Period #325 starts on 2022-03-28 00:00:00
   Signal: 0 (BEARISH (CASH)) - Will apply to next 5 days
   Vol EMA 4: 299.75 <= Vol EMA 10: 307.60
   Cum Return: 6.18 > Cum Return 20MA: 5.88

❌ Period #326 starts on 2022-04-04 00:00:00
   Signal: 0 (BEARISH (CASH)) - Will apply to next 5 days
   Vol EMA 4: 297.75 <= Vol EMA 10: 298.80
   Cum Return: 6.41 > Cum Return 20MA: 6.04

✅ Period #327 starts on 2022-04-11 00:00:00
   Signal: 1 (BULLISH (BUY)) - Will apply to next 5 days
   Vol EMA 4: 336.75 > Vol EMA 10: 315.40
   Cum Return: 6.64 > Cum Return 20MA: 6.27

✅ Period #328 starts on 2022-04-20 00:00:00
   Signal: 1 (BULLISH (BUY)) - Will apply to next 5 days
   Vol EMA 4: 337.25 > Vol EMA 10: 335.70
   Cum Return: 6.48 > Cum Return 20MA: 6.39

❌ Period #329 starts on 2022-04-27 00:00:00
   Signal: 0 (BEARISH (CASH)) - Will apply to next 5 days
   Vol EMA 4: 326.50 <= Vol EMA 10: 332.30
   Cum Return: 6.48 > Cum Return 20MA: 6.48

❌ Period #330 starts on 2022-05-05 00:00:00
   Signal: 0 (BEARISH (CASH)) - Will apply to next 5 days
   Vol EMA 4: 290.75 <= Vol EMA 10: 311.90
   Cum Return: 6.28 <= Cum Return 20MA: 6.50

❌ Period #331 starts on 2022-05-12 00:00:00
   Signal: 0 (BEARISH (CASH)) - Will apply to next 5 days
   Vol EMA 4: 186.00 <= Vol EMA 10: 248.00
   Cum Return: 5.29 <= Cum Return 20MA: 6.28

❌ Period #332 starts on 2022-05-19 00:00:00
   Signal: 0 (BEARISH (CASH)) - Will apply to next 5 days
   Vol EMA 4: 213.50 > Vol EMA 10: 201.20
   Cum Return: 5.68 <= Cum Return 20MA: 6.04

❌ Period #333 starts on 2022-05-26 00:00:00
   Signal: 0 (BEARISH (CASH)) - Will apply to next 5 days
   Vol EMA 4: 189.75 <= Vol EMA 10: 201.10
   Cum Return: 5.40 <= Cum Return 20MA: 5.81

✅ Period #334 starts on 2022-06-02 00:00:00
   Signal: 1 (BULLISH (BUY)) - Will apply to next 5 days
   Vol EMA 4: 215.50 > Vol EMA 10: 204.40
   Cum Return: 5.96 > Cum Return 20MA: 5.66

✅ Period #335 starts on 2022-06-09 00:00:00
   Signal: 1 (BULLISH (BUY)) - Will apply to next 5 days
   Vol EMA 4: 213.50 > Vol EMA 10: 211.50
   Cum Return: 6.09 > Cum Return 20MA: 5.73

❌ Period #336 starts on 2022-06-16 00:00:00
   Signal: 0 (BEARISH (CASH)) - Will apply to next 5 days
   Vol EMA 4: 165.00 <= Vol EMA 10: 195.00
   Cum Return: 5.51 <= Cum Return 20MA: 5.76

❌ Period #337 starts on 2022-06-23 00:00:00
   Signal: 0 (BEARISH (CASH)) - Will apply to next 5 days
   Vol EMA 4: 117.75 <= Vol EMA 10: 148.20
   Cum Return: 5.18 <= Cum Return 20MA: 5.66

❌ Period #338 starts on 2022-06-30 00:00:00
   Signal: 0 (BEARISH (CASH)) - Will apply to next 5 days
   Vol EMA 4: 145.75 > Vol EMA 10: 132.70
   Cum Return: 5.44 <= Cum Return 20MA: 5.59

❌ Period #339 starts on 2022-07-07 00:00:00
   Signal: 0 (BEARISH (CASH)) - Will apply to next 5 days
   Vol EMA 4: 141.50 <= Vol EMA 10: 142.00
   Cum Return: 5.61 > Cum Return 20MA: 5.48

✅ Period #340 starts on 2022-07-14 00:00:00
   Signal: 1 (BULLISH (BUY)) - Will apply to next 5 days
   Vol EMA 4: 146.00 > Vol EMA 10: 143.10
   Cum Return: 5.73 > Cum Return 20MA: 5.49

✅ Period #341 starts on 2022-07-21 00:00:00
   Signal: 1 (BULLISH (BUY)) - Will apply to next 5 days
   Vol EMA 4: 152.00 > Vol EMA 10: 148.00
   Cum Return: 6.08 > Cum Return 20MA: 5.68

✅ Period #342 starts on 2022-07-28 00:00:00
   Signal: 1 (BULLISH (BUY)) - Will apply to next 5 days
   Vol EMA 4: 158.75 > Vol EMA 10: 154.40
   Cum Return: 6.17 > Cum Return 20MA: 5.85

✅ Period #343 starts on 2022-08-04 00:00:00
   Signal: 1 (BULLISH (BUY)) - Will apply to next 5 days
   Vol EMA 4: 172.00 > Vol EMA 10: 164.70
   Cum Return: 6.45 > Cum Return 20MA: 6.06

✅ Period #344 starts on 2022-08-12 00:00:00
   Signal: 1 (BULLISH (BUY)) - Will apply to next 5 days
   Vol EMA 4: 180.25 > Vol EMA 10: 175.10
   Cum Return: 6.65 > Cum Return 20MA: 6.25

✅ Period #345 starts on 2022-08-22 00:00:00
   Signal: 1 (BULLISH (BUY)) - Will apply to next 5 days
   Vol EMA 4: 193.00 > Vol EMA 10: 185.50
   Cum Return: 6.75 > Cum Return 20MA: 6.46

✅ Period #346 starts on 2022-08-29 00:00:00
   Signal: 1 (BULLISH (BUY)) - Will apply to next 5 days
   Vol EMA 4: 217.25 > Vol EMA 10: 202.60
   Cum Return: 6.88 > Cum Return 20MA: 6.65

✅ Period #347 starts on 2022-09-06 00:00:00
   Signal: 1 (BULLISH (BUY)) - Will apply to next 5 days
   Vol EMA 4: 261.25 > Vol EMA 10: 235.40
   Cum Return: 7.31 > Cum Return 20MA: 6.87

✅ Period #348 starts on 2022-09-13 00:00:00
   Signal: 1 (BULLISH (BUY)) - Will apply to next 5 days
   Vol EMA 4: 303.75 > Vol EMA 10: 277.90
   Cum Return: 7.53 > Cum Return 20MA: 7.08

✅ Period #349 starts on 2022-09-20 00:00:00
   Signal: 1 (BULLISH (BUY)) - Will apply to next 5 days
   Vol EMA 4: 328.00 > Vol EMA 10: 313.20
   Cum Return: 7.61 > Cum Return 20MA: 7.27

❌ Period #350 starts on 2022-09-27 00:00:00
   Signal: 0 (BEARISH (CASH)) - Will apply to next 5 days
   Vol EMA 4: 321.00 <= Vol EMA 10: 324.60
   Cum Return: 7.04 <= Cum Return 20MA: 7.39

❌ Period #351 starts on 2022-10-04 00:00:00
   Signal: 0 (BEARISH (CASH)) - Will apply to next 5 days
   Vol EMA 4: 328.75 > Vol EMA 10: 323.30
   Cum Return: 7.28 <= Cum Return 20MA: 7.36

✅ Period #352 starts on 2022-10-12 00:00:00
   Signal: 1 (BULLISH (BUY)) - Will apply to next 5 days
   Vol EMA 4: 351.50 > Vol EMA 10: 338.10
   Cum Return: 7.42 > Cum Return 20MA: 7.37

✅ Period #353 starts on 2022-10-19 00:00:00
   Signal: 1 (BULLISH (BUY)) - Will apply to next 5 days
   Vol EMA 4: 362.25 > Vol EMA 10: 355.20
   Cum Return: 7.64 > Cum Return 20MA: 7.35

✅ Period #354 starts on 2022-10-27 00:00:00
   Signal: 1 (BULLISH (BUY)) - Will apply to next 5 days
   Vol EMA 4: 390.75 > Vol EMA 10: 373.80
   Cum Return: 7.57 > Cum Return 20MA: 7.42

✅ Period #355 starts on 2022-11-03 00:00:00
   Signal: 1 (BULLISH (BUY)) - Will apply to next 5 days
   Vol EMA 4: 402.50 > Vol EMA 10: 394.40
   Cum Return: 7.66 > Cum Return 20MA: 7.52

✅ Period #356 starts on 2022-11-11 00:00:00
   Signal: 1 (BULLISH (BUY)) - Will apply to next 5 days
   Vol EMA 4: 428.00 > Vol EMA 10: 413.00
   Cum Return: 7.74 > Cum Return 20MA: 7.60

✅ Period #357 starts on 2022-11-18 00:00:00
   Signal: 1 (BULLISH (BUY)) - Will apply to next 5 days
   Vol EMA 4: 428.25 > Vol EMA 10: 427.30
   Cum Return: 7.77 > Cum Return 20MA: 7.68

✅ Period #358 starts on 2022-11-25 00:00:00
   Signal: 1 (BULLISH (BUY)) - Will apply to next 5 days
   Vol EMA 4: 439.25 > Vol EMA 10: 433.20
   Cum Return: 7.83 > Cum Return 20MA: 7.74

✅ Period #359 starts on 2022-12-02 00:00:00
   Signal: 1 (BULLISH (BUY)) - Will apply to next 5 days
   Vol EMA 4: 464.00 > Vol EMA 10: 449.50
   Cum Return: 8.05 > Cum Return 20MA: 7.84

✅ Period #360 starts on 2022-12-09 00:00:00
   Signal: 1 (BULLISH (BUY)) - Will apply to next 5 days
   Vol EMA 4: 478.50 > Vol EMA 10: 470.00
   Cum Return: 8.14 > Cum Return 20MA: 7.93

✅ Period #361 starts on 2022-12-16 00:00:00
   Signal: 1 (BULLISH (BUY)) - Will apply to next 5 days
   Vol EMA 4: 483.00 > Vol EMA 10: 480.30
   Cum Return: 8.41 > Cum Return 20MA: 8.10

❌ Period #362 starts on 2022-12-23 00:00:00
   Signal: 0 (BEARISH (CASH)) - Will apply to next 5 days
   Vol EMA 4: 405.00 <= Vol EMA 10: 451.20
   Cum Return: 7.06 <= Cum Return 20MA: 8.14

❌ Period #363 starts on 2022-12-30 00:00:00
   Signal: 0 (BEARISH (CASH)) - Will apply to next 5 days
   Vol EMA 4: 418.75 > Vol EMA 10: 416.30
   Cum Return: 7.94 <= Cum Return 20MA: 8.11

❌ Period #364 starts on 2023-01-06 00:00:00
   Signal: 0 (BEARISH (CASH)) - Will apply to next 5 days
   Vol EMA 4: 420.50 > Vol EMA 10: 417.20
   Cum Return: 7.92 <= Cum Return 20MA: 8.08

❌ Period #365 starts on 2023-01-13 00:00:00
   Signal: 0 (BEARISH (CASH)) - Will apply to next 5 days
   Vol EMA 4: 413.75 <= Vol EMA 10: 418.30
   Cum Return: 7.83 <= Cum Return 20MA: 7.91

❌ Period #366 starts on 2023-01-20 00:00:00
   Signal: 0 (BEARISH (CASH)) - Will apply to next 5 days
   Vol EMA 4: 410.00 <= Vol EMA 10: 412.90
   Cum Return: 7.67 <= Cum Return 20MA: 7.86

❌ Period #367 starts on 2023-01-30 00:00:00
   Signal: 0 (BEARISH (CASH)) - Will apply to next 5 days
   Vol EMA 4: 366.75 <= Vol EMA 10: 392.30
   Cum Return: 7.09 <= Cum Return 20MA: 7.74

❌ Period #368 starts on 2023-02-06 00:00:00
   Signal: 0 (BEARISH (CASH)) - Will apply to next 5 days
   Vol EMA 4: 332.75 <= Vol EMA 10: 357.70
   Cum Return: 7.01 <= Cum Return 20MA: 7.52

❌ Period #369 starts on 2023-02-13 00:00:00
   Signal: 0 (BEARISH (CASH)) - Will apply to next 5 days
   Vol EMA 4: 337.50 <= Vol EMA 10: 338.80
   Cum Return: 7.04 <= Cum Return 20MA: 7.33

❌ Period #370 starts on 2023-02-20 00:00:00
   Signal: 0 (BEARISH (CASH)) - Will apply to next 5 days
   Vol EMA 4: 305.25 <= Vol EMA 10: 321.00
   Cum Return: 6.88 <= Cum Return 20MA: 7.14

❌ Period #371 starts on 2023-02-27 00:00:00
   Signal: 0 (BEARISH (CASH)) - Will apply to next 5 days
   Vol EMA 4: 264.00 <= Vol EMA 10: 288.60
   Cum Return: 6.52 <= Cum Return 20MA: 6.97

❌ Period #372 starts on 2023-03-06 00:00:00
   Signal: 0 (BEARISH (CASH)) - Will apply to next 5 days
   Vol EMA 4: 259.25 <= Vol EMA 10: 264.00
   Cum Return: 6.80 <= Cum Return 20MA: 6.86

❌ Period #373 starts on 2023-03-14 00:00:00
   Signal: 0 (BEARISH (CASH)) - Will apply to next 5 days
   Vol EMA 4: 240.50 <= Vol EMA 10: 251.10
   Cum Return: 6.54 <= Cum Return 20MA: 6.77

❌ Period #374 starts on 2023-03-21 00:00:00
   Signal: 0 (BEARISH (CASH)) - Will apply to next 5 days
   Vol EMA 4: 201.50 <= Vol EMA 10: 224.10
   Cum Return: 6.48 <= Cum Return 20MA: 6.65

❌ Period #375 starts on 2023-03-28 00:00:00
   Signal: 0 (BEARISH (CASH)) - Will apply to next 5 days
   Vol EMA 4: 181.50 <= Vol EMA 10: 194.30
   Cum Return: 6.35 <= Cum Return 20MA: 6.59

✅ Period #376 starts on 2023-04-06 00:00:00
   Signal: 1 (BULLISH (BUY)) - Will apply to next 5 days
   Vol EMA 4: 185.75 > Vol EMA 10: 184.40
   Cum Return: 6.74 > Cum Return 20MA: 6.57

✅ Period #377 starts on 2023-04-17 00:00:00
   Signal: 1 (BULLISH (BUY)) - Will apply to next 5 days
   Vol EMA 4: 197.25 > Vol EMA 10: 190.10
   Cum Return: 6.70 > Cum Return 20MA: 6.57

✅ Period #378 starts on 2023-04-24 00:00:00
   Signal: 1 (BULLISH (BUY)) - Will apply to next 5 days
   Vol EMA 4: 201.50 > Vol EMA 10: 199.00
   Cum Return: 6.83 > Cum Return 20MA: 6.63

✅ Period #379 starts on 2023-05-02 00:00:00
   Signal: 1 (BULLISH (BUY)) - Will apply to next 5 days
   Vol EMA 4: 211.50 > Vol EMA 10: 205.30
   Cum Return: 6.99 > Cum Return 20MA: 6.76

✅ Period #380 starts on 2023-05-09 00:00:00
   Signal: 1 (BULLISH (BUY)) - Will apply to next 5 days
   Vol EMA 4: 214.75 > Vol EMA 10: 211.80
   Cum Return: 6.96 > Cum Return 20MA: 6.86

✅ Period #381 starts on 2023-05-16 00:00:00
   Signal: 1 (BULLISH (BUY)) - Will apply to next 5 days
   Vol EMA 4: 232.50 > Vol EMA 10: 222.20
   Cum Return: 7.17 > Cum Return 20MA: 6.95

✅ Period #382 starts on 2023-05-23 00:00:00
   Signal: 1 (BULLISH (BUY)) - Will apply to next 5 days
   Vol EMA 4: 264.00 > Vol EMA 10: 246.20
   Cum Return: 7.17 > Cum Return 20MA: 7.06

✅ Period #383 starts on 2023-05-30 00:00:00
   Signal: 1 (BULLISH (BUY)) - Will apply to next 5 days
   Vol EMA 4: 283.75 > Vol EMA 10: 271.90
   Cum Return: 7.36 > Cum Return 20MA: 7.16

✅ Period #384 starts on 2023-06-06 00:00:00
   Signal: 1 (BULLISH (BUY)) - Will apply to next 5 days
   Vol EMA 4: 321.50 > Vol EMA 10: 299.10
   Cum Return: 7.64 > Cum Return 20MA: 7.30

✅ Period #385 starts on 2023-06-13 00:00:00
   Signal: 1 (BULLISH (BUY)) - Will apply to next 5 days
   Vol EMA 4: 362.00 > Vol EMA 10: 338.00
   Cum Return: 7.78 > Cum Return 20MA: 7.44

✅ Period #386 starts on 2023-06-20 00:00:00
   Signal: 1 (BULLISH (BUY)) - Will apply to next 5 days
   Vol EMA 4: 398.00 > Vol EMA 10: 376.60
   Cum Return: 7.94 > Cum Return 20MA: 7.62

✅ Period #387 starts on 2023-06-27 00:00:00
   Signal: 1 (BULLISH (BUY)) - Will apply to next 5 days
   Vol EMA 4: 435.25 > Vol EMA 10: 412.80
   Cum Return: 7.85 > Cum Return 20MA: 7.74

✅ Period #388 starts on 2023-07-05 00:00:00
   Signal: 1 (BULLISH (BUY)) - Will apply to next 5 days
   Vol EMA 4: 466.00 > Vol EMA 10: 447.20
   Cum Return: 8.14 > Cum Return 20MA: 7.85

✅ Period #389 starts on 2023-07-12 00:00:00
   Signal: 1 (BULLISH (BUY)) - Will apply to next 5 days
   Vol EMA 4: 497.50 > Vol EMA 10: 478.70
   Cum Return: 8.47 > Cum Return 20MA: 7.99

✅ Period #390 starts on 2023-07-19 00:00:00
   Signal: 1 (BULLISH (BUY)) - Will apply to next 5 days
   Vol EMA 4: 538.25 > Vol EMA 10: 513.90
   Cum Return: 8.67 > Cum Return 20MA: 8.15

✅ Period #391 starts on 2023-07-26 00:00:00
   Signal: 1 (BULLISH (BUY)) - Will apply to next 5 days
   Vol EMA 4: 577.75 > Vol EMA 10: 554.00
   Cum Return: 9.02 > Cum Return 20MA: 8.42

✅ Period #392 starts on 2023-08-02 00:00:00
   Signal: 1 (BULLISH (BUY)) - Will apply to next 5 days
   Vol EMA 4: 623.75 > Vol EMA 10: 597.20
   Cum Return: 8.82 > Cum Return 20MA: 8.66

✅ Period #393 starts on 2023-08-09 00:00:00
   Signal: 1 (BULLISH (BUY)) - Will apply to next 5 days
   Vol EMA 4: 653.25 > Vol EMA 10: 635.10
   Cum Return: 9.27 > Cum Return 20MA: 8.88

✅ Period #394 starts on 2023-08-17 00:00:00
   Signal: 1 (BULLISH (BUY)) - Will apply to next 5 days
   Vol EMA 4: 678.00 > Vol EMA 10: 663.30
   Cum Return: 9.55 > Cum Return 20MA: 9.09

✅ Period #395 starts on 2023-08-24 00:00:00
   Signal: 1 (BULLISH (BUY)) - Will apply to next 5 days
   Vol EMA 4: 712.50 > Vol EMA 10: 692.50
   Cum Return: 9.64 > Cum Return 20MA: 9.27

✅ Period #396 starts on 2023-08-31 00:00:00
   Signal: 1 (BULLISH (BUY)) - Will apply to next 5 days
   Vol EMA 4: 772.00 > Vol EMA 10: 736.20
   Cum Return: 9.83 > Cum Return 20MA: 9.43

✅ Period #397 starts on 2023-09-07 00:00:00
   Signal: 1 (BULLISH (BUY)) - Will apply to next 5 days
   Vol EMA 4: 828.75 > Vol EMA 10: 793.50
   Cum Return: 10.35 > Cum Return 20MA: 9.72

✅ Period #398 starts on 2023-09-14 00:00:00
   Signal: 1 (BULLISH (BUY)) - Will apply to next 5 days
   Vol EMA 4: 854.00 > Vol EMA 10: 838.20
   Cum Return: 10.24 > Cum Return 20MA: 9.95

✅ Period #399 starts on 2023-09-22 00:00:00
   Signal: 1 (BULLISH (BUY)) - Will apply to next 5 days
   Vol EMA 4: 868.50 > Vol EMA 10: 860.50
   Cum Return: 10.11 > Cum Return 20MA: 10.09

✅ Period #400 starts on 2023-09-29 00:00:00
   Signal: 1 (BULLISH (BUY)) - Will apply to next 5 days
   Vol EMA 4: 869.25 > Vol EMA 10: 868.40
   Cum Return: 10.46 > Cum Return 20MA: 10.26

✅ Period #401 starts on 2023-10-09 00:00:00
   Signal: 1 (BULLISH (BUY)) - Will apply to next 5 days
   Vol EMA 4: 871.50 > Vol EMA 10: 870.50
   Cum Return: 10.47 > Cum Return 20MA: 10.34

✅ Period #402 starts on 2023-10-16 00:00:00
   Signal: 1 (BULLISH (BUY)) - Will apply to next 5 days
   Vol EMA 4: 888.50 > Vol EMA 10: 879.10
   Cum Return: 11.30 > Cum Return 20MA: 10.53

❌ Period #403 starts on 2023-10-23 00:00:00
   Signal: 0 (BEARISH (CASH)) - Will apply to next 5 days
   Vol EMA 4: 868.25 <= Vol EMA 10: 879.60
   Cum Return: 10.96 > Cum Return 20MA: 10.81

❌ Period #404 starts on 2023-10-31 00:00:00
   Signal: 0 (BEARISH (CASH)) - Will apply to next 5 days
   Vol EMA 4: 798.50 <= Vol EMA 10: 833.70
   Cum Return: 10.93 > Cum Return 20MA: 10.93

✅ Period #405 starts on 2023-11-07 00:00:00
   Signal: 1 (BULLISH (BUY)) - Will apply to next 5 days
   Vol EMA 4: 818.50 > Vol EMA 10: 803.20
   Cum Return: 11.84 > Cum Return 20MA: 11.11

✅ Period #406 starts on 2023-11-15 00:00:00
   Signal: 1 (BULLISH (BUY)) - Will apply to next 5 days
   Vol EMA 4: 817.00 > Vol EMA 10: 816.20
   Cum Return: 12.61 > Cum Return 20MA: 11.38

✅ Period #407 starts on 2023-11-22 00:00:00
   Signal: 1 (BULLISH (BUY)) - Will apply to next 5 days
   Vol EMA 4: 823.25 > Vol EMA 10: 821.90
   Cum Return: 12.62 > Cum Return 20MA: 11.77

❌ Period #408 starts on 2023-11-30 00:00:00
   Signal: 0 (BEARISH (CASH)) - Will apply to next 5 days
   Vol EMA 4: 800.00 <= Vol EMA 10: 813.50
   Cum Return: 12.95 > Cum Return 20MA: 12.26

❌ Period #409 starts on 2023-12-07 00:00:00
   Signal: 0 (BEARISH (CASH)) - Will apply to next 5 days
   Vol EMA 4: 787.25 <= Vol EMA 10: 795.00
   Cum Return: 13.13 > Cum Return 20MA: 12.72

✅ Period #410 starts on 2023-12-14 00:00:00
   Signal: 1 (BULLISH (BUY)) - Will apply to next 5 days
   Vol EMA 4: 794.25 > Vol EMA 10: 789.00
   Cum Return: 13.36 > Cum Return 20MA: 12.98

❌ Period #411 starts on 2023-12-21 00:00:00
   Signal: 0 (BEARISH (CASH)) - Will apply to next 5 days
   Vol EMA 4: 785.75 <= Vol EMA 10: 789.30
   Cum Return: 12.98 <= Cum Return 20MA: 13.05

❌ Period #412 starts on 2023-12-29 00:00:00
   Signal: 0 (BEARISH (CASH)) - Will apply to next 5 days
   Vol EMA 4: 779.50 <= Vol EMA 10: 784.00
   Cum Return: 13.38 > Cum Return 20MA: 13.16

✅ Period #413 starts on 2024-01-05 00:00:00
   Signal: 1 (BULLISH (BUY)) - Will apply to next 5 days
   Vol EMA 4: 803.75 > Vol EMA 10: 790.60
   Cum Return: 13.82 > Cum Return 20MA: 13.29

✅ Period #414 starts on 2024-01-12 00:00:00
   Signal: 1 (BULLISH (BUY)) - Will apply to next 5 days
   Vol EMA 4: 839.75 > Vol EMA 10: 818.50
   Cum Return: 14.08 > Cum Return 20MA: 13.49

✅ Period #415 starts on 2024-01-19 00:00:00
   Signal: 1 (BULLISH (BUY)) - Will apply to next 5 days
   Vol EMA 4: 866.50 > Vol EMA 10: 850.40
   Cum Return: 13.77 > Cum Return 20MA: 13.64

✅ Period #416 starts on 2024-01-30 00:00:00
   Signal: 1 (BULLISH (BUY)) - Will apply to next 5 days
   Vol EMA 4: 873.25 > Vol EMA 10: 867.50
   Cum Return: 14.01 > Cum Return 20MA: 13.75

✅ Period #417 starts on 2024-02-06 00:00:00
   Signal: 1 (BULLISH (BUY)) - Will apply to next 5 days
   Vol EMA 4: 884.75 > Vol EMA 10: 877.80
   Cum Return: 14.94 > Cum Return 20MA: 14.01

❌ Period #418 starts on 2024-02-13 00:00:00
   Signal: 0 (BEARISH (CASH)) - Will apply to next 5 days
   Vol EMA 4: 836.50 <= Vol EMA 10: 865.50
   Cum Return: 14.15 <= Cum Return 20MA: 14.19

✅ Period #419 starts on 2024-02-20 00:00:00
   Signal: 1 (BULLISH (BUY)) - Will apply to next 5 days
   Vol EMA 4: 842.50 > Vol EMA 10: 841.80
   Cum Return: 14.81 > Cum Return 20MA: 14.44

❌ Period #420 starts on 2024-02-27 00:00:00
   Signal: 0 (BEARISH (CASH)) - Will apply to next 5 days
   Vol EMA 4: 830.50 <= Vol EMA 10: 834.50
   Cum Return: 14.30 <= Cum Return 20MA: 14.64

❌ Period #421 starts on 2024-03-05 00:00:00
   Signal: 0 (BEARISH (CASH)) - Will apply to next 5 days
   Vol EMA 4: 769.75 <= Vol EMA 10: 801.00
   Cum Return: 14.28 <= Cum Return 20MA: 14.51

❌ Period #422 starts on 2024-03-13 00:00:00
   Signal: 0 (BEARISH (CASH)) - Will apply to next 5 days
   Vol EMA 4: 580.75 <= Vol EMA 10: 688.40
   Cum Return: 12.93 <= Cum Return 20MA: 14.30

❌ Period #423 starts on 2024-03-20 00:00:00
   Signal: 0 (BEARISH (CASH)) - Will apply to next 5 days
   Vol EMA 4: 473.25 <= Vol EMA 10: 541.50
   Cum Return: 12.85 <= Cum Return 20MA: 13.86

✅ Period #424 starts on 2024-03-28 00:00:00
   Signal: 1 (BULLISH (BUY)) - Will apply to next 5 days
   Vol EMA 4: 516.00 > Vol EMA 10: 495.20
   Cum Return: 13.87 > Cum Return 20MA: 13.63

✅ Period #425 starts on 2024-04-05 00:00:00
   Signal: 1 (BULLISH (BUY)) - Will apply to next 5 days
   Vol EMA 4: 614.50 > Vol EMA 10: 560.20
   Cum Return: 14.21 > Cum Return 20MA: 13.62

❌ Period #426 starts on 2024-04-15 00:00:00
   Signal: 0 (BEARISH (CASH)) - Will apply to next 5 days
   Vol EMA 4: 581.50 <= Vol EMA 10: 597.80
   Cum Return: 14.20 > Cum Return 20MA: 13.74

❌ Period #427 starts on 2024-04-23 00:00:00
   Signal: 0 (BEARISH (CASH)) - Will apply to next 5 days
   Vol EMA 4: 541.00 <= Vol EMA 10: 565.40
   Cum Return: 14.30 > Cum Return 20MA: 14.05

❌ Period #428 starts on 2024-04-30 00:00:00
   Signal: 0 (BEARISH (CASH)) - Will apply to next 5 days
   Vol EMA 4: 537.00 <= Vol EMA 10: 541.10
   Cum Return: 14.43 > Cum Return 20MA: 14.27

❌ Period #429 starts on 2024-05-08 00:00:00
   Signal: 0 (BEARISH (CASH)) - Will apply to next 5 days
   Vol EMA 4: 502.00 <= Vol EMA 10: 523.70
   Cum Return: 14.29 <= Cum Return 20MA: 14.35

❌ Period #430 starts on 2024-05-15 00:00:00
   Signal: 0 (BEARISH (CASH)) - Will apply to next 5 days
   Vol EMA 4: 471.25 <= Vol EMA 10: 487.90
   Cum Return: 14.64 > Cum Return 20MA: 14.34

✅ Period #431 starts on 2024-05-23 00:00:00
   Signal: 1 (BULLISH (BUY)) - Will apply to next 5 days
   Vol EMA 4: 475.00 > Vol EMA 10: 471.50
   Cum Return: 15.04 > Cum Return 20MA: 14.52

❌ Period #432 starts on 2024-05-30 00:00:00
   Signal: 0 (BEARISH (CASH)) - Will apply to next 5 days
   Vol EMA 4: 454.25 <= Vol EMA 10: 466.10
   Cum Return: 14.79 > Cum Return 20MA: 14.66

❌ Period #433 starts on 2024-06-06 00:00:00
   Signal: 0 (BEARISH (CASH)) - Will apply to next 5 days
   Vol EMA 4: 441.75 <= Vol EMA 10: 450.90
   Cum Return: 14.62 <= Cum Return 20MA: 14.71

✅ Period #434 starts on 2024-06-13 00:00:00
   Signal: 1 (BULLISH (BUY)) - Will apply to next 5 days
   Vol EMA 4: 506.75 > Vol EMA 10: 473.70
   Cum Return: 15.66 > Cum Return 20MA: 14.94

✅ Period #435 starts on 2024-06-21 00:00:00
   Signal: 1 (BULLISH (BUY)) - Will apply to next 5 days
   Vol EMA 4: 531.50 > Vol EMA 10: 517.00
   Cum Return: 16.25 > Cum Return 20MA: 15.28

✅ Period #436 starts on 2024-06-28 00:00:00
   Signal: 1 (BULLISH (BUY)) - Will apply to next 5 days
   Vol EMA 4: 553.75 > Vol EMA 10: 540.70
   Cum Return: 16.69 > Cum Return 20MA: 15.67

✅ Period #437 starts on 2024-07-05 00:00:00
   Signal: 1 (BULLISH (BUY)) - Will apply to next 5 days
   Vol EMA 4: 594.75 > Vol EMA 10: 570.30
   Cum Return: 17.77 > Cum Return 20MA: 16.37

✅ Period #438 starts on 2024-07-12 00:00:00
   Signal: 1 (BULLISH (BUY)) - Will apply to next 5 days
   Vol EMA 4: 620.75 > Vol EMA 10: 604.10
   Cum Return: 17.17 > Cum Return 20MA: 16.93

❌ Period #439 starts on 2024-07-22 00:00:00
   Signal: 0 (BEARISH (CASH)) - Will apply to next 5 days
   Vol EMA 4: 627.25 > Vol EMA 10: 621.80
   Cum Return: 16.17 <= Cum Return 20MA: 17.02

❌ Period #440 starts on 2024-07-29 00:00:00
   Signal: 0 (BEARISH (CASH)) - Will apply to next 5 days
   Vol EMA 4: 664.50 > Vol EMA 10: 641.60
   Cum Return: 16.81 <= Cum Return 20MA: 16.99

❌ Period #441 starts on 2024-08-05 00:00:00
   Signal: 0 (BEARISH (CASH)) - Will apply to next 5 days
   Vol EMA 4: 697.00 > Vol EMA 10: 676.60
   Cum Return: 16.02 <= Cum Return 20MA: 16.79

❌ Period #442 starts on 2024-08-12 00:00:00
   Signal: 0 (BEARISH (CASH)) - Will apply to next 5 days
   Vol EMA 4: 690.00 <= Vol EMA 10: 690.60
   Cum Return: 16.86 > Cum Return 20MA: 16.52

✅ Period #443 starts on 2024-08-20 00:00:00
   Signal: 1 (BULLISH (BUY)) - Will apply to next 5 days
   Vol EMA 4: 688.00 > Vol EMA 10: 685.30
   Cum Return: 17.00 > Cum Return 20MA: 16.56

✅ Period #444 starts on 2024-08-27 00:00:00
   Signal: 1 (BULLISH (BUY)) - Will apply to next 5 days
   Vol EMA 4: 721.75 > Vol EMA 10: 702.70
   Cum Return: 17.30 > Cum Return 20MA: 16.76

✅ Period #445 starts on 2024-09-03 00:00:00
   Signal: 1 (BULLISH (BUY)) - Will apply to next 5 days
   Vol EMA 4: 723.00 > Vol EMA 10: 722.50
   Cum Return: 17.19 > Cum Return 20MA: 16.90

❌ Period #446 starts on 2024-09-10 00:00:00
   Signal: 0 (BEARISH (CASH)) - Will apply to next 5 days
   Vol EMA 4: 711.75 <= Vol EMA 10: 719.20
   Cum Return: 17.42 > Cum Return 20MA: 17.14

✅ Period #447 starts on 2024-09-17 00:00:00
   Signal: 1 (BULLISH (BUY)) - Will apply to next 5 days
   Vol EMA 4: 714.50 > Vol EMA 10: 713.70
   Cum Return: 17.63 > Cum Return 20MA: 17.30

❌ Period #448 starts on 2024-09-24 00:00:00
   Signal: 0 (BEARISH (CASH)) - Will apply to next 5 days
   Vol EMA 4: 684.25 <= Vol EMA 10: 699.60
   Cum Return: 17.70 > Cum Return 20MA: 17.33

❌ Period #449 starts on 2024-10-01 00:00:00
   Signal: 0 (BEARISH (CASH)) - Will apply to next 5 days
   Vol EMA 4: 668.75 <= Vol EMA 10: 677.80
   Cum Return: 17.97 > Cum Return 20MA: 17.52

❌ Period #450 starts on 2024-10-09 00:00:00
   Signal: 0 (BEARISH (CASH)) - Will apply to next 5 days
   Vol EMA 4: 598.25 <= Vol EMA 10: 638.60
   Cum Return: 17.71 > Cum Return 20MA: 17.53

✅ Period #451 starts on 2024-10-16 00:00:00
   Signal: 1 (BULLISH (BUY)) - Will apply to next 5 days
   Vol EMA 4: 613.50 > Vol EMA 10: 610.80
   Cum Return: 18.22 > Cum Return 20MA: 17.68

❌ Period #452 starts on 2024-10-23 00:00:00
   Signal: 0 (BEARISH (CASH)) - Will apply to next 5 days
   Vol EMA 4: 534.00 <= Vol EMA 10: 580.40
   Cum Return: 16.91 <= Cum Return 20MA: 17.67

❌ Period #453 starts on 2024-10-30 00:00:00
   Signal: 0 (BEARISH (CASH)) - Will apply to next 5 days
   Vol EMA 4: 449.75 <= Vol EMA 10: 501.20
   Cum Return: 16.88 <= Cum Return 20MA: 17.38

✅ Period #454 starts on 2024-11-06 00:00:00
   Signal: 1 (BULLISH (BUY)) - Will apply to next 5 days
   Vol EMA 4: 495.50 > Vol EMA 10: 475.30
   Cum Return: 17.49 > Cum Return 20MA: 17.36

❌ Period #455 starts on 2024-11-13 00:00:00
   Signal: 0 (BEARISH (CASH)) - Will apply to next 5 days
   Vol EMA 4: 422.00 <= Vol EMA 10: 465.70
   Cum Return: 15.96 <= Cum Return 20MA: 17.04

❌ Period #456 starts on 2024-11-22 00:00:00
   Signal: 0 (BEARISH (CASH)) - Will apply to next 5 days
   Vol EMA 4: 340.75 <= Vol EMA 10: 390.10
   Cum Return: 16.49 <= Cum Return 20MA: 16.76

✅ Period #457 starts on 2024-11-29 00:00:00
   Signal: 1 (BULLISH (BUY)) - Will apply to next 5 days
   Vol EMA 4: 364.75 > Vol EMA 10: 353.40
   Cum Return: 17.53 > Cum Return 20MA: 16.84

✅ Period #458 starts on 2024-12-06 00:00:00
   Signal: 1 (BULLISH (BUY)) - Will apply to next 5 days
   Vol EMA 4: 379.75 > Vol EMA 10: 370.60
   Cum Return: 17.68 > Cum Return 20MA: 16.99

❌ Period #459 starts on 2024-12-13 00:00:00
   Signal: 0 (BEARISH (CASH)) - Will apply to next 5 days
   Vol EMA 4: 377.25 <= Vol EMA 10: 378.00
   Cum Return: 18.21 > Cum Return 20MA: 17.32

❌ Period #460 starts on 2024-12-20 00:00:00
   Signal: 0 (BEARISH (CASH)) - Will apply to next 5 days
   Vol EMA 4: 358.00 <= Vol EMA 10: 369.20
   Cum Return: 17.81 <= Cum Return 20MA: 17.82

❌ Period #461 starts on 2024-12-30 00:00:00
   Signal: 0 (BEARISH (CASH)) - Will apply to next 5 days
   Vol EMA 4: 330.25 <= Vol EMA 10: 346.20
   Cum Return: 17.66 <= Cum Return 20MA: 18.01

❌ Period #462 starts on 2025-01-06 00:00:00
   Signal: 0 (BEARISH (CASH)) - Will apply to next 5 days
   Vol EMA 4: 322.50 <= Vol EMA 10: 327.40
   Cum Return: 17.82 <= Cum Return 20MA: 18.05

❌ Period #463 starts on 2025-01-13 00:00:00
   Signal: 0 (BEARISH (CASH)) - Will apply to next 5 days
   Vol EMA 4: 277.25 <= Vol EMA 10: 304.10
   Cum Return: 16.12 <= Cum Return 20MA: 17.89

❌ Period #464 starts on 2025-01-20 00:00:00
   Signal: 0 (BEARISH (CASH)) - Will apply to next 5 days
   Vol EMA 4: 264.00 <= Vol EMA 10: 273.00
   Cum Return: 16.76 <= Cum Return 20MA: 17.45

❌ Period #465 starts on 2025-01-27 00:00:00
   Signal: 0 (BEARISH (CASH)) - Will apply to next 5 days
   Vol EMA 4: 201.25 <= Vol EMA 10: 235.70
   Cum Return: 14.74 <= Cum Return 20MA: 16.89

❌ Period #466 starts on 2025-02-01 00:00:00
   Signal: 0 (BEARISH (CASH)) - Will apply to next 5 days
   Vol EMA 4: 172.50 <= Vol EMA 10: 187.80
   Cum Return: 15.26 <= Cum Return 20MA: 16.05

❌ Period #467 starts on 2025-02-07 00:00:00
   Signal: 0 (BEARISH (CASH)) - Will apply to next 5 days
   Vol EMA 4: 192.00 > Vol EMA 10: 175.90
   Cum Return: 15.49 <= Cum Return 20MA: 15.57

❌ Period #468 starts on 2025-02-14 00:00:00
   Signal: 0 (BEARISH (CASH)) - Will apply to next 5 days
   Vol EMA 4: 120.00 <= Vol EMA 10: 157.80
   Cum Return: 13.72 <= Cum Return 20MA: 15.02

❌ Period #469 starts on 2025-02-21 00:00:00
   Signal: 0 (BEARISH (CASH)) - Will apply to next 5 days
   Vol EMA 4: 83.25 <= Vol EMA 10: 105.90
   Cum Return: 13.82 <= Cum Return 20MA: 14.62

❌ Period #470 starts on 2025-03-03 00:00:00
   Signal: 0 (BEARISH (CASH)) - Will apply to next 5 days
   Vol EMA 4: 65.00 <= Vol EMA 10: 75.90
   Cum Return: 12.84 <= Cum Return 20MA: 14.26

❌ Period #471 starts on 2025-03-10 00:00:00
   Signal: 0 (BEARISH (CASH)) - Will apply to next 5 days
   Vol EMA 4: 65.75 > Vol EMA 10: 65.70
   Cum Return: 13.32 <= Cum Return 20MA: 13.69

❌ Period #472 starts on 2025-03-18 00:00:00
   Signal: 0 (BEARISH (CASH)) - Will apply to next 5 days
   Vol EMA 4: 55.50 <= Vol EMA 10: 59.90
   Cum Return: 13.36 <= Cum Return 20MA: 13.43

✅ Period #473 starts on 2025-03-25 00:00:00
   Signal: 1 (BULLISH (BUY)) - Will apply to next 5 days
   Vol EMA 4: 61.25 > Vol EMA 10: 59.20
   Cum Return: 13.99 > Cum Return 20MA: 13.44

❌ Period #474 starts on 2025-04-02 00:00:00
   Signal: 0 (BEARISH (CASH)) - Will apply to next 5 days
   Vol EMA 4: 57.75 <= Vol EMA 10: 59.20
   Cum Return: 14.36 > Cum Return 20MA: 13.68

❌ Period #475 starts on 2025-04-09 00:00:00
   Signal: 0 (BEARISH (CASH)) - Will apply to next 5 days
   Vol EMA 4: 46.00 <= Vol EMA 10: 52.80
   Cum Return: 13.07 <= Cum Return 20MA: 13.73

✅ Period #476 starts on 2025-04-21 00:00:00
   Signal: 1 (BULLISH (BUY)) - Will apply to next 5 days
   Vol EMA 4: 62.75 > Vol EMA 10: 54.50
   Cum Return: 14.82 > Cum Return 20MA: 14.01

✅ Period #477 starts on 2025-04-28 00:00:00
   Signal: 1 (BULLISH (BUY)) - Will apply to next 5 days
   Vol EMA 4: 64.25 > Vol EMA 10: 62.50
   Cum Return: 14.52 > Cum Return 20MA: 14.21

❌ Period #478 starts on 2025-05-06 00:00:00
   Signal: 0 (BEARISH (CASH)) - Will apply to next 5 days
   Vol EMA 4: 61.25 <= Vol EMA 10: 62.90
   Cum Return: 14.18 <= Cum Return 20MA: 14.27

❌ Period #479 starts on 2025-05-13 00:00:00
   Signal: 0 (BEARISH (CASH)) - Will apply to next 5 days
   Vol EMA 4: 69.00 > Vol EMA 10: 64.90
   Cum Return: 14.41 <= Cum Return 20MA: 14.46

✅ Period #480 starts on 2025-05-20 00:00:00
   Signal: 1 (BULLISH (BUY)) - Will apply to next 5 days
   Vol EMA 4: 84.75 > Vol EMA 10: 76.00
   Cum Return: 14.58 > Cum Return 20MA: 14.52

✅ Period #481 starts on 2025-05-27 00:00:00
   Signal: 1 (BULLISH (BUY)) - Will apply to next 5 days
   Vol EMA 4: 106.75 > Vol EMA 10: 94.20
   Cum Return: 14.52 > Cum Return 20MA: 14.44

✅ Period #482 starts on 2025-06-03 00:00:00
   Signal: 1 (BULLISH (BUY)) - Will apply to next 5 days
   Vol EMA 4: 116.50 > Vol EMA 10: 110.50
   Cum Return: 14.52 > Cum Return 20MA: 14.46

✅ Period #483 starts on 2025-06-10 00:00:00
   Signal: 1 (BULLISH (BUY)) - Will apply to next 5 days
   Vol EMA 4: 128.25 > Vol EMA 10: 121.70
   Cum Return: 14.84 > Cum Return 20MA: 14.58

✅ Period #484 starts on 2025-06-17 00:00:00
   Signal: 1 (BULLISH (BUY)) - Will apply to next 5 days
   Vol EMA 4: 140.50 > Vol EMA 10: 133.50
   Cum Return: 14.73 > Cum Return 20MA: 14.58

✅ Period #485 starts on 2025-06-24 00:00:00
   Signal: 1 (BULLISH (BUY)) - Will apply to next 5 days
   Vol EMA 4: 144.00 > Vol EMA 10: 141.60
   Cum Return: 15.02 > Cum Return 20MA: 14.65

✅ Period #486 starts on 2025-07-01 00:00:00
   Signal: 1 (BULLISH (BUY)) - Will apply to next 5 days
   Vol EMA 4: 169.50 > Vol EMA 10: 155.80
   Cum Return: 15.16 > Cum Return 20MA: 14.82

❌ Period #487 starts on 2025-07-08 00:00:00
   Signal: 0 (BEARISH (CASH)) - Will apply to next 5 days
   Vol EMA 4: 190.25 > Vol EMA 10: 178.00
   Cum Return: 14.86 <= Cum Return 20MA: 14.91

❌ Period #488 starts on 2025-07-15 00:00:00
   Signal: 0 (BEARISH (CASH)) - Will apply to next 5 days
   Vol EMA 4: 208.00 > Vol EMA 10: 197.20
   Cum Return: 14.84 <= Cum Return 20MA: 14.95

❌ Period #489 starts on 2025-07-22 00:00:00
   Signal: 0 (BEARISH (CASH)) - Will apply to next 5 days
   Vol EMA 4: 249.50 > Vol EMA 10: 225.80
   Cum Return: 14.61 <= Cum Return 20MA: 14.91

❌ Period #490 starts on 2025-07-29 00:00:00
   Signal: 0 (BEARISH (CASH)) - Will apply to next 5 days
   Vol EMA 4: 272.25 > Vol EMA 10: 259.00
   Cum Return: 13.87 <= Cum Return 20MA: 14.65

❌ Period #491 starts on 2025-08-05 00:00:00
   Signal: 0 (BEARISH (CASH)) - Will apply to next 5 days
   Vol EMA 4: 300.25 > Vol EMA 10: 285.00
   Cum Return: 14.07 <= Cum Return 20MA: 14.38

❌ Period #492 starts on 2025-08-12 00:00:00
   Signal: 0 (BEARISH (CASH)) - Will apply to next 5 days
   Vol EMA 4: 312.50 > Vol EMA 10: 304.50
   Cum Return: 14.00 <= Cum Return 20MA: 14.18

✅ Period #493 starts on 2025-08-20 00:00:00
   Signal: 1 (BULLISH (BUY)) - Will apply to next 5 days
   Vol EMA 4: 343.50 > Vol EMA 10: 326.10
   Cum Return: 14.34 > Cum Return 20MA: 14.09

❌ Period #494 starts on 2025-08-28 00:00:00
   Signal: 0 (BEARISH (CASH)) - Will apply to next 5 days
   Vol EMA 4: 350.75 > Vol EMA 10: 346.20
   Cum Return: 14.00 <= Cum Return 20MA: 14.11

✅ Period #495 starts on 2025-09-04 00:00:00
   Signal: 1 (BULLISH (BUY)) - Will apply to next 5 days
   Vol EMA 4: 363.50 > Vol EMA 10: 354.80
   Cum Return: 14.32 > Cum Return 20MA: 14.18

✅ Period #496 starts on 2025-09-11 00:00:00
   Signal: 1 (BULLISH (BUY)) - Will apply to next 5 days
   Vol EMA 4: 370.00 > Vol EMA 10: 363.30
   Cum Return: 14.47 > Cum Return 20MA: 14.29

✅ Period #497 starts on 2025-09-18 00:00:00
   Signal: 1 (BULLISH (BUY)) - Will apply to next 5 days
   Vol EMA 4: 393.00 > Vol EMA 10: 379.00
   Cum Return: 14.62 > Cum Return 20MA: 14.38

❌ Period #498 starts on 2025-09-25 00:00:00
   Signal: 0 (BEARISH (CASH)) - Will apply to next 5 days
   Vol EMA 4: 377.25 <= Vol EMA 10: 385.00
   Cum Return: 14.60 > Cum Return 20MA: 14.49

❌ Period #499 starts on 2025-10-03 00:00:00
   Signal: 0 (BEARISH (CASH)) - Will apply to next 5 days
   Vol EMA 4: 317.00 <= Vol EMA 10: 349.90
   Cum Return: 14.82 > Cum Return 20MA: 14.55

❌ Period #500 starts on 2025-10-10 00:00:00
   Signal: 0 (BEARISH (CASH)) - Will apply to next 5 days
   Vol EMA 4: 319.50 <= Vol EMA 10: 319.50
   Cum Return: 14.96 > Cum Return 20MA: 14.67

❌ Period #501 starts on 2025-10-17 00:00:00
   Signal: 0 (BEARISH (CASH)) - Will apply to next 5 days
   Vol EMA 4: 312.50 <= Vol EMA 10: 316.90
   Cum Return: 14.66 <= Cum Return 20MA: 14.74

❌ Period #502 starts on 2025-10-27 00:00:00
   Signal: 0 (BEARISH (CASH)) - Will apply to next 5 days
   Vol EMA 4: 326.50 > Vol EMA 10: 319.40
   Cum Return: 14.33 <= Cum Return 20MA: 14.68

❌ Period #503 starts on 2025-11-03 00:00:00
   Signal: 0 (BEARISH (CASH)) - Will apply to next 5 days
   Vol EMA 4: 334.00 > Vol EMA 10: 328.50
   Cum Return: 14.38 <= Cum Return 20MA: 14.65

❌ Period #504 starts on 2025-11-11 00:00:00
   Signal: 0 (BEARISH (CASH)) - Will apply to next 5 days
   Vol EMA 4: 328.75 <= Vol EMA 10: 331.40
   Cum Return: 14.20 <= Cum Return 20MA: 14.45

❌ Period #505 starts on 2025-11-18 00:00:00
   Signal: 0 (BEARISH (CASH)) - Will apply to next 5 days
   Vol EMA 4: 343.00 > Vol EMA 10: 337.10
   Cum Return: 14.25 <= Cum Return 20MA: 14.33

================================================================================
🎯 SIGNAL GENERATION COMPLETE
================================================================================
Total rows with signals: 2525
Rows with Bullish signal (1): 1290
Rows with Bearish signal (0): 1215
Number of periods: 505.0
Total columns in output: 56

📊 Sample columns in output:
   ['Date', 'total_account_value', 'total_portfolio_value', 'v1_vol', 'v2_vol', 'v2_vol_nif_100', 'v2_vol_midcap', 'v2_vol_smallcap', 'v2_vol_microcap', 'v3_vol']
   ... and 46 more columns

📊 Signal Distribution by Period:

✅ Daily signals with ALL data saved to: daily_signals_with_all_data.csv
================================================================================
