date,ticker,shares,sell_price,sell_value,bought_price,realized_pnl,realized_pnl_pct
2015-09-30,LAOPALA,176,277.2250061035156,48791.60107421875,283.375,-1082.39892578125,-2.170266924211513
2015-09-30,WELSPUNLIV,647,84.51499938964844,54681.20460510254,77.18499755859375,4742.511184692383,9.496666532236702
2015-09-30,OFSS,12,3945.800048828125,47349.6005859375,4145.64990234375,-2398.1982421875,-4.820712270050579
2015-09-30,GHCL,433,136.35000610351562,59039.552642822266,115.44999694824219,9049.703964233398,18.103083332815675
2015-09-30,HIMATSEIDE,271,208.10000610351562,56395.101654052734,184.35000610351562,6436.25,12.883102367061477
2015-09-30,NILKAMAL,48,969.5499877929688,46538.3994140625,1020.5,-2445.6005859375,-4.992651857621876
2015-09-30,INTELLECT,315,161.54415893554688,50886.410064697266,158.3123321533203,1018.0254364013672,2.0414245297685616
2015-10-30,MARUTI,11,4449.0,48939.0,4685.60009765625,-2602.60107421875,-5.049515381703147
2015-10-30,SAMMAANCAP,74,642.2880249023438,47529.31384277344,707.8048706054688,-4848.24658203125,-9.256342874142803
2015-10-30,CUMMINSIND,48,1073.699951171875,51537.59765625,1095.4000244140625,-1041.603515625,-1.9810181448366344
2015-10-30,GLENMARK,43,991.5,42634.5,1154.800048828125,-7021.902099609375,-14.140980422874039
2015-10-30,ZEEL,134,408.6499938964844,54759.099182128906,392.45001220703125,2170.7975463867188,4.127909589898818
2015-11-30,BRITANNIA,34,1460.0,49640.0,1464.9749755859375,-169.149169921875,-0.33959457798572207
2015-11-30,ZYDUSLIFE,125,397.20001220703125,49650.001525878906,418.3399963378906,-2642.498016357422,-5.053302174288097
2015-11-30,ESCORTS,280,174.6999969482422,48915.99914550781,176.1999969482422,-420.0,-0.8513053495912473
2015-11-30,TORNTPHARM,62,718.5,44547.0,803.5,-5270.0,-10.578718108276291
2015-11-30,RUSHIL,2178,21.432043075561523,46678.989818573,22.713306427001953,-2790.591579437256,-5.641025253448976
2015-11-30,DRREDDY,58,622.0,36076.0,860.530029296875,-13834.74169921875,-27.718966355162987
2015-11-30,NIITLTD,527,99.0,52173.0,93.75,2766.75,5.6000000000000005
2015-11-30,GRANULES,403,160.0,64480.0,123.94999694824219,14528.151229858398,29.084311366954868
2015-11-30,COFORGE,437,113.9000015258789,49774.30066680908,113.1500015258789,327.75,0.6628369331735846
2015-11-30,MARKSANS,506,100.44999694824219,50827.69845581055,103.8499984741211,-1720.4007720947266,-3.2739543339773567
2015-11-30,CHENNPETRO,216,196.0,42336.0,230.89999389648438,-7538.398681640625,-15.114766054143129
2015-12-31,MARUTI,10,4621.9501953125,46219.501953125,4555.0,669.501953125,1.4698176797475302
2015-12-31,ASHOKLEY,1107,43.95000076293945,48652.650844573975,45.150001525878906,-1328.4008445739746,-2.6578089089357864
2015-12-31,LICHSGFIN,100,510.04998779296875,51004.998779296875,484.6499938964844,2539.9993896484375,5.240894298228242
2015-12-31,STAR,37,1202.2158203125,44481.9853515625,1288.6044921875,-3196.380859375,-6.704048635462145
2015-12-31,INDUSINDBK,52,968.9500122070312,50385.400634765625,935.25,1752.400634765625,3.6033159269747395
2015-12-31,ZEEL,119,437.25,52032.75,408.1499938964844,3462.9007263183594,7.129733318309447
2015-12-31,DIVISLAB,42,1154.8499755859375,48503.698974609375,1182.050048828125,-1142.403076171875,-2.3010931956014415
2015-12-31,IDBI,520,88.8499984741211,46201.99920654297,93.55000305175781,-2444.0023803710938,-5.024056038818489
2015-12-31,CEATLTD,45,1051.4000244140625,47313.00109863281,1097.5,-2074.4989013671875,-4.200453356349659
2015-12-31,BEL,1281,41.548484802246094,53223.609031677246,37.995452880859375,4551.433891296387,9.351202978229528
2016-01-29,GODFRYPHLP,103,407.51666259765625,41974.216247558594,471.8999938964844,-6631.483123779297,-13.643427025123295
2016-01-29,JUBLPHARMA,186,261.5278625488281,48644.18243408203,268.0191650390625,-1207.3822631835938,-2.4219545976453953
2016-01-29,RCOM,642,62.150001525878906,39900.30097961426,75.80000305175781,-8763.300979614258,-18.00791685530461
2016-01-29,DCAL,450,165.125,74306.25,111.0,24356.25,48.76126126126126
2016-01-29,NATCOPHARM,85,529.0499877929688,44969.248962402344,579.2999877929688,-4271.25,-8.674262223177957
2016-01-29,NIITLTD,497,85.55000305175781,42518.35151672363,99.05000305175781,-6709.5,-13.62947964064744
2016-01-29,JAMNAAUTO,1765,29.139999389648438,51432.09892272949,27.920000076293945,2153.2987880706787,4.369625035890877
2016-02-29,GENUSPOWER,861,44.0,37884.0,57.20000076293945,-11365.20065689087,-23.076924102930935
2016-02-29,HFCL,2363,16.799999237060547,39698.39819717407,20.850000381469727,-9570.152704238892,-19.424465565039444
2016-02-29,TORNTPOWER,210,227.75,47827.5,234.0,-1312.5,-2.6709401709401708
2016-02-29,AUROPHARMA,68,655.6500244140625,44584.20166015625,769.2000122070312,-7721.399169921875,-14.76208866237077
2016-02-29,TITAGARH,301,88.3499984741211,26593.34954071045,163.5500030517578,-22635.201377868652,-45.97982462515673
2016-02-29,RAJESHEXPO,98,707.9500122070312,69379.10119628906,506.5,19742.101196289062,39.772954038900544
2016-02-29,BALRAMCHIN,553,81.4000015258789,45014.200843811035,88.94999694824219,-4175.1474685668945,-8.487909703646688
2016-02-29,INTELLECT,211,152.22340393066406,32119.138229370117,233.4404296875,-17136.792434692383,-34.791328076956866
2016-02-29,DIVISLAB,43,950.5499877929688,40873.649475097656,1140.949951171875,-8187.198425292969,-16.687845350564725
2016-02-29,ARVIND,405,90.3977279663086,36611.07982635498,120.01893615722656,-11996.589317321777,-24.680445552453286
2016-02-29,MOREPENLAB,1309,25.399999618530273,33248.59950065613,37.650001525878906,-16035.25249671936,-32.53652433168837
2016-02-29,NILKAMAL,39,976.2000122070312,38071.80047607422,1253.699951171875,-10822.497619628906,-22.134477927151178
2016-02-29,VEEDOL,35,1147.550048828125,40164.251708984375,1394.6700439453125,-8649.199829101562,-17.718885996728094
2016-02-29,TATAELXSI,54,847.125,45744.75,919.2249755859375,-3893.398681640625,-7.843561424120263
2016-03-31,APOLLOHOSP,28,1329.300048828125,37220.4013671875,1463.8499755859375,-3767.39794921875,-9.191510674033108
2016-03-31,BIOCON,570,80.55833435058594,45918.250579833984,86.3499984741211,-3301.248550415039,-6.707196555736947
2016-04-29,RIIL,95,420.79998779296875,39975.99884033203,434.04998779296875,-1258.75,-3.0526437904935335
2016-04-29,TORNTPOWER,179,234.75,42020.25,231.89999389648438,510.1510925292969,1.2289806720684142
2016-04-29,RAJESHEXPO,66,592.0499877929688,39075.29919433594,621.0999755859375,-1917.2991943359375,-4.677183856844202
2016-04-29,IGL,880,57.33000183105469,50450.401611328125,55.98500061035156,1183.60107421875,2.402431376332674
2016-04-29,VAKRANGEE,606,92.01453399658203,55760.80760192871,81.29891967773438,6493.66227722168,13.180512559482855
2016-04-29,PIDILITIND,140,301.5249938964844,42213.49914550781,293.32501220703125,1147.9974365234375,2.79552760528499
2016-04-29,ASIANPAINT,48,866.25,41580.0,846.0999755859375,967.201171875,2.3815181415302953
2016-05-31,INFY,76,624.3250122070312,47448.700927734375,542.0250244140625,6254.799072265625,15.183798549141954
2016-05-31,RELINFRA,82,538.0999755859375,44124.197998046875,538.5499877929688,-36.9010009765625,-0.08355996977651874
2016-05-31,RELIANCE,186,218.94839477539062,40724.401428222656,220.95993041992188,-374.1456298828125,-0.9103621822782259
2016-05-31,BODALCHEM,493,83.19999694824219,41017.5984954834,90.44999694824219,-3574.25,-8.015478435171906
2016-05-31,TVSMOTOR,154,284.6499938964844,43836.099060058594,268.1499938964844,2541.0,6.153272562209939
2016-05-31,MARICO,174,249.1999969482422,43360.79946899414,236.75,2166.2994689941406,5.258710432203669
2016-05-31,HINDZINC,226,170.75,38589.5,183.60000610351562,-2904.1013793945312,-6.998913767067445
2016-05-31,POWERGRID,531,84.3750228881836,44803.13715362549,78.24376678466797,3255.696990966797,7.836095264162381
2016-06-30,HDIL,444,103.25,45843.0,97.19999694824219,2686.2013549804688,6.224283170481338
2016-06-30,SHRIRAMFIN,187,234.604736328125,43871.085693359375,230.0252685546875,856.3604736328125,1.9908542231953752
2016-06-30,PEL,52,815.3353881835938,42397.440185546875,815.166259765625,8.794677734375,0.020747720595964983
2016-06-30,HEROMOTOCO,14,3178.25,44495.5,2945.699951171875,3255.70068359375,7.894559958002873
2016-06-30,GODREJCP,101,535.75,54110.75,440.54998779296875,9615.201232910156,21.60935531605766
2016-06-30,ASHOKLEY,765,49.17499923706055,37618.87441635132,54.29999923706055,-3920.625,-9.438305841636389
2016-06-30,HAVELLS,129,359.8999938964844,46427.099212646484,321.3500061035156,4972.948425292969,11.996261727330026
2016-06-30,TATASTEEL,1334,30.673355102539062,40918.25570678711,33.450584411621094,-3704.8238983154297,-8.30248367235459
2016-07-29,M&MFIN,220,201.6573944091797,44364.62677001953,196.04818725585938,1234.0255737304688,2.8611369642504396
2016-07-29,PETRONET,415,149.0,61835.0,117.125,13228.125,27.2145144076841
2016-07-29,KIRIINDUS,116,360.45001220703125,41812.201416015625,381.8999938964844,-2488.1978759765625,-5.616648869407218
2016-07-29,IGL,710,64.83499908447266,46032.849349975586,62.755001068115234,1476.7985916137695,3.3144737167636413
2016-07-29,BALRAMCHIN,385,132.5500030517578,51031.75117492676,107.8499984741211,9509.501762390137,22.902183520719802
2016-07-29,RUSHIL,1509,31.554025650024414,47615.02470588684,28.587705612182617,4476.1769371032715,10.37620884334874
2016-07-29,INDUSINDBK,39,1175.6500244140625,45850.35095214844,1102.8499755859375,2839.201904296875,6.601083596111682
2016-07-29,DHAMPURSUG,367,123.8499984741211,45452.94944000244,121.25,954.1994400024414,2.1443286384503866
2016-08-31,GRASIM,70,720.5568237304688,50438.97766113281,630.59814453125,6297.1075439453125,14.265611147030699
2016-08-31,MUTHOOTFIN,152,375.75,57114.0,293.04998779296875,12570.40185546875,28.22044553895576
2016-08-31,GHCL,211,252.10000610351562,53193.1012878418,228.3000030517578,5021.800643920898,10.424880741837802
2016-08-31,PRICOLLTD,613,99.5214614868164,61006.65589141846,72.76312255859375,16402.86176300049,36.7745885378614
2016-08-31,CHOLAFIN,235,231.89999389648438,54496.49856567383,189.7100067138672,9914.646987915039,22.239199667654237
2016-08-31,PIDILITIND,122,349.2749938964844,42611.549255371094,353.125,-469.70074462890625,-1.0902672151548674
2016-08-31,HINDPETRO,257,180.5481414794922,46400.87236022949,186.91851806640625,-1637.186782836914,-3.408103516341205
2016-08-31,ASIANPAINT,43,1157.9000244140625,49789.70104980469,1114.1500244140625,1881.25,3.926760224504627
2016-08-31,ACC,27,1709.800048828125,46164.601318359375,1616.050048828125,2531.25,5.801181718844822
2016-08-31,POWERGRID,486,103.3312759399414,50219.00010681152,91.7437744140625,5631.525741577148,12.630286468901557
2016-09-30,SRF,153,355.5400085449219,54397.62130737305,344.29998779296875,1719.7231750488281,3.264600973123435
2016-09-30,HINDALCO,332,152.6999969482422,50696.398986816406,159.25,-2174.6010131835938,-4.113031743646978
2016-09-30,SUNDRMFAST,181,291.75,52806.75,291.6000061035156,27.148895263671875,0.051438235029092685
2016-09-30,INDIACEM,352,144.0,50688.0,149.8000030517578,-2041.60107421875,-3.871831063817694
2016-09-30,SUDARSCHEM,152,372.5,56620.0,315.25,8702.0,18.160190325138778
2016-09-30,SHREECEM,2,17042.69921875,34085.3984375,16110.25,1864.8984375,5.78792519513974
2016-09-30,INDIANB,235,211.10000610351562,49608.50143432617,224.9499969482422,-3254.747848510742,-6.1569197744480295
2016-09-30,YESBANK,236,250.94000244140625,59221.840576171875,188.58999633789062,14714.601440429688,33.06114179662273
2016-09-30,VEDL,292,172.0500030517578,50238.60089111328,164.64999389648438,2160.8026733398438,4.494387749522682
2016-09-30,EDELWEISS,844,61.48392868041992,51892.435806274414,62.59198760986328,-935.2017364501953,-1.770288772981465
2016-10-28,BAJFINANCE,820,107.25499725341797,87949.09774780273,60.0994987487793,38667.50877380371,78.46238235988027
2016-10-28,PEL,51,1000.6119995117188,51031.211975097656,1036.64111328125,-1837.4848022460938,-3.475562883618357
2016-10-28,JSWSTEEL,466,165.88499450683594,77302.40744018555,105.70500183105469,28043.876586914062,56.93201989813617
2016-10-28,AJANTPHARM,38,1361.066650390625,51720.53271484375,1338.066650390625,874.0,1.718897933319357
2016-10-28,CHOLAFIN,220,237.0800018310547,52157.60040283203,231.47000122070312,1234.2001342773438,2.423640463457946
2016-10-28,BODALCHEM,356,142.1999969482422,50623.19891357422,143.14999389648438,-338.19891357421875,-0.6636374353806511
2016-10-28,BPL,615,77.80000305175781,47847.001876831055,83.05000305175781,-3228.75,-6.321492844170197
2016-11-30,MARUTI,9,5266.0,47394.0,5477.2998046875,-1901.6982421875,-3.85773669914268
2016-11-30,DELTACORP,341,114.8499984741211,39163.84947967529,154.85000610351562,-13640.002601623535,-25.831453698913602
2016-11-30,IDFCFIRSTB,639,68.44999694824219,43739.54804992676,79.8499984741211,-7284.600975036621,-14.276771125516778
2016-11-30,MANAPPURAM,804,77.0,61908.0,53.650001525878906,18773.39877319336,43.5228290960213
2016-11-30,GNFC,214,216.60000610351562,46352.401306152344,280.79998779296875,-13738.796081542969,-22.863242336316333
2016-11-30,ESCORTS,183,322.70001220703125,59054.10223388672,262.5,11016.602233886719,22.933337983630953
2016-11-30,JISLJALEQS,559,89.8499984741211,50226.14914703369,107.5,-9866.350852966309,-16.418606070585028
2016-11-30,INDIACEM,383,119.6500015258789,45825.95058441162,157.0500030517578,-14324.200584411621,-23.81407246044641
2016-11-30,TVSMOTOR,148,374.1000061035156,55366.80090332031,405.0,-4573.1990966796875,-7.629628122588734
2016-11-30,APTECHT,452,116.71428680419922,52754.85763549805,113.0,1678.8576354980469,3.2869794727426718
2016-11-30,ABREL,54,807.25,43591.5,943.0499877929688,-7333.1993408203125,-14.400083723110276
2016-12-30,HINDALCO,282,155.0500030517578,43724.1008605957,175.75,-5837.399139404297,-11.778092146937233
2016-12-30,TIRUMALCHM,691,76.44000244140625,52820.04168701172,87.0999984741211,-7366.057258605957,-12.23880162969476
2016-12-30,INDIANB,195,220.85000610351562,43065.75119018555,253.75,-6415.498809814453,-12.965514836052956
2016-12-30,MOIL,264,180.02499389648438,47526.598388671875,188.0500030517578,-2118.6024169921875,-4.2674868519224
2016-12-30,RECLTD,483,93.63749694824219,45226.91102600098,102.67500305175781,-4365.115447998047,-8.802050971413047
2016-12-30,BAJAJFINSV,176,289.4849853515625,50949.357421875,272.3900146484375,3008.71484375,6.275916804508701
2016-12-30,PNBGILTS,930,45.70000076293945,42501.00070953369,53.349998474121094,-7114.497871398926,-14.339265098372
2017-01-31,OIL,312,146.5111083984375,45711.4658203125,150.70004272460938,-1306.947509765625,-2.7796503905621126
2017-01-31,PETRONET,300,186.97500610351562,56092.50183105469,175.9250030517578,3315.0009155273438,6.281087315659651
2017-01-31,GAIL,571,87.77816772460938,50121.33377075195,82.35004425048828,3099.4585037231445,6.59152465979265
2017-01-31,ENGINERSIN,311,147.89999389648438,45996.89810180664,151.0,-964.1018981933594,-2.052984174513659
2017-01-31,NMDC,1488,36.856407165527344,54842.33386230469,31.616825103759766,7796.498107910156,16.57213222571328
2017-01-31,TVSELECT,248,196.25,48670.0,189.5,1674.0,3.562005277044855
2017-01-31,NATIONALUM,720,75.05000305175781,54036.002197265625,65.30000305175781,7020.0,14.931086591637671
2017-02-28,HINDALCO,267,184.35000610351562,49221.45162963867,189.9499969482422,-1495.1975555419922,-2.948139476018236
2017-02-28,JUBLPHARMA,116,540.1657104492188,62659.222412109375,517.3148803710938,2650.6962890625,4.417199455336187
2017-02-28,DWARKESH,1274,39.91999816894531,50858.07766723633,39.8650016784668,70.0655288696289,0.1379568246907215
2017-02-28,HINDZINC,175,308.3500061035156,53961.251068115234,282.6000061035156,4506.25,9.111818628400115
2017-02-28,STLTECH,407,129.60000610351562,52747.20248413086,124.80000305175781,1953.6012420654297,3.8461561974218275
2017-02-28,DATAMATICS,366,134.3000030517578,49153.80111694336,128.5,2122.8011169433594,4.513621051951605
2017-02-28,VAKRANGEE,512,147.78233337402344,75664.5546875,117.47577667236328,15516.95703125,25.798132653495294
2017-02-28,SWANENERGY,297,156.60000610351562,46510.20181274414,171.0500030517578,-4291.64909362793,-8.44782033933655
2017-02-28,INFIBEAM,1993,28.817983627319336,57434.24136924744,24.90542221069336,7797.734903335571,15.709677127842806
2017-02-28,ONGC,257,193.5500030517578,49742.35078430176,192.60000610351562,244.1492156982422,0.4932486594686804
2017-02-28,HCC,1320,35.303287506103516,46600.33950805664,35.61729431152344,-414.4889831542969,-0.8816133046870147
2017-02-28,BEL,1089,45.92727279663086,50014.800075531006,46.666664123535156,-805.1971549987793,-1.5844100725669898
2017-02-28,POWERGRID,436,108.08440399169922,47124.80014038086,116.5500259399414,-3691.0111694335938,-7.263509278500331
2017-03-31,NFL,685,76.5999984741211,52470.99895477295,77.5999984741211,-685.0,-1.288659819153851
2017-03-31,GAIL,549,94.2375259399414,51736.40174102783,96.9188003540039,-1472.0196533203125,-2.76651630464773
2017-03-31,ESCORTS,118,538.75,63572.5,449.04998779296875,10584.601440429688,19.975507102872207
2017-03-31,TATACOMM,121,448.3206481933594,54246.798431396484,408.5209655761719,4815.7615966796875,9.74238435010419
2017-03-31,VENKEYS,61,1017.0999755859375,62043.09851074219,858.5499877929688,9671.549255371094,18.46718188192457
2017-03-31,HDFCBANK,153,360.63751220703125,55177.53936767578,347.5249938964844,2006.2153015136719,3.773115183321934
2017-03-31,BIOCON,457,188.71665954589844,86243.51341247559,97.56666564941406,41655.54721069336,93.42329502579632
2017-03-31,NILKAMAL,27,1951.9000244140625,52701.30065917969,1931.199951171875,558.9019775390625,1.0718762306112555
2017-03-31,HINDPETRO,271,233.62222290039062,63311.62240600586,188.42222595214844,12249.199172973633,23.988675815623335
2017-03-31,APTECHT,317,164.92857360839844,52282.357833862305,167.42857360839844,-792.5,-1.4931740419931503
2017-03-31,JINDALSTEL,424,121.0,51304.0,125.44999694824219,-1886.7987060546875,-3.5472276257433113
2017-03-31,BAJAJFINSV,135,409.8399963378906,55328.399505615234,391.4150085449219,2487.3733520507812,4.707276775477594
2017-03-31,CHENNPETRO,140,363.04998779296875,50826.998291015625,379.8500061035156,-2352.0025634765625,-4.422803222482662
2017-04-28,RAIN,529,112.0999984741211,59300.89919281006,109.5999984741211,1322.5,2.281021929567183
2017-04-28,VIPIND,293,198.8000030517578,58248.40089416504,197.89999389648438,263.7026824951172,0.4547797791970654
2017-04-28,VEDL,216,243.5500030517578,52606.80065917969,229.85000610351562,2959.1993408203125,5.960407476374934
2017-04-28,INDUSINDBK,40,1444.949951171875,57797.998046875,1425.1500244140625,791.9970703125,1.3893222761549655
2017-04-28,LTF,491,118.68254852294922,58273.13132476807,108.31177520751953,5092.049697875977,9.574926914049598
2017-04-28,YESBANK,183,326.04998779296875,59667.14776611328,290.5400085449219,6498.326202392578,12.222061748358659
2017-04-28,EDELWEISS,680,90.61785125732422,61620.13885498047,85.23969268798828,3657.1478271484375,6.309453260257719
2017-04-28,KEC,278,219.35000610351562,60979.301696777344,208.60000610351562,2988.5,5.1534034925509165
2017-04-28,DHAMPURSUG,267,236.0,63012.0,216.85000610351562,5113.048370361328,8.83098609983111
2017-04-28,BOMDYEING,699,86.44999694824219,60428.54786682129,83.0,2411.547866821289,4.156622829207455
2017-05-31,BANKINDIA,318,141.35000610351562,44949.30194091797,186.8000030517578,-14453.099029541016,-24.330833086576064
2017-05-31,JAYBARMARU,499,114.87999725341797,57325.11862945557,119.05000305175781,-2080.832893371582,-3.5027347261191624
2017-05-31,IOC,526,143.14999389648438,75296.89678955078,97.08333587646484,24231.062118530273,47.45063362742062
2017-05-31,IGL,659,107.43499755859375,70799.66339111328,80.11499786376953,18003.87979888916,34.10098036984304
2017-05-31,CESC,766,82.3904037475586,63111.04927062988,66.26692962646484,12350.581176757812,24.331101821042516
2017-05-31,BBTC,67,882.2000122070312,59107.400817871094,853.3499755859375,1932.9524536132812,3.3807977320541185
2017-05-31,SUNTV,64,798.0,51072.0,921.75,-7920.0,-13.425549227013834
2017-05-31,JMFINANCIL,514,122.9000015258789,63170.60078430176,115.55000305175781,3777.899215698242,6.36088124621584
2017-05-31,NATCOPHARM,68,933.7000122070312,63491.600830078125,849.2000122070312,5746.0,9.95054154325651
2017-05-31,GICHSGFIN,118,540.25,63749.5,500.8999938964844,4643.300720214844,7.855860767218868
2017-05-31,RECLTD,427,144.9375,61888.3125,135.75,3923.0625,6.767955801104971
2017-05-31,RCF,709,88.25,62569.25,81.75,4608.5,7.951070336391437
2017-05-31,ITI,516,74.44999694824219,38416.19842529297,115.1500015258789,-21001.202362060547,-35.345205417552485
2017-05-31,BEL,1072,52.318180084228516,56085.08905029297,55.43939208984375,-3345.9392700195312,-5.629953518532586
2017-06-30,KOTAKBANK,61,955.75,58300.75,966.0499877929688,-628.2992553710938,-1.0661961516608507
2017-06-30,OMAXE,296,202.35000610351562,59895.601806640625,200.5500030517578,532.8009033203125,0.8975332956206781
2017-06-30,SAMMAANCAP,57,959.2647705078125,54678.09191894531,1034.5423583984375,-4290.822509765625,-7.276414279175704
2017-06-30,MOTHERSON,1087,56.10050964355469,60981.253982543945,54.710140228271484,1511.3315544128418,2.541337692577745
2017-06-30,LICHSGFIN,81,742.2000122070312,60118.20098876953,734.0999755859375,656.1029663085938,1.1033969337253462
2017-06-30,ADFFOODS,1085,49.58000183105469,53794.301986694336,54.779998779296875,-5641.996688842773,-9.4925101572062
2017-06-30,KEC,228,257.75,58767.0,259.95001220703125,-501.602783203125,-0.8463212555185805
2017-06-30,AVANTIFEED,127,498.6166687011719,63324.31692504883,467.1833190917969,3992.035400390625,6.728268823998543
2017-06-30,FEDERALBNK,634,112.8499984741211,71546.89903259277,91.44999694824219,13567.600967407227,23.40076789503955
2017-07-31,PEL,42,1664.7265625,69918.515625,1407.5325927734375,10802.146728515625,18.272683065887733
2017-07-31,MOTILALOFS,57,1067.6500244140625,60856.05139160156,1031.300048828125,2071.9486083984375,3.524675057200112
2017-07-31,PCBL,994,58.334999084472656,57984.98908996582,61.060001373291016,-2708.652275085449,-4.462827100443426
2017-07-31,GODREJIND,98,663.0,64974.0,604.5499877929688,5728.1011962890625,9.668350572698673
2017-07-31,KARURVYSYA,594,98.9888687133789,58799.38801574707,102.12969207763672,-1865.6490783691406,-3.0753283402345213
2017-07-31,IIFL,184,323.3947448730469,59504.633056640625,328.7738342285156,-989.75244140625,-1.6361062820254704
2017-07-31,SOUTHBANK,2113,30.149999618530273,63706.94919395447,28.149999618530273,4226.0,7.104795833401936
2017-07-31,CANFINHOME,113,617.780029296875,69809.14331054688,523.4500122070312,10659.291931152344,18.020826227917826
2017-07-31,DCBBANK,341,195.5,66665.5,156.0,13469.5,25.320512820512818
2017-07-31,CEATLTD,33,1877.1500244140625,61945.95080566406,1795.0,2710.9508056640625,4.576603031424095
2017-08-31,MARUTI,8,7700.2998046875,61602.3984375,7211.0,3914.3984375,6.7854639396408265
2017-08-31,NOCIL,441,142.25,62732.25,144.39999389648438,-948.1473083496094,-1.488915503712303
2017-08-31,PRAKASH,517,103.43207550048828,53474.38303375244,123.11488342285156,-10176.011695861816,-15.987350493409085
2017-08-31,MOTHERSON,1076,56.11872482299805,60383.7479095459,59.19696807861328,-3312.189743041992,-5.2000015465780995
2017-08-31,GOACARBON,234,355.3500061035156,83151.90142822266,258.75,22604.401428222656,37.33333569217995
2017-08-31,RELIANCE,172,364.47589111328125,62689.853271484375,369.2075500488281,-813.8453369140625,-1.281571553702276
2017-08-31,TVSMOTOR,110,603.7000122070312,66407.00134277344,538.2999877929688,7194.002685546875,12.14936390435429
2017-08-31,BEPL,1346,57.0,76722.0,45.06666564941406,16062.268035888672,26.4792927957409
2017-08-31,JINDALSTEL,415,137.10000610351562,56896.502532958984,153.39999389648438,-6764.494934082031,-10.625807328237654
2017-09-29,GRASIM,54,1129.458984375,60990.78515625,1190.4664306640625,-3294.402099609375,-5.124667501546558
2017-09-29,RAIN,457,175.9499969482422,80409.14860534668,142.39999389648438,15332.35139465332,23.560396411355537
2017-09-29,DWARKESH,980,62.45000076293945,61201.000747680664,66.44999694824219,-3919.9962615966797,-6.019558117389119
2017-09-29,MEP,548,100.94999694824219,55320.59832763672,110.69999694824219,-5343.0,-8.80758831868678
2017-09-29,DBL,107,599.3499755859375,64130.44738769531,604.0499877929688,-502.90130615234375,-0.7780833212502481
2017-09-29,INDUSINDBK,38,1682.199951171875,63923.59814453125,1645.75,1385.09814453125,2.214792718935136
2017-09-29,HINDUNILVR,55,1173.9000244140625,64564.50134277344,1155.75,998.2513427734375,1.5704109378379838
2017-09-29,KEC,209,306.95001220703125,64152.55255126953,304.6000061035156,491.1512756347656,0.7715055996147933
2017-09-29,VENKEYS,35,2000.449951171875,70015.74829101562,1698.6500244140625,10562.997436523438,17.76704573750654
2017-09-29,SHAKTIPUMP,880,81.30000305175781,71544.00268554688,67.57499694824219,12078.00537109375,20.310775765225767
2017-09-29,AVANTIFEED,105,676.566650390625,71039.49829101562,615.816650390625,6378.75,9.864949244465059
2017-10-31,BAJFINANCE,374,180.05999755859375,67342.43908691406,170.30999755859375,3646.5,5.724854758832107
2017-10-31,MOTILALOFS,51,1374.1500244140625,70081.65124511719,1286.699951171875,4459.9537353515625,6.796462000526343
2017-10-31,KEI,203,334.70001220703125,67944.10247802734,325.1000061035156,1948.8012390136719,2.952939379662414
2017-10-31,MARUTI,8,8211.25,65690.0,7978.2001953125,1864.3984375,2.921082436918865
2017-10-31,STLTECH,296,284.8999938964844,84330.39819335938,223.64999389648438,18130.0,27.38654221844037
2017-10-31,RAJESHEXPO,91,782.25,71184.75,650.75,11966.5,20.207452938916635
2017-10-31,LTF,452,187.09243774414062,84565.78186035156,134.2154541015625,23900.396606445312,39.397090295254266
2017-10-31,JBMA,602,107.73999786376953,64859.47871398926,110.11000061035156,-1426.7416534423828,-2.152395543951368
2017-10-31,EDELWEISS,487,152.12879943847656,74086.72532653809,133.64308166503906,9002.544555664062,13.832154678810696
2017-10-31,FEL,1297,51.599998474121094,66925.19802093506,51.099998474121094,648.5,0.9784736104311593
2017-11-30,TIRUMALCHM,449,193.13499450683594,86717.61253356934,147.5399932861328,20472.155548095703,30.90348603464968
2017-11-30,V2RETAIL,140,500.5,70070.0,513.7999877929688,-1861.998291015625,-2.58855354397709
2017-11-30,IGL,450,163.3000030517578,73485.00137329102,147.19000244140625,7249.500274658203,10.945037260098335
2017-11-30,BATAINDIA,89,734.25,65348.25,811.0999755859375,-6839.6478271484375,-9.474784601050096
2017-11-30,TVSMOTOR,100,716.2999877929688,71629.99877929688,657.0499877929688,5925.0,9.017578738418484
2017-11-30,TATASTEEL,1076,66.13421630859375,71160.41674804688,67.05360412597656,-989.2612915039062,-1.3711236396115534
2017-11-30,GUJALKALI,92,779.1500244140625,71681.80224609375,782.2000122070312,-280.598876953125,-0.389924283478723
2017-12-29,BRITANNIA,30,2354.625,70638.75,2407.800048828125,-1595.25146484375,-2.2084495286062173
2017-12-29,PCBL,919,97.52999877929688,89630.06887817383,70.81500244140625,24551.081634521484,37.72505177839279
2017-12-29,VIPIND,205,351.3500061035156,72026.7512512207,357.1499938964844,-1188.9974975585938,-1.6239641305019332
2017-12-29,DHANI,994,265.18109130859375,263590.0047607422,58.340843200683594,205599.2066192627,354.5376390882992
2017-12-29,SAREGAMA,1098,80.65237426757812,88556.30694580078,65.74176788330078,16371.845809936523,22.680568022973446
2017-12-29,BFINVEST,186,396.70001220703125,73786.20227050781,393.3999938964844,613.8034057617188,0.8388455418774641
2017-12-29,UNOMINDA,355,213.32675170898438,75730.99685668945,206.2291259765625,2519.6571350097656,3.4416213998931
2017-12-29,HSCL,474,153.75,72877.5,139.75,6636.0,10.01788908765653
2017-12-29,AVANTIFEED,76,844.7166748046875,64198.46728515625,940.4833374023438,-7278.266357421875,-10.182706996401231
2017-12-29,MIRCELECTR,1349,57.400001525878906,77432.60205841064,54.25,4249.3520584106445,5.8064544255832375
2018-01-31,TIRUMALCHM,432,199.55999755859375,86209.9189453125,219.39500427246094,-8568.722900390625,-9.04077409585617
2018-01-31,TITAN,110,869.5499877929688,95650.49865722656,858.1500244140625,1253.9959716796875,1.3284347788360256
2018-01-31,BBTC,51,1399.949951171875,71397.44750976562,1286.9000244140625,5765.5462646484375,8.78467049600727
2018-01-31,DBL,84,909.75,76419.0,853.0999755859375,4758.60205078125,6.64049068518064
2018-01-31,TVSMOTOR,123,696.7999877929688,85706.39849853516,770.7000122070312,-9089.703002929688,-9.588688626387478
2018-01-31,BOMDYEING,567,228.14999389648438,129361.04653930664,114.8499984741211,64241.09740447998,98.65041090783552
2018-01-31,PRAKASH,560,183.80714416503906,102932.00073242188,169.4019317626953,8066.9189453125,8.503570326767655
2018-01-31,PURVA,568,150.60000610351562,85540.80346679688,167.14999389648438,-9400.39306640625,-9.901279328324787
2018-02-28,MARUTI,9,8850.9501953125,79658.5517578125,9729.5498046875,-7907.396484375,-9.03021853027268
2018-02-28,DEEPAKNTR,333,260.75,86829.75,278.1000061035156,-5777.552032470703,-6.23876509267588
2018-02-28,PCJEWELLER,1910,33.314998626708984,63631.64737701416,48.53499984741211,-29070.20233154297,-31.35881584125452
2018-02-28,GOACARBON,95,989.5499877929688,94007.24884033203,756.2000122070312,22168.247680664062,30.85823483457592
2018-02-28,TATACONSUM,255,275.5,70252.5,287.1000061035156,-2958.0015563964844,-4.040406080428007
2018-02-28,GPIL,1106,127.9749984741211,141540.34831237793,85.8125,46631.72331237793,49.133282999704115
2018-02-28,GRAPHITE,309,674.4500122070312,208405.05377197266,205.9499969482422,144766.50471496582,227.48240942024825
2018-02-28,SUNTECK,219,400.25,87654.75,422.3500061035156,-4839.901336669922,-5.232628337668128
2018-02-28,BEPL,776,116.83333587646484,90662.66864013672,92.96666717529297,18520.534912109375,25.672286020719838
2018-02-28,INDIAGLYCO,325,244.72500610351562,79535.62698364258,225.125,6370.001983642578,8.706277003227374
2018-03-28,ADANIENT,798,85.22254943847656,68007.5944519043,116.17294311523438,-24698.414154052734,-26.641654112229446
2018-03-28,INFY,171,565.9000244140625,96768.90417480469,586.2999877929688,-3488.3937377929688,-3.479441208194222
2018-03-28,JSWSTEEL,321,288.1499938964844,92496.14804077148,312.20001220703125,-7720.055877685547,-7.703400823251226
2018-03-28,PCBL,768,108.55999755859375,83374.078125,120.68000030517578,-9308.162109375,-10.043091411943113
2018-03-28,PRAKASH,553,146.30166625976562,80904.82144165039,181.16835021972656,-19281.2762298584,-19.245460875298335
2018-03-28,STLTECH,279,312.3999938964844,87159.59829711914,359.3500061035156,-13099.053405761719,-13.065259888574113
2018-03-28,KEC,241,389.75,93929.75,415.25,-6145.5,-6.1408789885611075
2018-03-28,ACE,538,167.64999389648438,90195.6967163086,172.0500030517578,-2367.2049255371094,-2.5574013817074923
2018-03-28,BOMDYEING,387,239.0500030517578,92512.35118103027,258.6499938964844,-7585.19645690918,-7.577804487623832
2018-03-28,JINDALSTEL,463,219.10000610351562,101443.30282592773,205.0500030517578,6505.151412963867,6.851988706487059
2018-04-30,RAIN,266,319.70001220703125,85040.20324707031,270.8500061035156,12994.101623535156,18.035815027763277
2018-04-30,BAJAJELEC,172,602.4413452148438,103619.91137695312,517.926025390625,14536.635009765625,16.31802915493124
2018-04-30,DBL,88,1162.449951171875,102295.595703125,1003.2999877929688,14005.19677734375,15.862649787228634
2018-04-30,GRAPHITE,122,697.5499877929688,85101.09851074219,726.0999755859375,-3483.0985107421875,-3.931963745065533
2018-04-30,MASTEK,168,562.5,94500.0,530.5,5376.0,6.032045240339302
2018-04-30,BIOCON,318,333.79998779296875,106148.39611816406,315.0249938964844,5970.448059082031,5.959842634789081
2018-04-30,TECHM,139,670.5999755859375,93213.39660644531,638.7000122070312,4434.094909667969,4.994514289842544
2018-04-30,VENKEYS,25,3908.35009765625,97708.75244140625,3924.25,-397.49755859375,-0.4051704744537173
2018-05-31,SRF,201,386.44000244140625,77674.44049072266,478.489990234375,-18502.04754638672,-19.237599463236553
2018-05-31,PGHL,45,2338.75,105243.75,2121.699951171875,9767.252197265625,10.23000677867962
2018-05-31,ASHOKLEY,1225,74.0250015258789,90680.62686920166,72.7249984741211,1592.5037384033203,1.7875600949244619
2018-05-31,TITAN,94,900.0999755859375,84609.39770507812,942.2999877929688,-3966.8011474609375,-4.478405258804158
2018-05-31,TCS,54,1741.050048828125,94016.70263671875,1766.050048828125,-1350.0,-1.415588420984384
2018-05-31,CHOLAFIN,307,305.739990234375,93862.17700195312,290.0899963378906,4804.548126220703,5.394875415922856
2018-05-31,SHAKTIPUMP,818,94.4749984741211,77280.54875183105,118.0250015258789,-19263.90249633789,-19.953402031173955
2018-06-29,LTIM,69,1671.4000244140625,115326.60168457031,1440.0999755859375,15959.703369140625,16.061388288963432
2018-06-29,HINDUNILVR,64,1641.1500244140625,105033.6015625,1508.9000244140625,8464.0,8.764662857723488
2018-06-29,PIDILITIND,177,531.75,94119.75,543.0999755859375,-2008.9456787109375,-2.089850137388109
2018-06-29,TECHM,125,655.4500122070312,81931.2515258789,712.3499755859375,-7112.495422363281,-7.987641654946877
2018-06-29,COLPAL,71,1184.8499755859375,84124.34826660156,1259.699951171875,-5314.3482666015625,-5.941889218643375
2018-07-31,RADICO,323,437.25,141231.75,293.8999938964844,46302.05197143555,48.77509665890142
2018-07-31,KOTAKBANK,67,1306.8499755859375,87558.94836425781,1334.5999755859375,-1859.25,-2.0792747270819296
2018-07-31,M&M,97,935.9500122070312,90787.15118408203,922.9500122070312,1261.0,1.4085269871673083
2018-07-31,BSOFT,746,184.74900817871094,137822.76010131836,134.33465576171875,37609.10690307617,37.52892515421827
2018-08-31,LTIM,62,1797.75,111460.5,1872.9000244140625,-4659.301513671875,-4.012495244511154
2018-08-31,FSL,1232,75.3499984741211,92831.19812011719,72.6500015258789,3326.396240234375,3.7164444480849905
2018-08-31,MPHASIS,103,1260.0,129780.0,894.8499755859375,37610.45251464844,40.80572547090549
2018-08-31,GRAPHITE,100,1013.0,101300.0,888.4500122070312,12454.998779296875,14.018795214327204
2018-08-31,DMART,67,1604.5,107501.5,1324.800048828125,18739.896728515625,21.112616309101774
2018-08-31,ASIANPAINT,81,1372.449951171875,111168.44604492188,1451.4000244140625,-6394.9559326171875,-5.439580537010122
2018-09-28,BAJFINANCE,420,216.8000030517578,91056.00128173828,229.63499450683594,-5390.6964111328125,-5.5893011788741305
2018-09-28,VIPIND,226,413.6000061035156,93473.60137939453,426.20001220703125,-2847.6013793945312,-2.9563598645311715
2018-09-28,BRITANNIA,35,2911.75,101911.25,2485.300048828125,14925.748291015625,17.158891996680875
2018-09-28,DHANI,200,538.9000244140625,107780.0048828125,482.1499938964844,11350.006103515625,11.770202475572804
2018-09-28,PGHL,31,2592.10009765625,80355.10302734375,3512.050048828125,-28518.448486328125,-26.19410140464363
2018-09-28,HAVELLS,150,594.5,89175.0,725.25,-19612.5,-18.028266115132713
2018-09-28,JUBLFOOD,539,245.9499969482422,132567.04835510254,176.11000061035156,37643.75802612305,39.65703031959759
2018-09-28,SUNTECK,215,401.29998779296875,86279.49737548828,508.79998779296875,-23112.5,-21.128145160990425
2018-09-28,INFIBEAM,2299,12.193507194519043,28032.87304019928,47.60578918457031,-81412.83629512787,-74.3865033993153
2018-09-28,NESTLEIND,205,484.9825134277344,99421.41525268555,469.8275146484375,3106.7747497558594,3.225651607619672
2018-09-28,HEG,472,669.1500244140625,315838.8115234375,137.82000732421875,250787.76806640625,385.5245892128715
2018-09-28,PFIZER,30,2986.5,89595.0,3621.300048828125,-19044.00146484375,-17.529617548083323
2018-10-31,JSWSTEEL,287,339.3999938964844,97407.79824829102,381.6499938964844,-12125.75,-11.070352594178095
2018-10-31,INFY,147,686.4000244140625,100900.80358886719,653.5999755859375,4821.607177734375,5.018367511216704
2018-10-31,UBL,80,1219.9000244140625,97592.001953125,1357.3499755859375,-10995.99609375,-10.126345721009864
2018-10-31,HCLTECH,202,527.7999877929688,106615.59753417969,543.9000244140625,-3252.2073974609375,-2.960109560288794
2018-10-31,RELIANCE,217,485.16778564453125,105281.40948486328,542.1992797851562,-12375.834228515625,-10.518548487047685
2018-10-31,SUVEN,8764,11.235015869140625,98463.67907714844,12.535740852355957,-11399.55375289917,-10.376131722369443
2018-10-31,MPHASIS,93,986.9500122070312,91786.3511352539,1173.25,-17325.898864746094,-15.878967636306735
2018-10-31,DABUR,233,384.75,89646.75,383.29998779296875,337.85284423828125,0.3782969614427546
2018-10-31,ITC,369,280.1000061035156,103356.90225219727,297.75,-6512.847747802734,-5.927789721741184
2018-10-31,AXISBANK,179,582.4000244140625,104249.60437011719,613.25,-5522.1456298828125,-5.030570825264982
2018-11-30,COFORGE,541,217.9600067138672,117916.36363220215,171.22999572753906,25280.935943603516,27.290785582150484
2018-11-30,LTTS,63,1549.0999755859375,97593.29846191406,1736.25,-11790.451538085938,-10.778979087922966
2018-11-30,LTIM,57,1569.75,89475.75,1917.0,-19793.25,-18.114241001564945
2018-11-30,HAVELLS,154,684.7000122070312,105443.80187988281,645.7999877929688,5990.603759765625,6.023540592963453
2018-11-30,TCS,52,1968.25,102349.0,1847.75,6266.0,6.521445000676499
2018-11-30,GRAPHITE,105,934.8499755859375,98159.24743652344,951.6500244140625,-1764.005126953125,-1.7653599954950776
2018-11-30,BIOCON,303,312.17498779296875,94589.02130126953,329.5,-5249.478698730469,-5.257970320798559
2018-11-30,NESTLEIND,197,538.2424926757812,106033.7710571289,507.3924865722656,6077.451202392578,6.080107001963222
2018-11-30,HEG,117,836.1799926757812,97833.0591430664,854.3900146484375,-2130.5725708007812,-2.1313477054327783
2018-11-30,INTELLECT,398,229.75,91440.5,251.10000610351562,-8497.302429199219,-8.502590834153192
2018-11-30,PAGEIND,3,27117.099609375,81351.298828125,27814.25,-2091.451171875,-2.506450436826447
2018-12-31,UBL,79,1377.0,108783.0,1239.9000244140625,10830.898071289062,11.057341147382154
2018-12-31,AUROPHARMA,126,732.9500122070312,92351.70153808594,791.5499877929688,-7383.596923828125,-7.403193290335117
2018-12-31,TORNTPHARM,120,885.7000122070312,106284.00146484375,906.4000244140625,-2484.00146484375,-2.283761214637286
2018-12-31,HCLTECH,194,482.17498779296875,93541.94763183594,507.5,-4913.0523681640625,-4.990150188577586
2018-12-31,NAUKRI,316,288.1300048828125,91049.08154296875,315.7900085449219,-8740.561157226562,-8.758986324348724
2018-12-31,TECHM,147,723.1500244140625,106303.05358886719,745.5,-3285.4464111328125,-2.997984652707914
2018-12-31,BOSCHLTD,5,19611.19921875,98055.99609375,18973.25,3189.74609375,3.3623613179081073
2018-12-31,AXISBANK,157,619.9000244140625,97324.30383300781,625.75,-918.4461669921875,-0.9348742446564122
2019-01-31,ADANIENT,841,137.14999389648438,115343.14486694336,130.60000610351562,5508.539733886719,5.015304354409544
2019-01-31,ICICIBANK,281,364.45001220703125,102410.45343017578,355.0,2655.4534301757812,2.6619752695862675
2019-01-31,SRF,249,402.2699890136719,100165.2272644043,399.92999267578125,582.6590881347656,0.5851014879465751
2019-01-31,PFC,1160,82.83999633789062,96094.39575195312,85.87999725341797,-3526.4010620117188,-3.5398241881130867
2019-01-31,CUMMINSIND,117,788.2000122070312,92219.40142822266,849.7000122070312,-7195.5,-7.237848548484591
2019-01-31,GLENMARK,150,651.6500244140625,97747.50366210938,653.1500244140625,-225.0,-0.2296562725149773
2019-01-31,LT,69,1314.300048828125,90686.70336914062,1437.550048828125,-8504.25,-8.573614539575305
2019-01-31,ICICIGI,115,880.25,101228.75,864.4500122070312,1816.9985961914062,1.8277503117421132
2019-02-28,IOLCP,2460,36.5099983215332,89814.59587097168,40.540000915527344,-9913.806381225586,-9.940805384764058
2019-02-28,GODFRYPHLP,322,295.20001220703125,95054.40393066406,309.76666259765625,-4690.46142578125,-4.702459027860287
2019-02-28,APOLLOHOSP,77,1140.9000244140625,87849.30187988281,1264.800048828125,-9540.301879882812,-9.796016732356989
2019-02-28,UBL,69,1343.699951171875,92715.29663085938,1428.800048828125,-5871.90673828125,-5.9560536637752435
2019-02-28,DABUR,224,438.04998779296875,98123.197265625,443.6499938964844,-1254.4013671875,-1.2622576762217332
2019-02-28,COLPAL,74,1256.449951171875,92977.29638671875,1343.550048828125,-6445.4072265625,-6.482832383670463
2019-02-28,MARICO,266,339.70001220703125,90360.20324707031,373.3999938964844,-8964.195129394531,-9.025169319846208
2019-02-28,NESTLEIND,179,531.9874877929688,95225.7603149414,554.2424926757812,-3983.6458740234375,-4.015391309202839
2019-02-28,ASIANPAINT,70,1405.199951171875,98363.99658203125,1412.5999755859375,-518.001708984375,-0.5238584554691796
2019-03-28,PFC,1045,94.0,98230.0,89.72000122070312,4472.598724365234,4.770395364539133
2019-03-28,ADANIPOWER,8879,9.380000114440918,83285.02101612091,11.100000381469727,-15271.882370948792,-15.495497368632227
2019-03-28,NAUKRI,285,374.0299987792969,106598.54965209961,349.4700012207031,6999.599304199219,7.0277842083169855
2019-03-28,WIPRO,805,127.375,102536.875,124.20002746582031,2555.8528900146484,2.556338029034201
2019-03-28,DIVISLAB,83,1654.550048828125,137327.65405273438,1310.9000244140625,28522.952026367188,26.214815623919524
2019-03-28,RECLTD,916,111.9375,102534.75,102.26249694824219,8862.302795410156,9.460949361186236
2019-03-28,TECHM,112,771.7000122070312,86430.4013671875,830.1500244140625,-6546.4013671875,-7.0408974869676735
2019-03-28,ABFRL,499,218.4820098876953,109022.52293395996,199.605712890625,9419.272201538086,9.45679195435337
2019-03-28,DHAMPURSUG,392,229.0500030517578,89787.60119628906,238.60000610351562,-3743.6011962890625,-4.002515845542176
2019-03-28,COFORGE,354,266.7900085449219,94443.66302490234,264.1400146484375,938.0978393554688,1.0032534828210098
2019-03-28,ICICIGI,100,1005.2999877929688,100529.99877929688,931.1500244140625,7414.996337890625,7.963267082075847
2019-04-30,GODFRYPHLP,267,368.48333740234375,98385.05108642578,378.8166809082031,-2759.002716064453,-2.7277952705476043
2019-04-30,ICICIBANK,252,407.5,102690.0,400.54998779296875,1751.403076171875,1.7351173183965956
2019-04-30,TORNTPHARM,109,895.9500122070312,97658.5513305664,909.4000244140625,-1466.0513305664062,-1.4789984435834227
2019-04-30,KAJARIACER,175,595.0499877929688,104133.74786376953,576.7000122070312,3211.2457275390625,3.1818926994144037
2019-04-30,GODREJPROP,116,829.9000244140625,96268.40283203125,867.9000244140625,-4408.0,-4.378384483357354
2019-04-30,IPCALAB,210,476.25,100012.5,479.7749938964844,-740.2487182617188,-0.7347181369033425
2019-04-30,ASIANPAINT,67,1463.1500244140625,98031.05163574219,1497.0,-2267.9483642578125,-2.2611874138902808
2019-05-31,MANAPPURAM,802,134.8000030517578,108109.60244750977,126.19999694824219,6897.204895019531,6.814585032868665
2019-05-31,HAVELLS,144,747.9500122070312,107704.8017578125,691.5,8128.8017578125,8.163414635868582
2019-05-31,TCS,44,2196.550048828125,96648.2021484375,2260.35009765625,-2807.2021484375,-2.8225737638730863
2019-05-31,HCLTECH,169,546.2750244140625,92320.47912597656,591.6749877929688,-7672.593811035156,-7.673125333260161
2019-05-31,RELIANCE,162,608.099853515625,98512.17626953125,621.7462158203125,-2210.710693359375,-2.194844448981956
2019-05-31,WIPRO,671,143.1999969482422,96087.19795227051,149.27499389648438,-4076.322952270508,-4.069668194027815
2019-05-31,BATAINDIA,129,1324.9000244140625,170912.10314941406,908.9000244140625,53664.0,45.76961038901735
2019-05-31,RBLBANK,147,687.3499755859375,101040.44641113281,684.2999877929688,448.34820556640625,0.4457091695713295
2019-05-31,DIVISLAB,57,1592.300048828125,90761.10278320312,1746.8499755859375,-8809.345825195312,-8.847349739119558
2019-05-31,TECHM,119,760.3499755859375,90481.64709472656,836.0999755859375,-9014.25,-9.059921326622995
2019-06-28,PGHL,25,4107.4501953125,102686.2548828125,4091.050048828125,410.003662109375,0.4008786567906398
2019-06-28,UPL,197,624.9666748046875,123118.43493652344,505.5,23534.934936523438,23.63336791388477
2019-06-28,BLUESTARCO,262,387.8500061035156,101616.7015991211,403.2749938964844,-4041.3468017578125,-3.8249303890456816
2019-06-28,BALRAMCHIN,715,139.14999389648438,99492.24563598633,131.0,5827.245635986328,6.221369386629294
2019-06-28,AAVAS,74,1499.300048828125,110948.20361328125,1419.699951171875,5890.4072265625,5.606825413394219
2019-06-28,DCMSHRIRAM,190,562.2999877929688,106836.99768066406,555.0,1386.9976806640625,1.3153131158502251
2019-06-28,AARTIIND,232,432.055908203125,100236.970703125,454.1926574707031,-5135.725830078125,-4.873867708661939
2019-06-28,FEDERALBNK,984,108.4000015258789,106665.60150146484,107.3499984741211,1033.2030029296875,0.9781118460015044
2019-07-31,BAJFINANCE,337,325.2049865722656,109594.08047485352,299.5849914550781,8633.938354492188,8.551828645604612
2019-07-31,MUTHOOTFIN,217,607.9500122070312,131925.15264892578,452.6000061035156,33710.95132446289,34.323907204717315
2019-07-31,MANAPPURAM,775,113.55000305175781,88001.2523651123,138.1999969482422,-19103.74526977539,-17.836464863104258
2019-07-31,PFC,998,87.80000305175781,87624.4030456543,107.36000061035156,-19520.877563476562,-18.21907362834701
2019-07-31,SIEMENS,139,671.9676513671875,93403.50354003906,769.7617797851562,-13593.383850097656,-12.704466626709305
2019-07-31,TITAN,91,1056.3499755859375,96127.84777832031,1025.199951171875,2834.6522216796875,3.0384340516653214
2019-07-31,RAJESHEXPO,148,689.0999755859375,101986.79638671875,722.4000244140625,-4928.4072265625,-4.609641154862172
2019-07-31,BATAINDIA,74,1307.550048828125,96758.70361328125,1446.449951171875,-10278.5927734375,-9.602814271673694
2019-07-31,RECLTD,867,105.1875,91197.5625,123.5999984741211,-15963.636177062988,-14.896843609570299
2019-07-31,DCBBANK,493,195.5,96381.5,204.9499969482422,-4658.848495483398,-4.6108792822420375
2019-07-31,AXISBANK,138,674.0999755859375,93025.79663085938,722.7000122070312,-6706.8050537109375,-6.724787020921115
2019-08-30,SBIN,299,273.8500061035156,81881.15182495117,352.5,-23516.348175048828,-22.31205500609486
2019-08-30,ICICIBANK,245,409.6499938964844,100364.24850463867,437.1000061035156,-6725.252990722656,-6.280030158711651
2019-08-30,KOTAKBANK,69,1431.449951171875,98770.04663085938,1522.1500244140625,-6258.3050537109375,-5.958681587716798
2019-08-30,SHREECEM,5,18573.80078125,92869.00390625,19789.5,-6078.49609375,-6.143152776725032
2019-08-30,BALRAMCHIN,698,132.85000610351562,92729.3042602539,141.64999389648438,-6142.3914794921875,-6.212487237662463
2019-08-30,GODREJPROP,103,900.6500244140625,92766.95251464844,952.9500122070312,-5386.898742675781,-5.488219436803619
2019-08-30,CANFINHOME,255,412.95001220703125,105302.25311279297,387.8500061035156,6400.501556396484,6.471575533974991
2019-08-30,NAM-INDIA,435,272.8999938964844,118711.4973449707,227.39999389648438,19792.5,20.008795611802977
2019-08-30,POWERGRID,834,112.78128051757812,94059.58795166016,118.57502746582031,-4831.984954833984,-4.886144302106324
2019-09-30,SRF,204,550.3900146484375,112279.56298828125,459.0299987792969,18637.443237304688,19.902842104458365
2019-09-30,TORNTPOWER,324,287.5,93150.0,305.29998779296875,-5767.196044921875,-5.830327056887847
2019-09-30,TCS,43,2099.300048828125,90269.90209960938,2259.60009765625,-6892.902099609375,-7.094177814667065
2019-09-30,NAUKRI,257,404.2300109863281,103887.11282348633,410.6600036621094,-1652.5081176757812,-1.5657703741394406
2019-09-30,IPCALAB,203,451.5,91654.5,479.5249938964844,-5689.073760986328,-5.844323914956175
2019-09-30,COFORGE,326,278.9800109863281,90947.48358154297,299.1099853515625,-6562.371643066406,-6.72995732374978
2019-09-30,JUSTDIAL,138,690.25,95254.5,765.5999755859375,-10398.296630859375,-9.841951147956845
2019-10-31,APOLLOHOSP,64,1484.800048828125,95027.203125,1508.1500244140625,-1494.3984375,-1.548252840098537
2019-10-31,KOTAKBANK,59,1574.5,92895.5,1644.449951171875,-4127.047119140625,-4.25369900263775
2019-10-31,ADANIPOWER,8112,13.210000038146973,107159.52030944824,12.199999809265137,8193.121856689453,8.278690530099878
2019-10-31,ASTRAL,151,628.2845458984375,94870.96643066406,645.665771484375,-2624.5650634765625,-2.69198497946985
2019-10-31,GODREJPROP,93,997.2999877929688,92748.8988647461,1038.699951171875,-3850.1965942382812,-3.9857480817437474
2019-10-31,PIDILITIND,141,700.7999877929688,98812.7982788086,688.8499755859375,1684.9517211914062,1.7347771837934
2019-10-31,BHARTIARTL,270,367.3529357910156,99185.29266357422,360.28564453125,1908.1686401367188,1.9615800315775922
2019-10-31,MARICO,249,365.8500061035156,91096.65151977539,391.1000061035156,-6287.25,-6.456149221669119
2019-11-29,BAJFINANCE,240,407.4200134277344,97780.80322265625,402.7550048828125,1119.60205078125,1.1582745064283504
2019-11-29,MANAPPURAM,571,154.39999389648438,88162.39651489258,169.35000610351562,-8536.456970214844,-8.827878162515693
2019-11-29,SIEMENS,99,863.0066528320312,85437.6586303711,972.1298217773438,-10803.193725585938,-11.225164221976314
2019-11-29,TITAN,72,1159.699951171875,83498.396484375,1331.199951171875,-12348.0,-12.883113453319018
2019-11-29,HDFCLIFE,200,571.5,114300.0,493.5,15600.0,15.80547112462006
2019-11-29,PIIND,74,1481.8499755859375,109656.89819335938,1307.050048828125,12935.194580078125,13.373621531519364
2019-11-29,DMART,48,1822.5,87480.0,1994.6500244140625,-8263.201171875,-8.630587938083641
2019-11-29,ICICIGI,91,1362.9000244140625,124023.90222167969,1093.3499755859375,24529.054443359375,24.653592614173732
2019-12-31,TATACONSUM,393,321.3500061035156,126290.55239868164,251.60000610351562,27411.75,27.722574844176595
2019-12-31,GMRAIRPORT,5031,18.919498443603516,95183.99666976929,19.73033332824707,-4079.3103046417236,-4.109585333171829
2019-12-31,NAUKRI,188,506.010009765625,95129.8818359375,526.75,-3899.1181640625,-3.9373498309207404
2019-12-31,LALPATHLAB,63,1493.949951171875,94118.84692382812,1567.9000244140625,-4658.8546142578125,-4.716504374685705
2019-12-31,BATAINDIA,63,1751.550048828125,110347.65307617188,1541.8499755859375,13211.104614257812,13.600549765712245
2019-12-31,COLPAL,62,1462.9000244140625,90699.80151367188,1549.199951171875,-5350.595458984375,-5.5706125405266045
2019-12-31,NESTLEIND,151,739.2675170898438,111629.3950805664,643.760009765625,14421.633605957031,14.835886957158205
2019-12-31,SCI,1640,62.0,101680.0,60.5,2460.0,2.479338842975207
2020-01-31,ICICIBANK,191,525.6500244140625,100399.15466308594,538.9000244140625,-2530.75,-2.4587120801129148
2020-01-31,HDFCAMC,51,3174.199951171875,161884.19750976562,2061.60009765625,56742.592529296875,53.96778234442727
2020-01-31,SBILIFE,124,994.0999755859375,123268.39697265625,797.5499877929688,24372.198486328125,24.64422177936137
2020-01-31,POLYCAB,107,984.5499877929688,105346.84869384766,924.25,6452.098693847656,6.524207497210577
2020-01-31,WHIRLPOOL,46,2473.25,113769.5,2142.35009765625,15221.3955078125,15.44565020935455
2020-01-31,MCX,99,1246.449951171875,123398.54516601562,977.5,26626.045166015625,27.51406150095908
2020-01-31,HDFCLIFE,165,599.2000122070312,98868.00201416016,626.0499877929688,-4430.2459716796875,-4.288791008620966
2020-01-31,ICICIPRULI,246,510.95001220703125,125693.70300292969,401.75,26863.203002929688,27.181085801376785
2020-01-31,NAM-INDIA,374,363.6499938964844,136005.09771728516,260.3500061035156,38634.19543457031,39.67735178461893
2020-01-31,ICICIGI,74,1318.4000244140625,97561.60180664062,1386.800048828125,-5061.601806640625,-4.93221964275686
2020-02-28,ADANIENT,484,218.64999389648438,105826.59704589844,199.64999389648438,9196.0,9.516654435687698
2020-02-28,MANAPPURAM,582,162.75,94720.5,177.39999389648438,-8526.296447753906,-8.258170462527113
2020-02-28,TATACONSUM,309,346.1499938964844,106960.34811401367,383.3999938964844,-11510.25,-9.715701771778658
2020-02-28,JUBLFOOD,314,351.3699951171875,110330.17846679688,378.04998779296875,-8377.517700195312,-7.057265847709006
2020-02-28,ADANIGREEN,1079,154.9499969482422,167191.04670715332,89.69999694824219,70404.75,72.74247739121988
2020-02-28,IGL,557,221.1999969482422,123208.3983001709,174.85000610351562,25816.944900512695,26.50842964070942
2020-02-28,RALLIS,504,223.9499969482422,112870.79846191406,235.4499969482422,-5796.0,-4.884264238290896
2020-02-28,BATAINDIA,65,1650.6500244140625,107292.25158691406,1801.8499755859375,-9827.996826171875,-8.391372934514528
2020-02-28,DLF,447,201.6999969482422,90159.89863586426,230.89999389648438,-13052.398635864258,-12.646166184540025
2020-02-28,PIIND,76,1531.25,116375.0,1556.8499755859375,-1945.59814453125,-1.6443444125888027
2020-02-28,AVANTIFEED,194,462.70001220703125,89763.80236816406,511.6000061035156,-9486.598815917969,-9.558247324686327
2020-02-28,COFORGE,305,337.95001220703125,103074.75372314453,388.489990234375,-15414.693298339844,-13.00933854096295
2020-02-28,COROMANDEL,188,615.5,115714.0,631.8499755859375,-3073.79541015625,-2.5876357074755876
2020-03-31,BAJFINANCE,249,221.5800018310547,55173.42045593262,446.5849914550781,-56026.242416381836,-50.38346427427054
2020-03-31,MUTHOOTFIN,126,613.1500244140625,77256.90307617188,880.25,-33654.596923828125,-30.343649597948026
2020-03-31,SRF,150,556.6599731445312,83498.99597167969,687.219970703125,-19583.999633789062,-18.9982833917082
2020-03-31,DEEPAKNTR,241,385.04998779296875,92797.04705810547,461.8999938964844,-18520.851470947266,-16.63780193093883
2020-03-31,WELCORP,599,62.04999923706055,37167.94954299927,185.89999389648438,-74186.14680099487,-66.62183901328574
2020-03-31,MIDHANI,449,178.85000610351562,80303.65274047852,248.14999389648438,-31115.69451904297,-27.926653031423083
2020-03-31,GUJGASLTD,435,230.85000610351562,100419.7526550293,237.5500030517578,-2914.4986724853516,-2.820457529854201
2020-03-31,NAVINFLUOR,77,1221.6500244140625,94067.05187988281,1430.199951171875,-16058.344360351562,-14.58187203732815
2020-03-31,DIXON,150,715.969970703125,107395.49560546875,661.489990234375,8171.9970703125,8.235949337562461
2020-03-31,TRENT,151,484.3500061035156,73136.85092163086,737.2000122070312,-38180.35092163086,-34.2986980353585
2020-03-31,INDIAGLYCO,653,106.42500305175781,69495.52699279785,170.64999389648438,-41938.919021606445,-37.635507261538606
2020-04-30,MCX,71,1067.5999755859375,75799.59826660156,1124.25,-4022.1517333984375,-5.038917003696909
2020-04-30,GRANULES,813,162.5,132112.5,146.0500030517578,13373.847518920898,11.263263679914179
2020-05-29,MUTHOOTFIN,98,862.6500244140625,84539.70239257812,862.7000122070312,-4.8988037109375,-0.0057943424436574485
2020-05-29,ALKEM,49,2262.89990234375,110882.09521484375,2397.64990234375,-6602.75,-5.620086563441944
2020-05-29,MIDHANI,393,201.64999389648438,79248.44760131836,215.0500030517578,-5266.203598022461,-6.231113213259685
2020-05-29,BHARTIARTL,231,542.4161376953125,125298.12780761719,447.4000549316406,21948.715118408203,21.237387370949165
2020-05-29,AARTIIND,153,488.07501220703125,74675.47686767578,551.2000122070312,-9658.125,-11.452285667999984
2020-05-29,PFIZER,17,4038.60009765625,68656.20166015625,4901.9501953125,-14676.95166015625,-17.612380037680317
2020-06-30,DMART,55,2317.14990234375,127443.24462890625,2133.949951171875,10075.997314453125,8.585016301402446
2020-06-30,DEEPAKNTR,167,475.04998779296875,79333.34796142578,506.1499938964844,-5193.701019287109,-6.144424869809653
2020-06-30,TORNTPHARM,81,1186.050048828125,96070.05395507812,985.9000244140625,16212.151977539062,20.30124956463158
2020-06-30,DIVISLAB,52,2278.89990234375,118502.794921875,2106.949951171875,8941.3974609375,8.161083801551019
2020-06-30,JBCHEPHARM,270,353.7250061035156,95505.75164794922,341.07501220703125,3415.4983520507812,3.708859765078855
2020-06-30,NESTLEIND,141,858.7224731445312,121079.8687133789,788.9425048828125,9838.975524902344,8.84474696569729
2020-06-30,ABBOTINDIA,7,15736.5,110155.5,15718.9501953125,122.8486328125,0.11164743490779348
2020-07-31,ASTRAZEN,30,3336.949951171875,100108.49853515625,3547.699951171875,-6322.5,-5.94046855429206
2020-07-31,CIPLA,142,720.1500244140625,102261.30346679688,648.1500244140625,10224.0,11.108539271457884
2020-07-31,AJANTPHARM,120,1086.13330078125,130335.99609375,923.433349609375,19523.994140625,17.619024831700013
2020-07-31,INDIACEM,736,111.4000015258789,81990.40112304688,125.55000305175781,-10414.401123046875,-11.270411136545802
2020-07-31,RALLIS,393,290.70001220703125,114245.10479736328,272.29998779296875,7231.2095947265625,6.757262298539707
2020-07-31,BAYERCROP,18,5553.2998046875,99959.396484375,5937.0,-6906.603515625,-6.462863320069058
2020-07-31,GUJGASLTD,336,289.25,97188.0,318.25,-9744.0,-9.112333071484683
2020-07-31,BIOCON,295,409.6000061035156,120832.00180053711,270.54998779296875,41019.75540161133,51.3953149452556
2020-07-31,SANOFI,10,7767.75,77677.5,7778.2998046875,-105.498046875,-0.13563124271890736
2020-08-31,SEQUENT,839,129.6999969482422,108818.2974395752,122.80000305175781,5789.094879150391,5.618887398216238
2020-08-31,MUTHOOTFIN,98,1146.75,112381.5,1086.050048828125,5948.59521484375,5.589056529887528
2020-08-31,AARTIDRUGS,380,678.0374755859375,257654.24072265625,243.0625,165290.49072265625,178.95601978336333
2020-08-31,DEEPAKNTR,160,683.4500122070312,109352.001953125,643.1500244140625,6447.998046875,6.266032226257595
2020-08-31,AUROPHARMA,123,808.9000244140625,99494.70300292969,745.6500244140625,7779.75,8.482531741308845
2020-08-31,RELIANCE,108,960.2427368164062,103706.21557617188,953.96630859375,677.854248046875,0.6579297576985068
2020-08-31,APLLTD,113,942.0999755859375,106457.29724121094,743.5,22441.797241210938,26.71149638008574
2020-08-31,IPCALAB,163,943.7999877929688,153839.3980102539,680.6749877929688,42889.375,38.656481392560146
2020-08-31,NAVINFLUOR,53,1951.949951171875,103453.34741210938,1573.199951171875,20073.75,24.07513423311954
2020-08-31,JBCHEPHARM,280,385.125,107835.0,367.1000061035156,5046.998291015625,4.91010449381514
2020-08-31,COROMANDEL,141,760.0499877929688,107167.0482788086,755.75,606.2982788085938,0.5689696054209394
2020-09-30,GMMPFAUDLR,66,1327.933349609375,87643.60107421875,1864.183349609375,-35392.5,-28.765947304076445
2020-09-30,ALKYLAMINE,100,1283.5799560546875,128357.99560546875,1241.5799560546875,4200.0,3.382786569256603
2020-09-30,TANLA,545,291.1499938964844,158676.74667358398,228.9499969482422,33898.99833679199,27.16750285098431
2020-09-30,TATACOMM,143,847.4000244140625,121178.20349121094,870.6500244140625,-3324.75,-2.6704185778490026
2020-09-30,TATACONSUM,240,499.95001220703125,119988.0029296875,428.04998779296875,17256.005859375,16.79710932472629
2020-09-30,NEULANDLAB,138,1147.699951171875,158382.59326171875,899.0999755859375,34306.796630859375,27.64987012972907
2020-09-30,DIVISLAB,39,3047.949951171875,118870.04809570312,2616.550048828125,16824.59619140625,16.487355269086528
2020-09-30,POLYPLEX,178,700.0499877929688,124608.89782714844,697.4500122070312,462.795654296875,0.37278307268359795
2020-09-30,DEEPAKFERT,666,152.4499969482422,101531.6979675293,154.7498321533203,-1531.6902465820312,-1.4861632953498358
2020-09-30,BALAMINES,157,807.4000244140625,126761.80383300781,791.5999755859375,2480.607666015625,1.9959637841612994
2020-10-30,IOLCP,1464,132.75999450683594,194360.6319580078,57.849998474121094,109668.23419189453,129.4900570589046
2020-10-30,AFFLE,246,530.8800048828125,130596.48120117188,506.3399963378906,6036.842102050781,4.846547521903808
2020-10-30,AARTIDRUGS,162,680.9500122070312,110313.90197753906,771.2999877929688,-14636.696044921875,-11.713986388677231
2020-10-30,DEEPAKNTR,152,742.25,112822.0,821.2000122070312,-12000.40185546875,-9.61398088570989
2020-10-30,JBCHEPHARM,253,504.3500061035156,127600.55154418945,494.1499938964844,2580.6030883789062,2.064153057374715
2020-10-30,SYNGENE,211,534.9500122070312,112874.4525756836,487.54998779296875,10001.405151367188,9.722085037604442
2020-10-30,FSL,1721,70.0,120470.0,72.75,-4732.75,-3.7800687285223367
2020-10-30,RELIANCE,121,948.1514282226562,114726.3228149414,1031.1522216796875,-10043.096008300781,-8.049324989265672
2020-10-30,RAMCOSYS,295,471.79998779296875,139180.99639892578,424.5,13953.496398925781,11.14251773685954
2020-10-30,NUCLEUS,255,606.8499755859375,154746.74377441406,489.3500061035156,29962.492218017578,24.011437216078484
2020-11-27,THYROCARE,115,1098.25,126298.75,1148.699951171875,-5801.744384765625,-4.391917238301196
2020-11-27,CDSL,590,244.85000610351562,144461.50360107422,174.5500030517578,41477.00180053711,40.27499388293471
2020-11-27,LTIM,49,3200.449951171875,156822.04760742188,2543.550048828125,32188.09521484375,25.82610484296936
2020-11-27,PERSISTENT,186,596.6749877929688,110981.54772949219,670.625,-13754.702270507812,-11.027028847273998
2020-11-27,HCLTECH,156,822.0999755859375,128247.59619140625,841.9500122070312,-3096.605712890625,-2.3576265019653833
2020-11-27,BLUEDART,35,3995.35009765625,139837.25341796875,3696.300048828125,10466.751708984375,8.090524169512046
2020-11-27,WIPRO,775,175.25,135818.75,170.35000610351562,3797.4952697753906,2.876427191617958
2020-11-27,INDIAMART,67,2546.199951171875,170595.39672851562,1842.824951171875,47126.125,38.16830239642214
2020-11-27,SOLARA,116,1169.5,135662.0,1137.1500244140625,3752.59716796875,2.8448291686584115
2020-11-27,APLAPOLLO,429,337.8900146484375,144954.8162841797,291.69000244140625,19819.805236816406,15.838736953732846
2020-12-31,APOLLOHOSP,58,2412.800048828125,139942.40283203125,2148.050048828125,15355.5,12.325131816385523
2020-12-31,DHANI,497,321.6499938964844,159860.04696655273,281.75,19830.296966552734,14.161488516942104
2020-12-31,EMAMILTD,318,423.75,134752.5,440.3500061035156,-5278.801940917969,-3.7697299587667916
2020-12-31,ALKYLAMINE,87,1531.97998046875,133282.25830078125,1606.0,-6439.74169921875,-4.608967592232254
2020-12-31,TANLA,228,673.9000244140625,153649.20556640625,612.6500244140625,13965.0,9.997551221609664
2020-12-31,KAJARIACER,216,703.5999755859375,151977.5947265625,647.9000244140625,12031.189453125,8.596997850439662
2020-12-31,JKCEMENT,71,1916.800048828125,136092.80346679688,1851.4000244140625,4643.4017333984375,3.5324631928078603
2020-12-31,CHOLAFIN,360,387.6499938964844,139553.99780273438,388.70001220703125,-378.006591796875,-0.2701359088169025
2020-12-31,GRANULES,539,352.1499938964844,189808.84671020508,171.25,97505.09671020508,105.63503293225365
2020-12-31,NAVINFLUOR,58,2612.199951171875,151507.59716796875,2241.550048828125,21497.6943359375,16.535428354032273
2020-12-31,BALAMINES,139,926.4000244140625,128769.60339355469,1001.9500122070312,-10501.448303222656,-7.540295111784277
2021-01-29,SAIL,1989,57.650001525878906,114665.85303497314,74.0999984741211,-32719.04393005371,-22.199726433175616
2021-01-29,AFFLE,204,729.2000122070312,148756.80249023438,683.7000122070312,9282.0,6.654965509379301
2021-01-29,JSWSTEEL,427,366.8500061035156,156644.95260620117,309.0,24701.952606201172,18.721684823144216
2021-01-29,FSL,1452,87.0,126324.0,101.5,-21054.0,-14.285714285714285
2021-01-29,RAMCOSYS,245,651.0999755859375,159519.4940185547,599.75,12580.744018554688,8.561896721290122
2021-01-29,SUBEXLTD,5181,26.549999237060547,137555.5460472107,28.450000762939453,-9843.907905578613,-6.678388312572397
2021-01-29,CGPOWER,3399,39.75,135110.25,41.20000076293945,-4928.552593231201,-3.519419262350522
2021-01-29,DIVISLAB,38,3369.85009765625,128054.3037109375,3841.89990234375,-17937.892578125,-12.286884528134795
2021-01-29,LAURUSLABS,826,345.3500061035156,285259.1050415039,102.5,200594.1050415039,236.92683522294206
2021-01-29,NIITLTD,728,187.60000610351562,136572.80444335938,202.25,-10665.195556640625,-7.243507488991038
2021-01-29,TATACHEM,308,475.29998779296875,146392.39624023438,477.3999938964844,-646.8018798828125,-0.4398839820620052
2021-01-29,TATASTEEL,2426,60.099998474121094,145802.59629821777,57.73500061035156,5737.484817504883,4.096298326435802
2021-02-26,GRASIM,144,1196.0443115234375,172230.380859375,1051.4691162109375,20818.828125,13.749828034273568
2021-02-26,SEQUENT,725,239.10000610351562,173347.50442504883,209.75,21278.754425048828,13.9928515392208
2021-02-26,TRIDENT,10488,13.800000190734863,144734.40200042725,14.5,-7341.597999572754,-4.827584891483702
2021-02-26,PCBL,1592,98.42500305175781,156692.60485839844,95.5,4656.6048583984375,3.062830420688809
2021-02-26,EMAMILTD,314,455.20001220703125,142932.8038330078,483.04998779296875,-8744.892333984375,-5.765443802862443
2021-02-26,ASHOKLEY,2745,64.42500305175781,176846.6333770752,55.400001525878906,24773.629188537598,16.290616024014138
2021-02-26,DHANI,445,362.0,161090.0,341.20001220703125,9255.994567871094,6.096127505513646
2021-02-26,HAVELLS,160,1105.550048828125,176888.0078125,916.1500244140625,30304.00390625,20.673472615491782
2021-02-26,ALKYLAMINE,79,2020.56005859375,159624.24462890625,1913.3599853515625,8468.805786132812,5.602713240733445
2021-02-26,BORORENEW,490,282.3999938964844,138375.99700927734,300.45001220703125,-8844.508972167969,-6.00766103417867
2021-02-26,PERSISTENT,194,828.2750244140625,160685.35473632812,758.5750122070312,13521.802368164062,9.18828211915958
2021-02-26,BEPL,1594,96.26666259765625,153449.06018066406,95.4000015258789,1381.457748413086,0.9084497462426632
2021-03-31,ONMOBILE,1466,88.1500015258789,129227.90223693848,109.0999984741211,-30712.695526123047,-19.20256392415221
2021-03-31,HINDCOPPER,1067,119.5999984741211,127613.1983718872,149.85000610351562,-32276.758140563965,-20.186857789313656
2021-03-31,ADANIGREEN,275,1104.8499755859375,303833.7432861328,452.75,179327.4932861328,144.03091675006903
2021-03-31,DBL,235,580.0,136300.0,679.4500122070312,-23370.752868652344,-14.636840153110251
2021-03-31,LINDEINDIA,102,1799.5,183549.0,1560.199951171875,24408.60498046875,15.33778081766926
2021-03-31,NEULANDLAB,78,2089.199951171875,162957.59619140625,2026.0,4929.59619140625,3.1194447764992597
2021-04-30,AFFLE,153,1104.5899658203125,169002.2647705078,1039.8800048828125,9900.6240234375,6.222829618191608
2021-04-30,TANLA,178,883.75,157307.5,896.5999755859375,-2287.295654296875,-1.4331893749539648
2021-04-30,CUMMINSIND,190,837.5999755859375,159143.99536132812,919.6500244140625,-15589.50927734375,-8.921877524050698
2021-04-30,KAJARIACER,184,912.9500122070312,167982.80224609375,824.7000122070312,16238.0,10.700860760730276
2021-04-30,IIFL,620,267.1499938964844,165632.9962158203,281.8500061035156,-9114.007568359375,-5.2155443990419315
2021-04-30,JKCEMENT,60,2806.39990234375,168383.994140625,2897.25,-5451.005859375,-3.135735530459919
2021-04-30,POONAWALLA,1357,118.19999694824219,160397.39585876465,117.9000015258789,407.09378814697266,0.25444904027200765
2021-04-30,APLAPOLLO,333,651.125,216824.625,441.5,69805.125,47.480181200453
2021-04-30,ADANIPORTS,298,730.0499877929688,217554.8963623047,509.70001220703125,65664.29272460938,43.23130671153196
2021-04-30,TATAMOTORS,578,293.8500061035156,169845.30352783203,262.70001220703125,18004.69647216797,11.857629405793624
2021-05-31,GRASIM,121,1465.3734130859375,177310.18298339844,1444.80517578125,2488.7567138671875,1.423599364777028
2021-05-31,ALKYLAMINE,51,3667.949951171875,187065.44750976562,3388.679931640625,14242.77099609375,8.241262826968782
2021-05-31,EKC,1323,101.8499984741211,134747.5479812622,132.64999389648438,-40748.39394378662,-23.21899497892067
2021-05-31,DEEPAKNTR,116,1785.4000244140625,207106.40283203125,1368.6500244140625,48343.0,30.44971267789341
2021-05-31,HINDCOPPER,1133,170.39999389648438,193063.1930847168,154.8000030517578,17674.789627075195,10.077513266915545
2021-05-31,LINDEINDIA,95,1598.5999755859375,151866.99768066406,1834.699951171875,-22429.497680664062,-12.868587881911358
2021-05-31,GRAPHITE,341,745.7000122070312,254283.70416259766,512.0,79691.70416259766,45.64453363418579
2021-05-31,DIXON,92,4028.800048828125,370649.6044921875,1151.780029296875,264685.841796875,249.7890175511707
2021-05-31,TATACHEM,216,703.8499755859375,152031.5947265625,739.5,-7700.4052734375,-4.820828183105139
2021-05-31,JINDALSTEL,397,407.20001220703125,161658.4048461914,441.5,-13617.095153808594,-7.768966657524065
2021-06-30,SAIL,1468,130.60000610351562,191720.80895996094,119.5,16294.808959960938,9.288708036414748
2021-06-30,SPLPETRO,482,368.3500061035156,177544.70294189453,363.8999938964844,2144.9058837890625,1.2228667990297104
2021-06-30,INTELLECT,368,723.9500122070312,266413.6044921875,434.04998779296875,106683.208984375,66.78954787860465
2021-06-30,CGPOWER,2834,79.0999984741211,224169.39567565918,56.45000076293945,64190.09351348877,40.123998946075865
2021-06-30,VEDL,682,262.8500061035156,179263.70416259766,257.25,3819.2041625976562,2.176873120900146
2021-06-30,SHAKTIPUMP,1607,129.0833282470703,207436.908493042,124.07499694824219,8048.388397216797,4.036535500313047
2021-06-30,ATGL,599,1019.8499755859375,610890.1353759766,220.5,478810.63537597656,362.5169957305839
2021-06-30,TNPETRO,2083,116.3499984741211,242357.04682159424,95.75,42909.79682159424,21.514358719708714
2021-06-30,BALAMINES,99,2673.800048828125,264706.2048339844,1759.300048828125,90535.5,51.9809000522197
2021-07-30,JSWSTEEL,244,736.9500122070312,179815.80297851562,717.8499755859375,4660.408935546875,2.6607281842565427
2021-07-30,POLYCAB,133,1850.6500244140625,246136.4532470703,1975.050048828125,-16545.203247070312,-6.298575800034735
2021-07-30,SOMANYCERA,428,708.2000122070312,303109.6052246094,614.3499755859375,40167.815673828125,15.27631486134334
2021-07-30,GPIL,828,421.79998779296875,349250.3898925781,240.78750610351562,149878.3348388672,75.17519684415646
2021-07-30,DALMIASUG,559,479.8500061035156,268236.15341186523,470.0,5506.153411865234,2.0957459794714093
2021-07-30,RTNPOWER,32675,6.5,212387.5,8.050000190734863,-50646.25623226166,-19.254660298254823
2021-07-30,RPOWER,23060,12.050000190734863,277873.00439834595,8.649999618530273,78404.01319503784,39.3063667300171
2021-07-30,TRIVENI,1334,186.85000610351562,249257.90814208984,149.4499969482422,49891.612213134766,25.025098641002902
2021-07-30,RENUKA,6684,34.25,228927.0,39.349998474121094,-34088.38980102539,-12.960606535919329
2021-07-30,VEEDOL,106,3111.550048828125,329824.30517578125,2479.97998046875,66946.42724609375,25.4667405919946
2021-07-30,BAJAJHIND,12925,18.899999618530273,244282.49506950378,20.350000381469727,-18741.25986099243,-7.1253107408282546
2021-08-31,ADANIENT,388,1587.5999755859375,615988.7905273438,339.70001220703125,484185.1857910156,367.3535232663959
2021-08-31,CDSL,403,594.0750122070312,239412.2299194336,494.82501220703125,39997.75,20.057595625031684
2021-08-31,GOODLUCK,914,309.54998779296875,282928.68884277344,287.45001220703125,20199.377685546875,7.688284796460662
2021-08-31,TIRUMALCHM,1352,208.89999389648438,282432.7917480469,194.1999969482422,19874.395874023438,7.569514510425044
2021-08-31,ICIL,997,234.8000030517578,234095.60304260254,263.3500061035156,-28464.35304260254,-10.841086914778955
2021-08-31,FSL,1407,181.35000610351562,255159.45858764648,186.9499969482422,-7879.187118530273,-2.9954484814872404
2021-08-31,SSWL,1930,189.8350067138672,366381.5629577637,136.08999633789062,103727.87002563477,39.492256464270845
2021-08-31,VTL,687,368.4200134277344,253104.54922485352,381.92999267578125,-9281.355743408203,-3.537292044910293
2021-08-31,KPRMILL,697,354.5899963378906,247149.22744750977,376.6000061035156,-15340.976806640625,-5.844399736832488
2021-08-31,LAURUSLABS,380,666.5999755859375,253307.99072265625,523.75,54282.99072265625,27.274458345763726
2021-08-31,JKLAKSHMI,379,709.0499877929688,268729.94537353516,691.9500122070312,6480.8907470703125,2.471273254464687
2021-08-31,NITINSPIN,1070,204.39999389648438,218707.99346923828,245.39999389648438,-43870.0,-16.707416878459576
2021-09-30,APOLLOHOSP,59,4481.60009765625,264414.40576171875,4969.5498046875,-28789.03271484375,-9.818790961124773
2021-09-30,LUXIND,64,3520.449951171875,225308.796875,3105.85009765625,26534.390625,13.348997552344594
2021-09-30,AMBUJACEM,639,400.20001220703125,255727.80780029297,411.1499938964844,-6997.038299560547,-2.6632571694042184
2021-09-30,TATACONSUM,339,813.5999755859375,275810.3917236328,864.9500122070312,-17407.66241455078,-5.9367635003631625
2021-09-30,TATASTEEL,1697,128.88999938964844,218726.3289642334,103.4000015258789,43256.526374816895,24.65183509440269
2021-09-30,KNRCON,882,286.75,252913.5,332.3999938964844,-40263.29461669922,-13.733452086253841
2021-09-30,COSMOFIRST,331,995.6333618164062,329554.64276123047,885.7000122070312,36387.938720703125,12.412029817571936
2021-09-30,DIVISLAB,56,4798.7001953125,268727.2109375,5173.60009765625,-20994.39453125,-7.246402800123411
2021-09-30,TECHM,202,1380.5999755859375,278881.1950683594,1447.6500244140625,-13544.10986328125,-4.6316476839948635
2021-09-30,MAXHEALTH,760,359.54998779296875,273257.99072265625,385.5,-19722.00927734375,-6.731520676272698
2021-09-30,COFORGE,258,1048.260009765625,270451.08251953125,1016.780029296875,8121.8349609375,3.0960462992687883
2021-09-30,HIKAL,506,603.4500122070312,305345.7061767578,393.79998779296875,106082.91235351562,53.237691953479995
2021-10-29,HAPPSTMNDS,195,1274.4000244140625,248508.0047607422,1379.949951171875,-20582.235717773438,-7.64882281913035
2021-10-29,TIRUMALCHM,883,264.3500061035156,233421.0553894043,304.75,-35673.1946105957,-13.25676583969955
2021-10-29,MANINFRA,3673,82.13333129882812,301675.7258605957,73.26666259765625,32567.274139404297,12.101914276979109
2021-10-29,IRCTC,354,845.7000122070312,299377.80432128906,759.7000122070312,30444.0,11.320257814681137
2021-10-29,POLYCAB,112,2261.39990234375,253276.7890625,2389.0,-14291.2109375,-5.341151011144831
2021-10-29,CARBORUNIV,353,839.2999877929688,296272.89569091797,829.9500122070312,3300.5413818359375,1.126570931793076
2021-10-29,FLUOROCHEM,152,1816.4000244140625,276092.8037109375,1723.8499755859375,14067.607421875,5.368799497570384
2021-10-29,SAKSOFT,4164,73.19200134277344,304771.4935913086,70.44000244140625,11459.323425292969,3.90686940088676
2021-10-29,IEX,1249,236.10000610351562,294888.907623291,215.31666564941406,25958.39222717285,9.652453232738475
2021-10-29,NELCO,373,742.2999877929688,276877.89544677734,720.0999755859375,8280.604553222656,3.082906951769765
2021-10-29,BALAMINES,72,3459.89990234375,249112.79296875,4040.14990234375,-41778.0,-14.362090863593663
2021-11-30,OIL,1551,141.10000610351562,218846.10946655273,173.46665954589844,-50200.67948913574,-18.658717200822533
2021-11-30,ZENTEC,1318,205.0,270190.0,209.85000610351562,-6392.308044433594,-2.3111774898511057
2021-11-30,SRF,144,2005.8499755859375,288842.396484375,2027.949951171875,-3182.396484375,-1.089769280211613
2021-11-30,ABB,130,2061.85009765625,268040.5126953125,2119.89990234375,-7546.474609375,-2.7383276268525907
2021-11-30,JSWENERGY,1568,287.29998779296875,450486.380859375,167.75,187454.380859375,71.2667587439456
2021-11-30,TITAN,116,2375.5,275558.0,2383.550048828125,-933.8056640625,-0.33773357652308644
2021-11-30,BAJAJHLDNG,55,5037.7998046875,277078.9892578125,4808.60009765625,12605.98388671875,4.766453902934531
2021-11-30,MPHASIS,101,2895.14990234375,292410.14013671875,2898.10009765625,-297.9697265625,-0.10179756437280689
2021-11-30,CGPOWER,2188,149.14999389648438,326340.1866455078,122.94999694824219,57325.593322753906,21.30947344331493
2021-11-30,DMART,63,4710.89990234375,296786.69384765625,4250.2001953125,29024.08154296875,10.839482515184832
2021-11-30,RKFORGE,1267,180.2899932861328,228427.42149353027,218.27000427246094,-48120.673919677734,-17.400472003894148
2021-11-30,ATGL,192,1599.8499755859375,307171.1953125,1439.449951171875,30796.8046875,11.143147025256331
2021-12-31,LTTS,58,5598.9501953125,324739.111328125,4725.0,50689.111328125,18.49630042989418
2021-12-31,LTIM,41,7332.0,300612.0,6682.2998046875,26637.7080078125,9.722703474883726
2021-12-31,RADICO,260,1236.1500244140625,321399.00634765625,1122.300048828125,29600.99365234375,10.144343814723749
2021-12-31,TCIEXP,136,2213.199951171875,300995.193359375,2141.64990234375,9730.806640625,3.340884462480213
2021-12-31,CENTURYPLY,485,597.9000244140625,289981.5118408203,601.5999755859375,-1794.476318359375,-0.6150185043261307
2021-12-31,SOLARINDS,111,2421.550048828125,268792.0554199219,2487.050048828125,-7270.5,-2.633642215236601
2021-12-31,IEX,1177,252.8000030517578,297545.60359191895,248.1666717529297,5453.430938720703,1.8670239908125081
2021-12-31,BRIGADE,581,490.29998779296875,284864.29290771484,502.45001220703125,-7059.1641845703125,-2.418155860061192
2021-12-31,SKFINDIA,75,3741.300048828125,280597.5036621094,3877.85009765625,-10241.253662109375,-3.5212822927491465
2021-12-31,ALLCARGO,3501,97.5,341347.5,83.48750305175781,49057.7518157959,16.7839454242094
2021-12-31,RAYMOND,456,621.5499877929688,283426.79443359375,641.0499877929688,-8892.0,-3.0418844663167905
2021-12-31,TATAPOWER,1290,220.9499969482422,285025.4960632324,214.3000030517578,8578.492126464844,3.103123565928399
2022-01-31,LYKALABS,1344,171.85000610351562,230966.408203125,222.3000030517578,-67804.7958984375,-22.694555220719444
2022-01-31,EKC,1246,235.85000610351562,293869.10760498047,239.75,-4859.392395019531,-1.626691927626434
2022-01-31,GRAVITA,1019,337.70001220703125,344116.31243896484,292.95001220703125,45600.25,15.275643671376482
2022-01-31,UNOMINDA,487,551.5750122070312,268617.0309448242,612.4249877929688,-29633.938110351562,-9.935906731243293
2022-01-31,KABRAEXTRU,632,485.6000061035156,306899.2038574219,472.3500061035156,8374.0,2.8051232833256825
2022-01-31,WEBELSOLAR,1908,135.85000610351562,259201.8116455078,156.5500030517578,-39495.594177246094,-13.222610376697633
2022-01-31,TECHM,166,1479.0,245514.0,1790.550048828125,-51717.30810546875,-17.39968391456176
2022-01-31,TTML,5259,149.1999969482422,784642.7839508057,52.599998474121094,508019.39197540283,183.65019254068565
2022-01-31,MAXHEALTH,674,367.45001220703125,247661.30822753906,442.8999938964844,-50853.287658691406,-17.03544428295645
2022-01-31,STEELXIND,17127,23.260000228881836,398374.0239200592,17.44499969482422,99593.51414680481,33.33333697783255
2022-02-28,TRIDENT,9611,50.75,487758.25,28.0,218650.25,81.25
2022-02-28,TANLA,194,1565.8499755859375,303774.8952636719,1499.25,12920.395263671875,4.442219482136902
2022-02-28,BORORENEW,497,581.2999877929688,288906.09393310547,588.1500244140625,-3404.4682006835938,-1.164675055130367
2022-02-28,PERSISTENT,156,1968.9000244140625,307148.40380859375,1271.4749755859375,108798.3076171875,54.85165356925161
2022-02-28,SUZLON,30848,8.631211280822754,266255.6055908203,10.97265625,-72228.89440917969,-21.33890751546369
2022-02-28,BCG,6346,71.8799819946289,456150.36573791504,43.58999252319336,179528.27318572998,64.90019344780345
2022-02-28,GREENPANEL,649,479.3500061035156,311098.15396118164,521.2999877929688,-27225.538116455078,-8.047186393971932
2022-02-28,POONAWALLA,1192,237.1999969482422,282742.3963623047,283.75,-55487.60363769531,-16.4052874191217
2022-02-28,JBMA,1562,215.85000610351562,337157.7095336914,187.1199951171875,44876.27716064453,15.353789940158668
2022-02-28,RAYMOND,445,733.5499877929688,326429.7445678711,760.1500244140625,-11837.016296386719,-3.4993140520645962
2022-02-28,ATGL,185,1588.5,293872.5,1821.25,-43058.75,-12.779684282772822
2022-02-28,TATAPOWER,1375,223.0500030517578,306693.754196167,246.0500030517578,-31625.0,-9.347693442280445
2022-03-31,ANGELONE,247,1536.75,379577.25,1335.300048828125,49758.137939453125,15.086493207925052
2022-03-31,SRF,138,2679.35009765625,369750.3134765625,2383.64990234375,40806.626953125,12.40535344648346
2022-03-31,AMBIKCO,131,2356.300048828125,308675.3063964844,2512.5,-20462.193603515625,-6.216913479477612
2022-03-31,HINDALCO,577,569.5,328601.5,573.75,-2452.25,-0.7407407407407408
2022-03-31,BUTTERFLY,239,1389.0999755859375,331994.89416503906,1383.0,1457.8941650390625,0.441068372085141
2022-03-31,FLUOROCHEM,123,2742.550048828125,337333.6560058594,2414.89990234375,40300.968017578125,13.567856214925445
2022-03-31,TITAN,130,2536.14990234375,329699.4873046875,2546.550048828125,-1352.01904296875,-0.40840141701361626
2022-03-31,ADANIGREEN,180,1914.699951171875,344645.9912109375,1877.8499755859375,6632.99560546875,1.962349285886875
2022-03-31,VTL,648,436.0,282528.0,510.2200012207031,-48094.560791015625,-14.546666348463704
2022-03-31,KPRMILL,554,622.5499877929688,344892.6932373047,527.1500244140625,52851.57971191406,18.097307969385977
2022-03-31,CGPOWER,1535,189.4499969482422,290805.74531555176,194.5500030517578,-7828.509368896484,-2.6214371747703478
2022-03-31,SHARDACROP,580,615.0,356700.0,582.8499755859375,18647.01416015625,5.516003390365105
2022-03-31,FCL,20913,18.06999969482422,377897.9036178589,15.829999923706055,46845.115213394165,14.150346063891481
2022-03-31,NATIONALUM,2729,121.80000305175781,332392.20832824707,121.30000305175781,1364.5,0.4122011437927613
2022-03-31,DEEPAKFERT,594,561.3499755859375,333441.8854980469,569.75,-4989.614501953125,-1.474335131910926
2022-04-29,TRIDENT,6318,52.150001525878906,329483.70964050293,53.349998474121094,-7581.580718994141,-2.249291438732242
2022-04-29,DHAMPURSUG,630,522.0,328860.0,534.7000122070312,-8001.0076904296875,-2.375165871908362
2022-04-29,CENTURYPLY,470,635.1500244140625,298520.5114746094,716.2999877929688,-38140.48278808594,-11.32904715368513
2022-04-29,AVADHSUGAR,463,746.9500122070312,345837.85565185547,726.9000244140625,9283.144348144531,2.7582868509504572
2022-04-29,POWERINDIA,108,3149.0,340092.0,3121.800048828125,2937.5947265625,0.8712906254865822
2022-04-29,LINDEINDIA,89,3581.64990234375,318766.84130859375,3784.89990234375,-18089.25,-5.3700231246311185
2022-04-29,GREENPANEL,575,605.3499755859375,348076.23596191406,585.4500122070312,11442.478942871094,3.399088387390634
2022-04-29,SHOPERSTOP,716,502.20001220703125,359575.2087402344,470.54998779296875,22661.41748046875,6.726176864335143
2022-04-29,TRIVENI,1083,320.3500061035156,346939.0566101074,311.1499938964844,9963.613220214844,2.956777241683629
2022-04-29,RHIM,634,608.0499877929688,385503.6922607422,521.4000244140625,54936.07678222656,16.618711032144947
2022-04-29,USHAMART,2506,151.4499969482422,379533.6923522949,134.5,42476.69235229492,12.60222821430646
2022-04-29,RAYMOND,394,830.7999877929688,327335.1951904297,854.6500244140625,-9396.914428710938,-2.7906202468601156
2022-04-29,ATGL,156,2450.949951171875,382348.1923828125,2149.800048828125,46979.384765625,14.008274979243277
2022-05-31,ANGELONE,177,1475.5,261163.5,1949.199951171875,-83844.89135742188,-24.302275961328785
2022-05-31,GMDCLTD,2495,155.10000610351562,386974.5152282715,132.64999389648438,56012.78045654297,16.92424669431232
2022-05-31,GNFC,598,665.75,398118.5,553.0,67424.5,20.38878842676311
2022-05-31,TNPL,1642,180.10000610351562,295724.21002197266,210.5500030517578,-49998.89498901367,-14.462121352122189
2022-05-31,DWARKESH,2684,109.94999694824219,295105.79180908203,125.55000305175781,-41870.41638183594,-12.4253331137591
2022-05-31,BSE,1401,251.9499969482422,352981.9457244873,213.1666717529297,54335.43859863281,18.19389723374028
2022-05-31,ADANIGREEN,119,1888.949951171875,224785.04418945312,2882.800048828125,-118268.16162109375,-34.47516583955436
2022-05-31,SWANENERGY,1073,284.0,304732.0,322.25,-41042.25,-11.869666408068271
2022-05-31,NIITLTD,542,460.29998779296875,249482.59338378906,621.7000122070312,-87478.81323242188,-25.961077890459322
2022-05-31,POLYPLEX,139,2367.64990234375,329103.33642578125,2424.89990234375,-7957.75,-2.3609221949601253
2022-05-31,RENUKA,6427,46.900001525878906,301426.30980682373,53.79999923706055,-44346.285289764404,-12.82527473797532
2022-06-30,ADANIENT,148,2190.89990234375,324253.185546875,2332.0,-20882.814453125,-6.050604530713979
2022-06-30,GOKEX,698,346.20001220703125,241647.6085205078,443.70001220703125,-68055.0,-21.974306359609997
2022-06-30,SCHAEFFLER,149,2290.5,341284.5,2307.60009765625,-2547.91455078125,-0.7410338417656499
2022-06-30,GAEL,2086,141.35000610351562,294856.1127319336,165.72500610351562,-50846.25,-14.70810022765956
2022-06-30,MRPL,3816,90.5999984741211,345729.5941772461,81.1500015258789,36061.18835449219,11.645097683982868
2022-06-30,RAYMOND,315,877.4500122070312,276396.75384521484,981.7000122070312,-32838.75,-10.619333676652197
2022-07-29,TIMETECHNO,5911,53.525001525878906,316386.2840194702,51.5,11969.784019470215,3.9320417978231186
2022-07-29,BDL,924,405.875,375028.5,374.1000061035156,29360.094360351562,8.493716487054012
2022-07-29,FINEORG,63,5386.5,339349.5,4797.89990234375,37081.80615234375,12.267869476991835
2022-07-29,NAVA,3340,100.125,334417.5,92.69999694824219,24799.510192871094,8.009712293629809
2022-07-29,CREDITACC,289,1056.449951171875,305314.0358886719,1071.5,-4349.464111328125,-1.4045775854526366
2022-07-29,GHCL,558,644.0999755859375,359407.7863769531,619.25,13866.286376953125,4.012914910930561
2022-07-29,VRLLOG,958,312.25,299135.5,323.0,-10298.5,-3.3281733746130033
2022-07-29,SHARDACROP,431,518.1500244140625,223322.66052246094,718.5,-86350.83947753906,-27.884478160882047
2022-07-29,DEEPAKFERT,512,710.75,363904.0,674.7999877929688,18406.40625,5.327506351120571
2022-07-29,CHENNPETRO,1238,276.0,341688.0,279.25,-4023.5,-1.1638316920322291
2022-08-30,CUMMINSIND,265,1192.5999755859375,316038.99353027344,1226.8499755859375,-9076.25,-2.791702382652155
2022-08-30,BLUEDART,37,8545.7001953125,316190.9072265625,8587.4501953125,-1544.75,-0.4861745809342735
2022-08-30,HAL,336,1147.5999755859375,385593.591796875,919.1500244140625,76759.18359375,24.85447914963683
2022-08-30,ELECON,2331,187.6750030517578,437470.43211364746,130.5749969482422,133100.11422729492,43.72966298145819
2022-08-30,CGPOWER,1454,224.85000610351562,326931.9088745117,224.14999389648438,1017.8177490234375,0.3122963310695094
2022-08-30,SHOPERSTOP,558,624.0499877929688,348219.89318847656,583.4500122070312,22654.786376953125,6.958603948324371
2022-08-30,TIMKEN,109,3016.199951171875,328765.7946777344,2971.5,4872.294677734375,1.504289119026586
2022-08-30,JKIL,1268,299.5,379766.0,244.1999969482422,70120.4038696289,22.645374178067073
2022-09-30,APARINDS,290,1297.550048828125,376289.51416015625,1123.5999755859375,50445.521240234375,15.481494928964876
2022-09-30,VBL,1925,208.83999633789062,402016.99295043945,158.11000061035156,97655.2417755127,32.08525427342117
2022-09-30,GESHIP,626,540.4500122070312,338321.70764160156,569.6500244140625,-18279.207641601562,-5.125956456697453
2022-09-30,KPIGREEN,3493,95.80000305175781,334629.41065979004,102.16666412353516,-22238.74712371826,-6.231642313464473
2022-09-30,ABB,119,3088.39990234375,367519.58837890625,2736.14990234375,41917.75,12.873929154914624
2022-09-30,M&M,278,1268.199951171875,352559.58642578125,1093.1500244140625,48663.879638671875,16.0133488403516
2022-09-30,NDTV,756,373.04998779296875,282025.7907714844,471.5,-74428.20922851562,-20.880172260239927
2022-09-30,VINYLINDIA,720,655.9000244140625,472248.017578125,495.3999938964844,115560.02197265625,32.39806873132808
2022-09-30,SKFINDIA,73,4713.14990234375,344059.94287109375,4854.64990234375,-10329.5,-2.914731295694175
2022-09-30,WSTCSTPAPR,564,496.5,280026.0,631.8499755859375,-76337.38623046875,-21.421220355421006
2022-09-30,ATGL,129,3339.85009765625,430840.66259765625,2397.89990234375,121511.5751953125,39.28229841420074
2022-09-30,BEL,3493,100.94999694824219,352618.33934020996,102.16666412353516,-4249.81844329834,-1.1908651278090392
2022-10-31,ADANIPOWER,9105,66.9800033569336,609852.9305648804,37.02000045776367,272785.82639694214,80.9292342752709
2022-10-31,SCHAEFFLER,117,2754.60009765625,322288.21142578125,2780.5,-3030.28857421875,-0.9314836304171912
2022-10-31,PCJEWELLER,69609,10.385000228881836,722889.4809322357,4.684999942779541,396771.31991529465,121.66489553296707
2022-10-31,SOLARINDS,92,3901.85009765625,358970.208984375,3916.800048828125,-1375.3955078125,-0.38168788259558734
2022-10-31,FINEORG,51,5741.2001953125,292801.2099609375,6977.60009765625,-63056.39501953125,-17.719558086440813
2022-10-31,SHOPERSTOP,483,749.5499877929688,362032.6441040039,748.1500244140625,676.1823120117188,0.18712334868967972
2022-10-31,RAJRATAN,300,849.9500122070312,254985.00366210938,1203.9000244140625,-106185.00366210938,-29.400282833227664
2022-10-31,TATAINVEST,1569,234.63499450683594,368142.3063812256,230.27000427246094,6848.669677734375,1.895596540316315
2022-11-30,KALYANKJIL,4024,105.9000015258789,426141.6061401367,102.5,13681.606140136719,3.317074659394055
2022-11-30,RITES,2136,183.60000610351562,392169.6130371094,193.10000610351562,-20292.0,-4.919730553973835
2022-11-30,TRITURBINE,1474,286.95001220703125,422964.31799316406,279.79998779296875,10539.135986328125,2.5554055489641363
2022-11-30,AMBUJACEM,701,570.75,400095.75,515.5999755859375,38660.16711425781,10.696281424643004
2022-11-30,M&M,305,1305.5999755859375,398207.99255371094,1348.5999755859375,-13115.0,-3.188491826964288
2022-11-30,INDHOTEL,1089,321.6499938964844,350276.8433532715,331.70001220703125,-10944.469940185547,-3.0298516553186423
2022-11-30,HAL,308,1377.0250244140625,424123.70751953125,1172.425048828125,63016.79248046875,17.451006850326294
2022-11-30,ITC,1144,340.0,388960.0,270.6499938964844,79336.40698242188,25.623501816903772
2022-11-30,KRBL,1033,412.54998779296875,426164.1373901367,399.25,13738.887390136719,3.3312430289214148
2022-11-30,TVSMOTOR,361,1048.1500244140625,378382.15881347656,841.9500122070312,74438.20440673828,24.490766579658615
2022-11-30,DLINKINDIA,1515,273.25,413973.75,272.29998779296875,1439.2684936523438,0.34888441043690016
2022-11-30,FCL,12952,32.06999969482422,415370.6360473633,27.55500030517578,58478.27209472656,16.3854085996884
2022-11-30,DEEPAKFERT,411,804.4000244140625,330608.4100341797,878.8499755859375,-30598.929931640625,-8.47129239802715
2022-12-30,KIRLOSENG,1198,322.6000061035156,386474.8073120117,331.79998779296875,-11021.578063964844,-2.7727492549498174
2022-12-30,ELECON,1733,182.3000030517578,315925.9052886963,229.4499969482422,-81710.93942260742,-20.549136859269673
2022-12-30,CGPOWER,1422,270.29998779296875,384366.58264160156,279.6000061035156,-13224.626037597656,-3.3261867337383935
2022-12-30,COCHINSHIP,1639,267.125,437817.875,220.5,76418.375,21.145124716553287
2022-12-30,BLS,3824,165.3000030517578,632107.2116699219,90.4124984741211,286369.8175048828,82.828708244438
2022-12-30,IRFC,12123,32.54999923706055,394603.640750885,32.79999923706055,-3030.75,-0.7621951396801446
2022-12-30,LEMONTREE,3940,85.6500015258789,337461.0060119629,100.9000015258789,-60085.0,-15.113974003348918
2022-12-30,HONDAPOWER,148,2224.60009765625,329240.814453125,2669.64990234375,-65867.37109375,-16.670717920607494
2023-01-31,KTKBANK,2756,142.89999389648438,393832.38317871094,144.25,-3720.6168212890625,-0.9358794478444541
2023-01-31,ADANIENT,126,2973.89990234375,374711.3876953125,2569.199951171875,50992.19384765625,15.751983452563955
2023-01-31,J&KBANK,7102,55.04999923706055,390965.094581604,56.70000076293945,-11718.310836791992,-2.910055562040466
2023-01-31,PSB,11932,29.450000762939453,351397.40910339355,33.75,-51307.590896606445,-12.740738480179397
2023-01-31,CANBK,6041,60.790000915527344,367232.3955307007,66.66000366210938,-35460.68659210205,-8.805884224573838
2023-01-31,ABCAPITAL,2681,141.1999969482422,378557.1918182373,150.1999969482422,-24129.0,-5.9920107742088256
2023-01-31,RBLBANK,2244,155.75,349503.0,179.39999389648438,-53070.58630371094,-13.182828707413815
2023-01-31,BANKBARODA,2391,167.85000610351562,401329.36459350586,166.25,3825.6145935058594,0.962409686325188
2023-01-31,UGARSUGAR,3919,97.3499984741211,381514.64402008057,102.75,-21162.605979919434,-5.255475937595042
2023-01-31,AXISBANK,431,871.5999755859375,375659.58947753906,933.75,-26786.660522460938,-6.655959776606426
2023-02-28,GODFRYPHLP,660,591.8333129882812,390609.9865722656,601.6500244140625,-6479.029541015625,-1.6316315178980654
2023-02-28,BANKINDIA,4831,70.8499984741211,342276.342628479,82.30000305175781,-55314.97211456299,-13.91252023458116
2023-02-28,RVNL,5366,57.45000076293945,308276.7040939331,74.0999984741211,-89343.88771820068,-22.4696330014049
2023-02-28,SURYAROSNI,2336,166.9499969482422,389995.19287109375,161.16250610351562,13519.57861328125,3.5910901267626247
2023-02-28,RICOAUTO,4228,71.5999984741211,302724.793548584,89.05000305175781,-73778.61935424805,-19.595737203393913
2023-02-28,GRAVITA,726,457.20001220703125,331927.2088623047,518.6500244140625,-44612.70886230469,-11.848068893171948
2023-02-28,UCOBANK,20082,25.899999618530273,520123.79233932495,19.799999237060547,122500.20766067505,30.80808392180179
2023-02-28,MAZDOCK,1464,359.7749938964844,526710.5910644531,246.72500610351562,165505.18212890625,45.82023913114735
2023-02-28,SUNFLAG,2755,131.14999389648438,361318.23318481445,136.64999389648438,-15152.5,-4.024881262831509
2023-02-28,INDIANB,1624,257.1000061035156,417530.4099121094,253.89999389648438,5196.81982421875,1.2603435541380528
2023-02-28,UNIONBANK,4870,67.25,327507.5,81.6500015258789,-70128.00743103027,-17.636253835604446
2023-02-28,SWANENERGY,1139,254.5500030517578,289932.45347595215,330.5,-86507.04652404785,-22.98033190567086
2023-02-28,FACT,1078,234.14999389648438,252413.69342041016,373.3500061035156,-150057.6131591797,-37.284052479280376
2023-02-28,IRFC,11393,26.950000762939453,307041.3586921692,33.04999923706055,-69497.28261566162,-18.45687931901939
2023-02-28,JINDALSTEL,645,549.2000122070312,354234.00787353516,583.5499877929688,-22155.734252929688,-5.8863809963996
2023-03-31,M&MFIN,1435,231.64999389648438,332417.7412414551,251.8000030517578,-28915.263137817383,-8.002386382470208
2023-03-31,POLYCAB,117,2880.050048828125,336965.8557128906,3081.35009765625,-23552.105712890625,-6.532852238414542
2023-03-31,KARURVYSYA,5321,87.0,462927.0,67.91666412353516,101542.43019866943,28.09816430582299
2023-03-31,EQUITASBNK,5057,67.0999984741211,339324.6922836304,71.5,-22250.80771636963,-6.153848287942526
2023-03-31,PERSISTENT,150,2304.75,345712.5,2396.550048828125,-13770.00732421875,-3.8305083122722086
2023-03-31,CIEINDIA,953,350.79998779296875,334312.3883666992,394.75,-41884.36163330078,-11.133631971382204
2023-03-31,SUPREMEIND,130,2513.550048828125,326761.50634765625,2761.35009765625,-32214.00634765625,-8.973872926813959
2023-03-31,SOUTHBANK,30112,14.649999618530273,441140.7885131836,13.699999809265137,28606.394256591797,6.9343052736589375
2023-03-31,PNBHOUSING,731,425.0115051269531,310683.41024780273,494.6251220703125,-50887.5539855957,-14.074015620553858
2023-03-31,CERA,55,6403.0498046875,352167.7392578125,6513.10009765625,-6052.76611328125,-1.6896760577708885
2023-04-28,ACE,883,417.3500061035156,368520.0553894043,406.8999938964844,9227.360778808594,2.568201613119154
2023-04-28,ZENTEC,1371,290.95001220703125,398892.46673583984,263.6000061035156,37496.85836791992,10.375571119211314
2023-04-28,TRITURBINE,1079,365.29998779296875,394158.6868286133,333.1499938964844,34689.84341430664,9.650306013955369
2023-04-28,ABB,106,3417.949951171875,362302.69482421875,3365.14990234375,5596.80517578125,1.569025165605579
2023-04-28,KIRLOSENG,907,393.8500061035156,357221.9555358887,396.1000061035156,-2040.75,-0.568038365395024
2023-04-28,CGPOWER,1244,308.8500061035156,384209.40759277344,302.45001220703125,7961.5924072265625,2.1160501366101747
2023-04-28,GPPL,3087,113.9000015258789,351609.3047103882,116.44999694824219,-7871.835868835449,-2.189777148295385
2023-04-28,USHAMART,1676,213.1999969482422,357323.1948852539,214.5,-2178.8051147460938,-0.606062028791521
2023-05-31,APARINDS,157,2779.35009765625,436357.96533203125,2299.699951171875,75305.07299804688,20.857075125820483
2023-05-31,KEI,197,1997.1500244140625,393438.5548095703,1895.050048828125,20113.695190429688,5.387719213488575
2023-05-31,NCC,3388,119.25,404019.0,106.0999984741211,44552.205169677734,12.393969571155395
2023-05-31,PFC,2961,145.9199981689453,432069.11457824707,121.4000015258789,72603.71006011963,20.197690555909478
2023-05-31,SIEMENS,189,2084.816650390625,394030.3469238281,1905.7525634765625,33843.11242675781,9.395977754184702
2023-05-31,SURYAROSNI,1871,195.14999389648438,365125.63858032227,199.6875,-8489.673919677734,-2.272303526017214
2023-05-31,SAKSOFT,2332,189.9600067138672,442986.7356567383,160.1999969482422,69400.3427734375,18.576785475994694
2023-05-31,ABCAPITAL,2234,170.3000030517578,380450.20681762695,167.1999969482422,6925.413635253906,1.854070669914696
2023-05-31,OFSS,104,3633.60009765625,377894.41015625,3561.85009765625,7462.0,2.0144025726184425
2023-05-31,CUMMINSIND,230,1759.9000244140625,404777.0056152344,1570.0999755859375,43654.01123046875,12.088405310451297
2023-05-31,BAJAJ-AUTO,84,4567.14990234375,383640.591796875,4431.9501953125,11356.775390625,3.0505691867712197
2023-05-31,GLENMARK,663,597.75,396308.25,563.4500122070312,22740.89190673828,6.087494373922515
2023-05-31,JBMA,1116,403.8999938964844,450752.39318847656,322.0,91400.39318847656,25.434780713193906
2023-05-31,BOSCHLTD,18,18568.400390625,334231.20703125,19369.900390625,-14427.0,-4.137863302528518
2023-05-31,FINCABLES,512,800.9500122070312,410086.40625,705.7000122070312,48768.0,13.497236552697764
2023-06-30,ANURAS,343,1030.0,353290.0,1166.0,-46648.0,-11.663807890222985
2023-06-30,VBL,1389,321.0199890136719,445896.76473999023,260.1499938964844,84548.42321777344,23.398038264574446
2023-06-30,ZENTEC,1076,417.8999938964844,449660.3934326172,372.3999938964844,48958.0,12.218045313031768
2023-06-30,RVNL,3340,121.9000015258789,407146.00509643555,120.0,6346.005096435547,1.5833346048990886
2023-06-30,ITDCEM,2453,163.1999969482422,400329.5925140381,163.35000610351562,-367.9724578857422,-0.09183296582087425
2023-06-30,INDHOTEL,1028,392.5,403490.0,389.70001220703125,2878.387451171875,0.7184982564181276
2023-06-30,APTECHT,987,357.9285583496094,353275.48709106445,405.8214416503906,-47270.275817871094,-11.801466947140828
2023-06-30,POWERMECH,252,1682.824951171875,424071.8876953125,1588.8499755859375,23681.69384765625,5.914653808096722
2023-06-30,AGI,700,577.2999877929688,404109.9914550781,572.0,3709.991455078125,0.9265712924770542
2023-06-30,SONATSOFTW,995,504.7250061035156,502201.38107299805,363.1499938964844,140867.1371459961,38.985271812337444
2023-06-30,CGPOWER,1020,378.5,386070.0,392.8500061035156,-14637.006225585938,-3.6527951840566883
2023-06-30,AURIONPRO,1051,487.75,512625.25,381.17498779296875,112010.33782958984,27.95960270743587
2023-06-30,NUCLEUS,393,1073.4000244140625,421846.20959472656,1017.4500122070312,21988.35479736328,5.499042855743414
2023-06-30,CYIENT,316,1500.699951171875,474221.1845703125,1179.949951171875,101357.0,27.18335635180501
2023-07-31,ANANTRAJ,2393,201.64999389648438,482548.4353942871,177.35000610351562,58149.87078857422,13.701712408617192
2023-07-31,ABB,97,4552.7998046875,441621.5810546875,4125.89990234375,41409.29052734375,10.346831296155443
2023-07-31,SAKSOFT,1720,246.36000061035156,423739.2010498047,246.72000122070312,-619.2010498046875,-0.14591464355154746
2023-07-31,HAL,223,1980.75,441707.25,1896.25,18843.5,4.456163480553724
2023-07-31,LTF,3324,131.89999389648438,438435.57971191406,127.69999694824219,13960.789855957031,3.2889561852883045
2023-07-31,ITC,959,465.70001220703125,446606.31170654297,376.70001220703125,85351.0,23.626227001842075
2023-07-31,CHOLAFIN,381,1132.0999755859375,431330.0906982422,1050.9000244140625,30937.181396484375,7.726705612853007
2023-07-31,JWL,2442,205.39999389648438,501586.78509521484,173.8000030517578,77167.17764282227,18.18181259485712
2023-07-31,ELECTCAST,7092,58.70000076293945,416300.4054107666,59.849998474121094,-8155.783767700195,-1.9214665672529552
2023-07-31,CANFINHOME,546,751.4000244140625,410264.4133300781,777.3499755859375,-14168.67333984375,-3.3382584404553293
2023-07-31,TATAMOTORS,712,644.2999877929688,458741.59130859375,595.5499877929688,34710.0,8.185710855382803
2023-08-31,ANANDRATHI,765,713.25,545636.25,581.7000122070312,100635.7406616211,22.614747297985126
2023-08-31,THANGAMAYL,350,1237.5999755859375,433159.9914550781,1270.0999755859375,-11375.0,-2.5588536827588486
2023-08-31,PREMEXPLN,2203,230.13999938964844,506998.4186553955,202.0500030517578,61882.26193237305,13.902497358881503
2023-08-31,IDFCFIRSTB,5593,93.3499984741211,522106.5414657593,71.6500015258789,121368.08293151855,30.286108145307537
2023-08-31,MANINFRA,3723,145.8000030517578,542813.4113616943,114.0,118391.41136169434,27.8947395190858
2023-08-31,ZENSARTECH,895,526.9500122070312,471620.26092529297,497.3999938964844,26447.266387939453,5.940896395888704
2023-08-31,POWERMECH,192,2112.800048828125,405657.609375,2307.324951171875,-37348.78125,-8.430754508373521
2023-08-31,GLENMARK,627,766.8499755859375,480814.9346923828,676.0,56962.93469238281,13.439345500878327
2023-08-31,JINDALSAW,6017,175.10000610351562,1053576.7367248535,62.57500076293945,677062.9571342468,179.82421728905518
2023-08-31,JBMA,634,758.0250244140625,480587.8654785156,668.625,56679.615478515625,13.37072715110301
2023-08-31,SDBL,3333,125.9000015258789,419624.7050857544,133.55999755859375,-25530.766777038574,-5.735247209295843
2023-08-31,UJJIVANSFB,9236,49.0,452564.0,48.20000076293945,7388.792953491211,1.6597494282109204
2023-09-29,KALYANKJIL,2092,227.5500030517578,476034.60638427734,251.8000030517578,-50731.0,-9.630659136654332
2023-09-29,ACE,616,688.5,424116.0,721.5499877929688,-20358.79248046875,-4.580415543219667
2023-09-29,ZENTEC,720,764.5499877929688,550475.9912109375,617.6500244140625,105767.9736328125,23.783689398905764
2023-09-29,ANANTRAJ,2399,219.60000610351562,526820.414642334,219.5,239.91464233398438,0.045560867205296125
2023-09-29,SKMEGGPROD,1088,457.3999938964844,497651.193359375,484.1499938964844,-29104.0,-5.525147234788438
2023-09-29,SUPREMEIND,118,4121.5,486337.0,4457.7001953125,-39671.623046875,-7.542010018215933
2023-09-29,USHAMART,1319,343.79998779296875,453472.1838989258,337.5,8309.683898925781,1.8666630497685184
2023-09-29,TEXRAIL,3613,128.75,465173.75,145.8000030517578,-61601.66102600098,-11.694103357257955
2023-10-31,APARINDS,105,5179.4501953125,543842.2705078125,5008.4501953125,17955.0,3.414229818238824
2023-10-31,GENUSPOWER,2037,246.39999389648438,501916.7875671387,258.6000061035156,-24851.424865722656,-4.717715359274847
2023-10-31,POLYCAB,92,4922.10009765625,452833.208984375,4816.7998046875,9687.626953125,2.1861048255789317
2023-10-31,ASHAPURMIN,1670,301.1499938964844,502920.4898071289,290.5,17785.489807128906,3.6660908421632965
2023-10-31,GRAVITA,533,995.1500244140625,530414.9630126953,910.1500244140625,45305.0,9.339119674772453
2023-10-31,SAFARI,247,2067.050048828125,510561.3620605469,1957.949951171875,26947.72412109375,5.572159676040302
2023-10-31,MAZDOCK,681,983.4000244140625,669695.4166259766,623.2000122070312,245296.20831298828,57.798460390172515
2023-10-31,RESPONIND,1382,313.45001220703125,433187.9168701172,351.1499938964844,-52101.37469482422,-10.736147613480156
2023-10-31,RKFORGE,1032,640.1500244140625,660634.8251953125,388.25,259960.8251953125,64.88088201263683
2023-10-31,UJJIVANSFB,8970,52.099998474121094,467336.9863128662,54.099998474121094,-17940.0,-3.6968577752487484
2023-11-30,ANANDRATHI,552,1297.75,716358.0,954.5499877929688,189446.40673828125,35.9541162428329
2023-11-30,CHOLAHLDNG,418,981.8499755859375,410413.2897949219,1160.449951171875,-74654.78979492188,-15.390579783779485
2023-11-30,WONDERLA,618,983.8499755859375,608019.2849121094,853.2000122070312,80741.67736816406,15.312935010507674
2023-11-30,SOLARINDS,95,6288.89990234375,597445.4907226562,5500.5,74897.99072265625,14.333240657099356
2023-11-30,JINDALSAW,2382,232.3249969482422,553398.1427307129,221.4499969482422,25904.25,4.910815150086333
2023-11-30,JWL,1534,347.8500061035156,533601.909362793,343.3500061035156,6903.0,1.3106159662170815
2023-11-30,GABRIEL,1575,423.3500061035156,666776.2596130371,334.79998779296875,139466.27883911133,26.448632478835037
2023-11-30,JAIBALAJI,9742,118.43000030517578,1153745.0629730225,54.06999969482422,626995.1259460449,119.03088768930093
2023-11-30,HSCL,2347,273.70001220703125,642373.9286499023,224.4499969482422,115589.78581237793,21.942533271740714
2023-11-30,IRFC,6339,74.6500015258789,473206.3596725464,76.55000305175781,-12044.109672546387,-2.482039778096752
2023-11-30,ITI,1954,268.29998779296875,524258.17614746094,269.8999938964844,-3126.4119262695312,-0.592814427453926
2023-11-30,PRAKASH,4588,151.14999389648438,693476.1719970703,114.80000305175781,166773.75799560547,31.663754249499537
2023-12-29,CDSL,667,912.2000122070312,608437.4081420898,946.9000244140625,-23144.908142089844,-3.66459090847563
2023-12-29,AUROPHARMA,606,1084.0,656904.0,1041.550048828125,25724.67041015625,4.075651594432408
2023-12-29,NIACL,2475,210.35000610351562,520616.2651062012,255.1999969482422,-111003.72734069824,-17.57444803332921
2023-12-29,MEDANTA,659,959.1500244140625,632079.8660888672,957.3499755859375,1186.232177734375,0.18802411594811982
2023-12-29,WELCORP,1190,548.1500244140625,652298.5290527344,530.3499755859375,21182.05810546875,3.3562835198510714
2023-12-29,CUPID,16790,56.02000045776367,940575.807685852,31.420000076293945,413034.0064048767,78.2940812276769
2023-12-29,MCX,197,3199.85009765625,630370.4692382812,3195.35009765625,886.5,0.1408296387710597
2023-12-29,EMIL,2773,204.39999389648438,566801.1830749512,190.25,39237.93307495117,7.437578920622537
2023-12-29,ELECTCAST,5366,110.69999694824219,594016.1836242676,117.69999694824219,-37562.0,-5.947323858536891
2023-12-29,APOLLO,5772,113.94999694824219,657719.3823852539,91.4000015258789,130158.57357788086,24.671767008645507
2023-12-29,MARKSANS,3797,161.10000610351562,611696.7231750488,166.35000610351562,-19934.25,-3.1559962773509307
2024-01-31,ANGELONE,205,3285.35009765625,673496.7700195312,3067.25,44710.52001953125,7.110607145040346
2024-01-31,KALYANKJIL,1827,350.20001220703125,639815.4223022461,288.70001220703125,112360.5,21.30238912352293
2024-01-31,MANGLMCEM,862,665.25,573445.5,746.1500244140625,-69735.82104492188,-10.84232684674798
2024-01-31,PRESTIGE,629,1265.4000244140625,795936.6153564453,1002.9000244140625,165112.5,26.174094486971804
2024-01-31,SUZLON,18809,45.95000076293945,864273.5643501282,25.799999237060547,379001.37870025635,78.1007834175992
2024-01-31,TARC,4744,161.14999389648438,764495.5710449219,135.6999969482422,120734.78552246094,18.754603920845454
2024-01-31,ALKEM,123,4996.0498046875,614514.1259765625,5202.60009765625,-25405.68603515625,-3.970135876132399
2024-01-31,NLCINDIA,2540,259.29998779296875,658621.9689941406,253.4499969482422,14858.976745605469,2.308143979153887
2024-01-31,NMDC,9213,73.28333282470703,675159.3453140259,69.88333129882812,31324.214057922363,4.865253934933581
2024-01-31,TVSMOTOR,338,2001.3499755859375,676456.2917480469,1864.5,46255.291748046875,7.339768065751542
2024-01-31,GALLANTT,3580,191.8000030517578,686644.010925293,179.8000030517578,42960.0,6.674082200402211
2024-01-31,BSE,1487,774.5333251953125,1151731.0545654297,354.25,624961.3045654297,118.64031762747001
2024-01-31,INOXWIND,5153,119.5,615783.5,124.9375,-28019.4375,-4.352176088044022
2024-01-31,NTPC,2069,317.5,656907.5,311.1499938964844,13138.162628173828,2.040818328162395
2024-02-29,GLAXO,319,2173.64990234375,693394.3188476562,2249.89990234375,-24323.75,-3.3890396599675117
2024-02-29,PFC,2457,400.70001220703125,984519.9299926758,172.72000122070312,560146.8869934082,131.99398412174236
2024-02-29,NBCC,8325,90.16666412353516,750637.4788284302,86.30000305175781,32189.953422546387,4.4804877578722
2024-02-29,UNITECH,43946,13.25,582284.5,16.350000381469727,-136232.6167640686,-18.96024653909557
2024-02-29,PERSISTENT,172,4315.1748046875,742210.06640625,4176.5751953125,23839.1328125,3.3184990786363584
2024-02-29,HAL,229,3084.050048828125,706247.4611816406,2804.0,64131.461181640625,9.987519573042974
2024-02-29,MANINDS,1643,392.54998779296875,644959.6299438477,437.1000061035156,-73195.68008422852,-10.192179750278104
2024-02-29,ELECTCAST,4103,159.89999389648438,656069.6749572754,175.10000610351562,-62365.65008544922,-8.680760523814778
2024-02-29,RECLTD,2578,442.04998779296875,1139604.8685302734,164.64999389648438,715137.1842651367,168.47859348897762
2024-02-29,ARVIND,2281,280.0,638680.0,315.0,-79835.0,-11.11111111111111
2024-02-29,IRFC,4102,146.75,601968.5,175.14999389648438,-116496.7749633789,-16.21467021761308
2024-02-29,BHEL,3147,227.5500030517578,716099.8596038818,228.25,-2202.890396118164,-0.3066799335124589
2024-02-29,IFCI,11769,45.900001525878906,540197.1179580688,61.04999923706055,-178300.32306289673,-24.81572137675769
2024-03-28,BEL,3526,201.5,710489.0,205.10000610351562,-12693.621520996094,-1.7552442693242403
2024-03-28,ANANTRAJ,2066,311.3500061035156,643249.1126098633,350.0,-79850.88739013672,-11.042855398995535
2024-03-28,TATACONSUM,607,1096.199951171875,665393.3703613281,1190.050048828125,-56967.00927734375,-7.88623115041815
2024-03-28,KIRLOSENG,791,859.4500122070312,679824.9596557617,913.2999877929688,-42595.33068847656,-5.896197996900058
2024-03-28,SWANENERGY,970,669.9500122070312,649851.5118408203,745.2000122070312,-72992.5,-10.097960113706234
2024-03-28,WEBELSOLAR,1943,485.29998779296875,942937.8762817383,369.75,224513.62628173828,31.25084186422414
2024-03-28,SARVESHWAR,53969,9.449999809265137,510007.03970623016,13.399999618530273,-213177.53970623016,-29.477611356069406
2024-03-28,TATAINVEST,993,624.39501953125,620024.2543945312,728.0850219726562,-102964.1724243164,-14.241468964774336
2024-03-28,INOXWIND,4798,130.39999389648438,625659.170715332,150.6999969482422,-97399.41464233398,-13.470473432544154
2024-03-28,SCHNEIDER,1134,741.0499877929688,840350.6861572266,637.2000122070312,117765.87231445312,16.297861518589524
2024-04-30,OIL,1724,413.4333190917969,712759.0421142578,400.1666564941406,22871.726318359375,3.315284365240587
2024-04-30,EIHOTEL,1535,478.3500061035156,734267.2593688965,449.5,44284.759368896484,6.418243849502919
2024-04-30,OFSS,78,7598.64990234375,592694.6923828125,8774.099609375,-91685.0771484375,-13.396812885225268
2024-04-30,INDHOTEL,1167,576.75,673067.25,591.1500244140625,-16804.828491210938,-2.435933996337994
2024-04-30,DLF,886,891.8499755859375,790179.0783691406,726.4000244140625,146588.65673828125,22.77669956100734
2024-04-30,ELECTCAST,3872,192.0,743424.0,178.1999969482422,53433.61181640625,7.744109589275691
2024-04-30,BHARTIARTL,561,1322.300048828125,741810.3273925781,1228.5999755859375,52565.74108886719,7.626572937013168
2024-04-30,SUNPHARMA,458,1502.0999755859375,687961.7888183594,1577.949951171875,-34739.288818359375,-4.806868274219155
2024-04-30,CHALET,781,864.9000244140625,675486.9190673828,883.2999877929688,-14370.371398925781,-2.083093358223719
2024-05-31,ANANDRATHI,469,2097.699951171875,983821.2770996094,1529.125,266661.6520996094,37.18302631713398
2024-05-31,KPIGREEN,1246,607.4833374023438,756924.2384033203,580.0499877929688,34181.95361328125,4.729480249410246
2024-05-31,ETERNAL,4371,179.14999389648438,783064.6233215332,165.4499969482422,59882.6866607666,8.280445573249521
2024-05-31,CANBK,5937,118.0,700566.0,116.20999908447266,10627.23543548584,1.5403157470349846
2024-05-31,TORNTPOWER,508,1501.800048828125,762914.4248046875,1357.949951171875,73075.849609375,10.59318110598341
2024-05-31,MEDANTA,625,1191.8499755859375,744906.2347412109,1148.300048828125,27218.704223632812,3.79255637951566
2024-05-31,BAJAJ-AUTO,94,9084.75,853966.5,6797.25,215025.0,33.65331567913494
2024-05-31,WEBELSOLAR,1037,556.0,576572.0,681.0499877929688,-129676.8373413086,-18.361352328660857
2024-05-31,BOSCHLTD,25,30393.75,759843.75,28590.849609375,45072.509765625,6.3058650416384445
2024-05-31,INOXWIND,4504,148.9499969482422,670870.7862548828,156.89999389648438,-35806.78625488281,-5.066919858191481
2024-05-31,TATAMOTORS,812,923.0,749476.0,884.2000122070312,31505.590087890625,4.388146036791042
2024-06-28,ABB,91,8490.900390625,772671.935546875,8317.9501953125,15738.4677734375,2.079240573115771
2024-06-28,BDL,487,1596.5999755859375,777544.1881103516,1557.3499755859375,19114.75,2.520306971156729
2024-06-28,HUDCO,2775,281.20001220703125,780330.0338745117,273.79998779296875,20535.067749023438,2.7027117399500975
2024-06-28,HAVELLS,398,1822.4000244140625,725315.2097167969,1907.300048828125,-33790.209716796875,-4.451319784017539
2024-06-28,BHARTIARTL,553,1444.050048828125,798559.6770019531,1372.75,39428.927001953125,5.193957299444545
2024-06-28,BHEL,2508,300.8500061035156,754531.8153076172,281.70001220703125,48028.18469238281,6.798009608324181
2024-06-28,BEL,3023,305.8999938964844,924735.6815490723,233.75,218109.43154907227,30.866307549298128
2024-07-31,TARIL,2253,372.2250061035156,838622.9387512207,313.54998779296875,132194.8162536621,18.71313047197084
2024-07-31,PREMEXPLN,1060,661.0499877929688,700712.9870605469,746.5499877929688,-90630.0,-11.452682526024049
2024-07-31,SIEMENS,206,4187.0087890625,862523.810546875,3429.074951171875,156134.37060546875,22.103157518665597
2024-07-31,ITDCEM,1506,512.75,772201.5,525.6500244140625,-19427.436767578125,-2.4541089726842578
2024-07-31,KIRLOSENG,609,1234.199951171875,751627.7702636719,1246.0999755859375,-7247.1148681640625,-0.9549815141009779
2024-07-31,CUMMINSIND,229,3852.35009765625,882188.1723632812,3006.25,193756.92236328125,28.144701793139294
2024-07-31,BLUESTARCO,484,1723.699951171875,834270.7763671875,1634.550048828125,43148.552734375,5.454094379530634
2024-07-31,HAL,179,4922.85009765625,881190.1674804688,3939.35009765625,176046.5,24.96604707931752
2024-07-31,POWERINDIA,73,11607.099609375,847318.271484375,9578.75,148069.521484375,21.175514648310063
2024-07-31,EXIDEIND,1402,523.2999877929688,733666.5828857422,564.5,-57762.41711425781,-7.298496405142825
2024-07-31,JWL,1148,609.2999877929688,699476.3859863281,689.25,-91782.61401367188,-11.599566515347298
2024-07-31,SHARDAMOTR,359,2440.35009765625,876085.6850585938,2202.199951171875,85495.90258789062,10.814192705691696
2024-08-30,ZENTEC,473,1696.6500244140625,802515.4615478516,1705.1500244140625,-4020.5,-0.4984898617891901
2024-08-30,MARINE,3090,261.6499938964844,808498.4811401367,261.1099853515625,1668.6264038085938,0.2068126748177781
2024-08-30,M&M,303,2805.39990234375,850036.1704101562,2506.25,90642.42041015625,11.936155704488778
2024-08-30,MOTHERSON,7536,130.18666076660156,981086.6755371094,100.83333587646484,221206.6563720703,29.110734694028878
2024-08-30,OFSS,73,10988.7001953125,802175.1142578125,11044.849609375,-4098.9072265625,-0.5083764473790544
2024-08-30,NAVA,1764,476.2250061035156,840060.9107666016,457.45001220703125,33119.08923339844,4.1042722473438795
2024-08-30,RTNPOWER,39683,16.200000762939453,642864.6302757263,19.149999618530273,-117064.80458641052,-15.404694069739241
2024-08-30,KIRLOSBROS,331,1805.5999755859375,597653.5919189453,2437.0,-208993.4080810547,-25.908905392452297
2024-08-30,WALCHANNAG,1926,339.6000061035156,654069.6117553711,418.8900146484375,-152712.55645751953,-18.928598384343854
2024-08-30,COCHINSHIP,390,1886.6500244140625,735793.5095214844,1947.6500244140625,-23790.0,-3.1319795258571386
2024-08-30,VEEDOL,345,2609.39990234375,900242.9663085938,2291.25,109761.71630859375,13.885429453082379
2024-09-30,OIL,1397,580.6500244140625,811168.0841064453,577.5499877929688,4330.751159667969,0.536756417040217
2024-09-30,ERIS,564,1332.699951171875,751642.7724609375,1388.199951171875,-31302.0,-3.99798314019163
2024-09-30,AURIONPRO,405,1637.199951171875,663065.9802246094,1932.5,-119596.51977539062,-15.280726976875808
2024-09-30,SHAILY,743,1009.8499755859375,750318.5318603516,1054.550048828125,-33212.15441894531,-4.238781581951537
2024-09-30,GRANULES,1091,558.5999755859375,609432.5733642578,718.0999755859375,-174014.5,-22.211391926292034
2024-09-30,DIXON,84,13802.9501953125,1159447.81640625,8341.75,458740.81640625,65.46827938157462
2024-09-30,SHAKTIPUMP,1836,711.7750244140625,1306818.9448242188,413.82501220703125,547036.2224121094,71.99903423381542
2024-09-30,WOCKPHARMA,745,978.3499755859375,728870.7318115234,1050.5999755859375,-53826.25,-6.877022813531378
2024-09-30,GVT&D,509,1681.0,855629.0,1585.050048828125,48838.525146484375,6.05343353308078
2024-10-31,KALYANKJIL,1392,657.1500244140625,914752.833984375,579.4000244140625,108228.0,13.419053628557794
2024-10-31,SUNPHARMA,440,1848.9000244140625,813516.0107421875,1926.699951171875,-34231.9677734375,-4.037988723178838
2024-10-31,PCBL,1602,410.95001220703125,658341.9195556641,488.8999938964844,-124875.8706665039,-15.943952272979084
2024-10-31,BAJAJ-AUTO,68,9836.2998046875,668868.38671875,12345.9501953125,-170656.2265625,-20.327721648981395
2024-10-31,SUZLON,11631,66.94999694824219,778695.4145050049,69.37999725341797,-28263.33354949951,-3.5024508523687907
2024-10-31,GMRP&UI,5681,117.77999877929688,669108.1730651855,137.91000366210938,-114358.55773925781,-14.596479115563387
2024-10-31,COLPAL,215,3062.5,658437.5,3640.35009765625,-124237.77099609375,-15.873475961234734
2024-10-31,HSCL,1283,573.0499877929688,735223.1343383789,661.6500244140625,-113673.84698486328,-13.390770551177006
2024-10-31,OPTIEMUS,1041,672.4000244140625,699968.4254150391,815.3499755859375,-148810.89916992188,-17.532342607742944
2024-10-31,POCL,870,979.7999877929688,852425.9893798828,975.125,4067.2393798828125,0.4794244628092552
2024-11-29,ANANTRAJ,1205,673.4500122070312,811507.2647094727,704.4000244140625,-37294.764709472656,-4.393811915718805
2024-11-29,TIPSMUSIC,840,859.0499877929688,721601.9897460938,888.6500244140625,-24864.03076171875,-3.330899207549197
2024-11-29,JUBLPHARMA,616,1234.25,760298.0,1211.75,13860.0,1.8568186507117805
2024-11-29,GLENMARK,549,1528.6500244140625,839228.8634033203,1468.75,32885.11340332031,4.078299534574468
2024-11-29,MCX,149,6185.35009765625,921617.1645507812,5660.2998046875,78232.49365234375,9.276015601398653
2024-11-29,PPLPHARMA,3707,268.75,996256.25,229.00999450683594,147316.20036315918,17.352956834369877
2024-11-29,SARDAEN,1916,447.0,856452.0,443.0,7664.0,0.9029345372460496
2024-11-29,TRENT,226,6795.39990234375,1535760.3779296875,2787.0,905898.3779296875,143.82489782360065
2024-11-29,POLYMED,259,2782.60009765625,720693.4252929688,2874.300048828125,-23750.287353515625,-3.1903402433320003
2024-12-31,WABAG,420,1643.0999755859375,690101.9897460938,1777.949951171875,-56636.98974609375,-7.584576579169494
2024-12-31,PCJEWELLER,70672,15.869999885559082,1121564.6319122314,11.086999893188477,338024.17546081543,43.14061548164295
2024-12-31,ANUP,214,3498.64990234375,748711.0791015625,3481.60009765625,3648.658203125,0.4897117477385648
2024-12-31,AVALON,941,964.0,907124.0,964.9000244140625,-846.9229736328125,-0.0932764422520397
2024-12-31,STAR,584,659.4000244140625,385089.6142578125,1340.050048828125,-397499.6142578125,-50.79288083376375
2024-12-31,NEULANDLAB,51,13723.7998046875,699913.7900390625,14606.599609375,-45022.7900390625,-6.04384201865087
2024-12-31,DIVISLAB,126,6098.7998046875,768448.775390625,5889.64990234375,26352.8876953125,3.5511432056516647
2024-12-31,KITEX,3835,222.39999389648438,852903.9765930176,194.6999969482422,106229.48829650879,14.22701457751218
2024-12-31,SHARDACROP,1127,796.0999755859375,897204.6724853516,805.8499755859375,-10988.25,-1.2099026239854045
2024-12-31,WINDMACHIN,2652,356.25,944775.0,342.6400146484375,36093.68115234375,3.9720945510485386
2024-12-31,E2E,204,4047.85009765625,825761.419921875,4437.89990234375,-79570.16015625,-8.78906269340384
2024-12-31,PIXTRANS,357,2508.0,895356.0,2545.449951171875,-13369.632568359375,-1.471250737207926
2025-01-31,63MOONS,898,752.75,675969.5,904.4000244140625,-136181.72192382812,-16.76802524550048
2025-01-31,ANANTRAJ,949,598.2999877929688,567786.6884155273,855.3499755859375,-243940.43841552734,-30.05202491727233
2025-01-31,ZENTEC,332,1741.0999755859375,578045.1918945312,2445.64990234375,-233910.57568359375,-28.80829042957531
2025-01-31,POLICYBZR,385,1726.800048828125,664818.0187988281,2108.85009765625,-147089.26879882812,-18.116510474249957
2025-01-31,GRWRHITECH,182,3631.64990234375,660960.2822265625,4086.199951171875,-82728.10888671875,-11.124028541426743
2025-01-31,KFINTECH,528,1090.25,575652.0,1537.25,-236016.0,-29.077898845340705
2025-01-31,KERNEX,603,1300.699951171875,784322.0705566406,1345.800048828125,-27195.35888671875,-3.351173727146285
2025-01-31,PAYTM,798,775.75,619048.5,1017.8499755859375,-193195.78051757812,-23.785428245117338
2025-01-31,SHAILY,700,1537.8499755859375,1076494.9829101562,1297.3499755859375,168350.0,18.53778891785774
2025-01-31,PGEL,1815,782.5,1420237.5,444.5,613470.0,76.04049493813272
2025-01-31,WEBELSOLAR,826,1346.9000244140625,1112539.4201660156,948.2999877929688,329243.63024902344,42.0331162872603
2025-01-31,SHAKTIPUMP,761,941.5999755859375,716557.5814208984,1067.5999755859375,-95886.0,-11.802173368432932
2025-01-31,BBOX,1444,515.2000122070312,743948.8176269531,628.9500122070312,-164255.0,-18.085698035181363
2025-01-31,COFORGE,523,1652.77001953125,864398.7202148438,1737.1700439453125,-44141.21276855469,-4.858478000367791
2025-01-31,GVT&D,391,1787.5,698912.5,2075.89990234375,-112764.36181640625,-13.892765350493939
2025-02-28,TI,2134,221.6999969482422,473107.7934875488,367.5,-311137.2065124512,-39.67347021816539
2025-02-28,JINDRILL,864,781.7999877929688,675475.189453125,907.75,-108820.810546875,-13.87496691897893
2025-02-28,AEROFLEX,3233,171.75,555267.75,242.64999389648438,-229219.68026733398,-29.21903798882049
2025-02-28,POKARNA,602,1104.25,664758.5,1302.3499755859375,-119256.18530273438,-15.210963204941189
2025-02-28,SARDAEN,1658,453.54998779296875,751985.8797607422,473.20001220703125,-32579.740478515625,-4.152583243270365
2025-02-28,INDHOTEL,925,716.0999755859375,662392.4774169922,877.5499877929688,-149341.2612915039,-18.39781373743469
2025-02-28,GANESHHOUC,579,1082.6500244140625,626854.3641357422,1354.699951171875,-157516.90759277344,-20.081932277511147
2025-02-28,JUBLFOOD,1114,626.0999755859375,697475.3728027344,703.9000244140625,-86669.25439453125,-11.05271290378019
2025-02-28,GREAVESCOT,2950,228.64999389648438,674517.4819946289,265.95001220703125,-110035.05401611328,-14.025198946601414
2025-02-28,NEULANDLAB,55,10611.0,583605.0,14123.349609375,-193179.228515625,-24.869097675267643
2025-02-28,DIXON,57,13935.849609375,794343.427734375,15807.400390625,-106678.39453125,-11.839712634595964
2025-02-28,WOCKPHARMA,617,1155.5,712943.5,1208.3499755859375,-32608.434936523438,-4.373730844022252
2025-02-28,LLOYDSME,659,1021.0999755859375,672904.8839111328,1231.8499755859375,-138884.25,-17.108414512875676
2025-03-28,SRF,235,2939.14990234375,690700.2270507812,2795.39990234375,33781.25,5.142376941470004
2025-03-28,BAJAJHLDNG,56,12473.0498046875,698490.7890625,11574.349609375,50327.2109375,7.764584841852108
2025-03-28,BLUESTARCO,343,2136.39990234375,732785.1665039062,1917.6500244140625,75031.20812988281,11.407184582417559
2025-03-28,FSL,1902,340.25,647155.5,346.0,-10936.5,-1.6618497109826589
2025-03-28,PGIL,554,1318.25,730310.5,1414.0,-53045.5,-6.771570014144272
2025-03-28,PGEL,828,916.5999755859375,758944.7797851562,794.7999877929688,100850.38989257812,15.324608664273844
2025-03-28,LAURUSLABS,1343,613.4000244140625,823796.2327880859,584.0499877929688,39417.099182128906,5.0252610623283855
2025-03-28,JINDWORLD,7961,71.37000274658203,568176.5918655396,82.69999694824219,-90198.0838394165,-13.70011441324603
2025-03-28,BSE,443,1826.5999755859375,809183.7891845703,1768.6500244140625,25671.828369140625,3.276507526754666
2025-04-30,MUTHOOTFIN,347,2169.89990234375,752955.2661132812,2258.800048828125,-30848.350830078125,-3.935724480371637
2025-04-30,JSWSTEEL,676,1029.800048828125,696144.8330078125,1063.199951171875,-22578.333984375,-3.141450703316542
2025-04-30,SBICARD,784,873.5499877929688,684863.1904296875,838.7999877929688,27244.0,4.142823140881702
2025-04-30,JSWHL,31,23280.0,721680.0,22985.849609375,9118.662109375,1.2797020585440007
2025-04-30,BAJAJHCARE,1228,521.0999755859375,639910.7700195312,638.5,-144167.22998046875,-18.38684798967306
2025-04-30,SARDAEN,1399,452.0,632348.0,513.9000244140625,-86598.13415527344,-12.04514914834642
2025-04-30,BLUEJET,1045,711.1500244140625,743151.7755126953,750.4500122070312,-41068.487243652344,-5.23685617345647
2025-04-30,WOCKPHARMA,505,1296.699951171875,654833.4753417969,1424.4000244140625,-64488.53698730469,-8.965183309001828
2025-04-30,LLOYDSME,558,1203.199951171875,671385.5727539062,1287.25,-46899.92724609375,-6.529426982181007
2025-05-30,BAJFINANCE,771,918.0499877929688,707816.5405883789,853.030029296875,50130.38800048828,7.622235591130079
2025-05-30,ICICIBANK,484,1445.800048828125,699767.2236328125,1427.0,9099.2236328125,1.3174526158461808
2025-05-30,KOTAKBANK,346,2074.699951171875,717846.1831054688,1902.949951171875,59425.5,9.025460700857261
2025-05-30,VADILALIND,109,5338.0,581842.0,6325.7998046875,-107670.1787109375,-15.615413626519251
2025-05-30,MANAPPURAM,2996,238.66000366210938,715025.3709716797,230.85000610351562,23398.752685546875,3.383148084081775
2025-05-30,CHAMBLFERT,1233,551.0,679383.0,533.7000122070312,21330.88494873047,3.241519092612985
2025-05-30,ASTRAZEN,79,7972.0,629788.0,8681.0,-56011.0,-8.167261836193987
2025-05-30,UPL,1130,627.9000244140625,709527.0275878906,636.25,-9435.472412109375,-1.3123733730353633
2025-05-30,CARTRADE,546,1553.0,847938.0,1485.699951171875,36745.82666015625,4.529854683985199
2025-05-30,NACLIND,7068,176.67999267578125,1248774.1882324219,101.77999877929688,529393.1568603516,73.59009117194037
2025-05-30,VIMTALABS,1384,489.29998779296875,677191.1831054688,499.45001220703125,-14047.6337890625,-2.0322402975245355
2025-05-30,SHREECEM,23,29595.0,680685.0,30502.94921875,-20882.83203125,-2.976594860512335
2025-05-30,NAVINFLUOR,175,4261.2001953125,745710.0341796875,3762.25,87316.2841796875,13.262015956209716
2025-05-30,BHARTIARTL,370,1856.199951171875,686793.9819335938,1864.5,-3071.01806640625,-0.4451621790359346
2025-05-30,AVANTIFEED,950,844.0,801800.0,692.6500244140625,143782.47680664062,21.85085833411612
2025-05-30,INDIASHLTR,798,873.3499755859375,696933.2805175781,866.75,5266.780517578125,0.7614624269901933
2025-06-30,BHARTIHEXA,409,1952.699951171875,798654.2800292969,1689.0999755859375,107812.39001464844,15.605942774020608
2025-06-30,BDL,367,1943.199951171875,713154.3820800781,2015.5,-26534.117919921875,-3.5872016287831805
2025-06-30,MAZDOCK,272,3244.300048828125,882449.61328125,2643.800048828125,163336.0,22.713518000961308
2025-06-30,POWERINDIA,38,20007.0,760266.0,19298.0,26942.0,3.673955850347186
2025-06-30,SHAILY,366,1663.5,608841.0,2016.800048828125,-129307.81787109375,-17.517852056450135
2025-06-30,APOLLO,3917,192.36000061035156,753474.1223907471,188.9199981689453,13474.489562988281,1.8208778714522125
2025-06-30,PARADEEP,4295,159.97999572753906,687114.0816497803,172.27999877929688,-52828.513107299805,-7.1395421052417145
2025-06-30,KITEX,2483,281.3500061035156,698592.0651550293,297.9599914550781,-41242.59362792969,-5.574569011916052
2025-06-30,MANGCHEFER,2797,272.95001220703125,763441.1841430664,264.55999755859375,23466.870971679688,3.1713088622097194
2025-06-30,COROMANDEL,312,2505.199951171875,781622.384765625,2214.199951171875,90792.0,13.142444513468035
2025-07-31,ANURAS,736,1133.4000244140625,834182.41796875,1004.75,94686.41796875,12.804182574178899
2025-07-31,CAMLINFINE,4610,267.45001220703125,1232944.556274414,142.80999755859375,574590.4675292969,87.2768130937743
2025-07-31,ASTERDM,1323,604.9000244140625,800282.7322998047,559.2999877929688,60328.84844970703,8.153055179034462
2025-07-31,BEL,1924,383.1000061035156,737084.4117431641,384.6000061035156,-2886.0,-0.39001559443456507
2025-07-31,CARERATING,418,1696.699951171875,709220.5795898438,1788.199951171875,-38247.0,-5.116877446509077
2025-07-31,ITDCEM,1035,777.7000122070312,804919.5126342773,714.8499755859375,65049.78790283203,8.792059700299742
2025-07-31,SOLARINDS,45,14220.0,639900.0,16104.0,-84780.0,-11.698956780923995
2025-07-31,MFSL,492,1501.4000244140625,738688.8120117188,1502.699951171875,-639.56396484375,-0.08650607573379882
2025-07-31,RPOWER,10635,52.72999954223633,560783.5451316833,70.29000091552734,-186750.61460494995,-24.98221815986908
2025-07-31,BHARTIARTL,372,1914.300048828125,712119.6181640625,2009.5999755859375,-35451.57275390625,-4.742233674143332
2025-07-31,HDFCLIFE,918,755.5,693549.0,814.2999877929688,-53978.38879394531,-7.220924557832404
2025-07-31,AXISCADES,504,1325.4000244140625,668001.6123046875,1480.9000244140625,-78372.0,-10.50037122266411
2025-07-31,NDRAUTO,647,987.4000244140625,638847.8157958984,1154.1500244140625,-107887.25,-14.447861757370358
2025-07-31,BSE,276,2427.39990234375,669962.373046875,2674.0,-68061.626953125,-9.222142769493269
2025-07-31,INDIAGLYCO,782,856.0999755859375,669470.1809082031,946.25,-70497.31909179688,-9.527083161327608
2025-07-31,LUMAXTECH,635,1101.9000244140625,699706.5155029297,1176.0999755859375,-47116.968994140625,-6.308983310275838
2025-07-31,DEEPAKFERT,437,1598.800048828125,698675.6213378906,1707.4000244140625,-47458.18933105469,-6.360546681098141
2025-07-31,GRMOVER,2061,371.3999938964844,765455.3874206543,362.6000061035156,18136.774841308594,2.4269133052514387
2025-08-29,ANANDRATHI,278,2793.89990234375,776704.1728515625,2645.60009765625,41227.345703125,5.605526126903288
2025-08-29,NESCO,535,1404.5999755859375,751460.9869384766,1378.5999755859375,13910.0,1.8859713086059926
2025-08-29,THYROCARE,556,1265.300048828125,703506.8271484375,1325.9000244140625,-33693.58642578125,-4.570478502911081
2025-08-29,SHARDACROP,648,949.0999755859375,615016.7841796875,1137.550048828125,-122115.6474609375,-16.5663105053113
2025-08-29,HDFCAMC,130,5463.0,710190.0,5650.0,-24310.0,-3.3097345132743365
2025-08-29,GLENMARK,345,1923.9000244140625,663745.5084228516,2134.10009765625,-72519.02526855469,-9.849588286558687
2025-08-29,SHANKARA,634,925.2000122070312,586576.8077392578,1162.4000244140625,-150384.8077392578,-20.406057056528194
2025-08-29,GALLANTT,963,574.9500122070312,553676.8617553711,766.2000122070312,-184173.75,-24.960845334510807
2025-08-29,MANGCHEFER,2085,345.54998779296875,720471.7245483398,353.8500061035156,-17305.538177490234,-2.3456318121748967
2025-08-29,EIDPARRY,598,1125.800048828125,673228.4291992188,1233.5,-64404.57080078125,-8.731248574939197
2025-09-30,CARTRADE,282,2450.1,690928.2,2398.0,14692.199999999953,2.1726438698915693
2025-09-30,SYRMA,898,767.4,689125.2,753.25,12706.699999999953,1.878526385662124
2025-09-30,MFSL,422,1575.9,665029.8,1602.199951171875,-11098.579394531203,-1.6414899496557018
2025-09-30,PAYTM,560,1123.8,629328.0,1207.0,-46592.0,-6.893123446561724
2025-09-30,JKCEMENT,121,6300.0,762300.0,6150.0,18150.0,2.4390243902439024
2025-09-30,LAURUSLABS,843,841.8,709637.3999999999,874.3499755859375,-27439.629418945406,-3.722762794626322
2025-09-30,BOSCHLTD,16,38145.0,610320.0,39960.0,-29040.0,-4.542042042042042
2025-09-30,SMLISUZU,223,3109.5,693418.5,3306.0,-43819.5,-5.943738656987295
2025-09-30,LUMAXTECH,576,1249.8,719884.7999999999,1174.699951171875,43257.62812499993,6.393126070466372
2025-10-31,ANANDRATHI,244,3088.4,753569.6,2826.8,63830.39999999991,9.254280458468926
2025-10-31,YATHARTH,973,796.25,774751.25,695.0499877929688,98467.6118774414,14.560105601667203
2025-10-31,GMDCLTD,1152,594.3,684633.6,599.05,-5472.0,-0.7929221267006092
2025-10-31,BANCOINDIA,831,709.5,589594.5,830.4,-100467.90000000002,-14.559248554913298
2025-10-31,ASHAPURMIN,1060,664.5,704370.0,651.0,14310.0,2.0737327188940093
2025-10-31,AIIL,311,2908.1,904419.1,2379.199951171875,164487.91518554685,22.23016390730906
2025-10-31,IXIGO,2503,269.65,674933.95,270.3800048828125,-1827.202221679734,-0.2699921849357595
2025-10-31,IMFA,622,1202.6,748017.2,1108.05,58810.09999999998,8.533008438247368
2025-10-31,PARADEEP,3425,166.4,569920.0,215.44000244140625,-167962.0083618164,-22.762719033455163
2025-10-31,FEDFINA,4469,141.67,633123.23,154.42,-56979.75,-8.256702499676209
2025-10-31,TATAINVEST,668,799.0,533732.0,1033.0,-156312.0,-22.65246853823814
2025-11-28,TDPOWERSYS,888,776.95,689931.6000000001,774.9,1820.4000000001397,0.26455026455028485
2025-11-28,MARUTI,43,15900.0,683700.0,16029.0,-5547.0,-0.8047913157402208
2025-11-28,CARTRADE,228,3087.7,703995.6,3019.5,15549.599999999977,2.2586520947176654
2025-11-28,NETWEB,189,3291.4,622074.6,3648.5,-67491.90000000002,-9.78758393860491
2025-11-28,GPIL,2426,235.2,570595.2,283.74,-117758.04000000004,-17.107210826813287
2025-11-28,TFCILTD,12538,72.98,915023.2400000001,58.847999572753906,177187.02135681163,24.014410905802634
2025-11-28,MTARTECH,270,2532.4,683748.0,2548.1,-4239.0,-0.6161453632118049
2025-11-28,GABRIEL,711,1028.7,731405.7000000001,1037.25,-6079.04999999993,-0.8242950108459774
2025-11-28,APOLLO,2575,263.2,677740.0,262.7900085449219,1055.7279968261719,0.15601485663334883
2025-11-28,FORTIS,860,919.1,790426.0,857.4500122070312,53018.989501953125,7.189922084703798
2025-11-28,TVSMOTOR,196,3531.5,692174.0,3508.7,4468.800000000047,0.6498133211730909
2025-11-28,GVT&D,270,2881.4,777978.0,2726.800048828125,41741.98681640625,5.669647513697097
2025-12-31,SBIN,727,977.8,710860.6,979.0,-872.4000000000233,-0.12257405515832809
2025-12-31,HEROMOTOCO,115,5732.5,659237.5,6174.5,-50830.0,-7.158474370394365
2025-12-31,LGBBROSLTD,363,1786.5,648499.5,1961.5,-63525.0,-8.921743563599287
2025-12-31,ABDL,1040,592.8,616512.0,662.05,-72020.0,-10.459935050222793
2025-12-31,CUMMINSIND,158,4440.0,701520.0,4344.1,15152.199999999953,2.207591906263661
2025-12-31,IMFA,528,1462.7,772305.6,1348.1,60508.80000000005,8.500853052444187
2025-12-31,RBLBANK,2110,312.2,658742.0,326.35,-29856.5,-4.335835759154282
2025-12-31,INDIANB,801,823.6,659703.6,858.7,-28115.100000000093,-4.087574240130443
2025-12-31,LUMAXTECH,463,1496.7,692972.1,1536.3,-18334.800000000047,-2.577621558289403
2025-12-31,GRMOVER,1516,160.95,244000.19999999998,469.45,-467686.0,-65.71519863670254
